anime_name,character_name,gender,affiliation,role,devil_fruit,haki,fighting_style,major_arcs,school,position,school_year,special_roles,trait,question,category,difficulty,source_note
Haikyuu!!,Aaron Murphy,Male,Kamomedai High,coach,,,,,Kamomedai High,coach,,non-Japanese coach,gender male,Is your character male?,gender,easy,https://haikyuu.fandom.com/wiki/Kamomedai_High
Haikyuu!!,Aaron Murphy,Male,Kamomedai High,coach,,,,,Kamomedai High,coach,,non-Japanese coach,role coach,Is your character a coach?,role,easy,https://haikyuu.fandom.com/wiki/Kamomedai_High
Haikyuu!!,Aaron Murphy,Male,Kamomedai High,coach,,,,,Kamomedai High,coach,,non-Japanese coach,signature aaron murphy,Is your character the coach of Kamomedai High?,signature fact,hard,https://haikyuu.fandom.com/wiki/Kamomedai_High
Haikyuu!!,Aaron Murphy,Male,Kamomedai High,coach,,,,,Kamomedai High,coach,,non-Japanese coach,non-japanese coach,Is your character a non-Japanese volleyball coach?,story fact,easy,https://haikyuu.fandom.com/wiki/Kamomedai_High
Haikyuu!!,Aaron Murphy,Male,Kamomedai High,coach,,,,,Kamomedai High,coach,,non-Japanese coach,team kamomedai high,Does your character belong to Kamomedai High?,team,easy,https://haikyuu.fandom.com/wiki/Kamomedai_High
Haikyuu!!,Aikichi Suwa,Male,Kamomedai High,setter,,,,,Kamomedai High,setter,3rd year,captain,gender male,Is your character male?,gender,easy,https://haikyuu.fandom.com/wiki/Kamomedai_High
Haikyuu!!,Aikichi Suwa,Male,Kamomedai High,setter,,,,,Kamomedai High,setter,3rd year,captain,captain,Is your character the team captain?,official role,easy,https://haikyuu.fandom.com/wiki/Kamomedai_High
Haikyuu!!,Aikichi Suwa,Male,Kamomedai High,setter,,,,,Kamomedai High,setter,3rd year,captain,setter,Is your character a setter?,position,easy,https://haikyuu.fandom.com/wiki/Kamomedai_High
Haikyuu!!,Aikichi Suwa,Male,Kamomedai High,setter,,,,,Kamomedai High,setter,3rd year,captain,year 3rd year,Is your character a third-year high-school student?,school year,easy,https://haikyuu.fandom.com/wiki/Kamomedai_High
Haikyuu!!,Aikichi Suwa,Male,Kamomedai High,setter,,,,,Kamomedai High,setter,3rd year,captain,signature aikichi suwa,Does your character wear jersey number 1 for Kamomedai High and play as a setter?,signature fact,hard,https://haikyuu.fandom.com/wiki/Kamomedai_High
Haikyuu!!,Aikichi Suwa,Male,Kamomedai High,setter,,,,,Kamomedai High,setter,3rd year,captain,team kamomedai high,Does your character belong to Kamomedai High?,team,easy,https://haikyuu.fandom.com/wiki/Kamomedai_High
Haikyuu!!,Akifumi Kaikake,Male,Tsubakihara Academy,libero,,,,,Tsubakihara Academy,libero,2nd year,,gender male,Is your character male?,gender,easy,https://haikyuu.fandom.com/wiki/Tsubakihara_Academy
Haikyuu!!,Akifumi Kaikake,Male,Tsubakihara Academy,libero,,,,,Tsubakihara Academy,libero,2nd year,,libero,Is your character a libero?,position,easy,https://haikyuu.fandom.com/wiki/Tsubakihara_Academy
Haikyuu!!,Akifumi Kaikake,Male,Tsubakihara Academy,libero,,,,,Tsubakihara Academy,libero,2nd year,,year 2nd year,Is your character a second-year high-school student?,school year,easy,https://haikyuu.fandom.com/wiki/Tsubakihara_Academy
Haikyuu!!,Akifumi Kaikake,Male,Tsubakihara Academy,libero,,,,,Tsubakihara Academy,libero,2nd year,,signature akifumi kaikake,Does your character wear jersey number 12 for Tsubakihara Academy and play as a libero?,signature fact,hard,https://haikyuu.fandom.com/wiki/Tsubakihara_Academy
Haikyuu!!,Akifumi Kaikake,Male,Tsubakihara Academy,libero,,,,,Tsubakihara Academy,libero,2nd year,,team tsubakihara academy,Does your character belong to Tsubakihara Academy?,team,easy,https://haikyuu.fandom.com/wiki/Tsubakihara_Academy
Haikyuu!!,Akihiko Seguro,Male,Nohebi Academy,middle blocker,,,,,Nohebi Academy,middle blocker,2nd year,,gender male,Is your character male?,gender,easy,https://haikyuu.fandom.com/wiki/Nohebi_Academy
Haikyuu!!,Akihiko Seguro,Male,Nohebi Academy,middle blocker,,,,,Nohebi Academy,middle blocker,2nd year,,middle blocker,Is your character a middle blocker?,position,easy,https://haikyuu.fandom.com/wiki/Nohebi_Academy
Haikyuu!!,Akihiko Seguro,Male,Nohebi Academy,middle blocker,,,,,Nohebi Academy,middle blocker,2nd year,,year 2nd year,Is your character a second-year high-school student?,school year,easy,https://haikyuu.fandom.com/wiki/Nohebi_Academy
Haikyuu!!,Akihiko Seguro,Male,Nohebi Academy,middle blocker,,,,,Nohebi Academy,middle blocker,2nd year,,signature akihiko seguro,Does your character wear jersey number 10 for Nohebi Academy and play as a middle blocker?,signature fact,hard,https://haikyuu.fandom.com/wiki/Nohebi_Academy
Haikyuu!!,Akihiko Seguro,Male,Nohebi Academy,middle blocker,,,,,Nohebi Academy,middle blocker,2nd year,,team nohebi academy,Does your character belong to Nohebi Academy?,team,easy,https://haikyuu.fandom.com/wiki/Nohebi_Academy
Haikyuu!!,Akinori Konoha,Male,Fukurodani Academy,wing spiker,,,,,Fukurodani Academy,wing spiker,3rd year,,gender male,Is your character male?,gender,easy,https://haikyuu.fandom.com/wiki/Fukur%C5%8Ddani_Academy
Haikyuu!!,Akinori Konoha,Male,Fukurodani Academy,wing spiker,,,,,Fukurodani Academy,wing spiker,3rd year,,wing spiker,Is your character a wing spiker?,position,easy,https://haikyuu.fandom.com/wiki/Fukur%C5%8Ddani_Academy
Haikyuu!!,Akinori Konoha,Male,Fukurodani Academy,wing spiker,,,,,Fukurodani Academy,wing spiker,3rd year,,year 3rd year,Is your character a third-year high-school student?,school year,easy,https://haikyuu.fandom.com/wiki/Fukur%C5%8Ddani_Academy
Haikyuu!!,Akinori Konoha,Male,Fukurodani Academy,wing spiker,,,,,Fukurodani Academy,wing spiker,3rd year,,signature akinori konoha,Does your character wear jersey number 7 for Fukurodani Academy and play as a wing spiker?,signature fact,hard,https://haikyuu.fandom.com/wiki/Fukur%C5%8Ddani_Academy
Haikyuu!!,Akinori Konoha,Male,Fukurodani Academy,wing spiker,,,,,Fukurodani Academy,wing spiker,3rd year,,team fukurodani academy,Does your character belong to Fukurodani Academy?,team,easy,https://haikyuu.fandom.com/wiki/Fukur%C5%8Ddani_Academy
Haikyuu!!,Akira Kunimi,Male,Aoba Johsai High,wing spiker,,,,,Aoba Johsai High,wing spiker,1st year,,wing spiker,Is your character a wing spiker?,position,easy,https://haikyuu.fandom.com/wiki/Akira_Kunimi
Haikyuu!!,Akira Kunimi,Male,Aoba Johsai High,wing spiker,,,,,Aoba Johsai High,wing spiker,1st year,,former kitagawa daiichi player,Did your character play for Kitagawa Daiichi before high school?,relationship,medium,https://haikyuu.fandom.com/wiki/Akira_Kunimi
Haikyuu!!,Akira Kunimi,Male,Aoba Johsai High,wing spiker,,,,,Aoba Johsai High,wing spiker,1st year,,year 1st year,Is your character a first-year high-school student?,school year,easy,https://haikyuu.fandom.com/wiki/Akira_Kunimi
Haikyuu!!,Akira Kunimi,Male,Aoba Johsai High,wing spiker,,,,,Aoba Johsai High,wing spiker,1st year,,team aoba johsai,Does your character play for Aoba Johsai?,team,easy,https://haikyuu.fandom.com/wiki/Akira_Kunimi
Haikyuu!!,Aoi Himekawa,Male,Tsubakihara Academy,wing spiker,,,,,Tsubakihara Academy,wing spiker,1st year,pinch server; ceiling serve,ceiling serve,Does your character use an underhand ceiling serve?,concrete ability,medium,https://haikyuu.fandom.com/wiki/Tsubakihara_Academy
Haikyuu!!,Aoi Himekawa,Male,Tsubakihara Academy,wing spiker,,,,,Tsubakihara Academy,wing spiker,1st year,pinch server; ceiling serve,gender male,Is your character male?,gender,easy,https://haikyuu.fandom.com/wiki/Tsubakihara_Academy
Haikyuu!!,Aoi Himekawa,Male,Tsubakihara Academy,wing spiker,,,,,Tsubakihara Academy,wing spiker,1st year,pinch server; ceiling serve,pinch server,Is your character used as a pinch server?,official role,easy,https://haikyuu.fandom.com/wiki/Tsubakihara_Academy
Haikyuu!!,Aoi Himekawa,Male,Tsubakihara Academy,wing spiker,,,,,Tsubakihara Academy,wing spiker,1st year,pinch server; ceiling serve,wing spiker,Is your character a wing spiker?,position,easy,https://haikyuu.fandom.com/wiki/Tsubakihara_Academy
Haikyuu!!,Aoi Himekawa,Male,Tsubakihara Academy,wing spiker,,,,,Tsubakihara Academy,wing spiker,1st year,pinch server; ceiling serve,year 1st year,Is your character a first-year high-school student?,school year,easy,https://haikyuu.fandom.com/wiki/Tsubakihara_Academy
Haikyuu!!,Aoi Himekawa,Male,Tsubakihara Academy,wing spiker,,,,,Tsubakihara Academy,wing spiker,1st year,pinch server; ceiling serve,signature aoi himekawa,Does your character wear jersey number 14 for Tsubakihara Academy and play as a wing spiker?,signature fact,hard,https://haikyuu.fandom.com/wiki/Tsubakihara_Academy
Haikyuu!!,Aoi Himekawa,Male,Tsubakihara Academy,wing spiker,,,,,Tsubakihara Academy,wing spiker,1st year,pinch server; ceiling serve,team tsubakihara academy,Does your character belong to Tsubakihara Academy?,team,easy,https://haikyuu.fandom.com/wiki/Tsubakihara_Academy
Haikyuu!!,Aran Ojiro,Male,Inarizaki High,wing spiker,,,,,Inarizaki High,wing spiker,3rd year,ace,ace,Is your character the official ace of their team?,official role,easy,https://haikyuu.fandom.com/wiki/Aran_Ojiro
Haikyuu!!,Aran Ojiro,Male,Inarizaki High,wing spiker,,,,,Inarizaki High,wing spiker,3rd year,ace,top national ace,Is your character recognized in the story as one of Japan's top high-school aces?,official role,easy,https://haikyuu.fandom.com/wiki/Aran_Ojiro
Haikyuu!!,Aran Ojiro,Male,Inarizaki High,wing spiker,,,,,Inarizaki High,wing spiker,3rd year,ace,wing spiker,Is your character a wing spiker?,position,easy,https://haikyuu.fandom.com/wiki/Aran_Ojiro
Haikyuu!!,Aran Ojiro,Male,Inarizaki High,wing spiker,,,,,Inarizaki High,wing spiker,3rd year,ace,year 3rd year,Is your character a third-year high-school student?,school year,easy,https://haikyuu.fandom.com/wiki/Aran_Ojiro
Haikyuu!!,Aran Ojiro,Male,Inarizaki High,wing spiker,,,,,Inarizaki High,wing spiker,3rd year,ace,team inarizaki,Does your character play for Inarizaki?,team,easy,https://haikyuu.fandom.com/wiki/Aran_Ojiro
Haikyuu!!,Arata Tsuchiyu,Male,Johzenji High,libero,,,,,Johzenji High,libero,2nd year,,gender male,Is your character male?,gender,easy,https://haikyuu.fandom.com/wiki/Johzenji_High
Haikyuu!!,Arata Tsuchiyu,Male,Johzenji High,libero,,,,,Johzenji High,libero,2nd year,,libero,Is your character a libero?,position,easy,https://haikyuu.fandom.com/wiki/Johzenji_High
Haikyuu!!,Arata Tsuchiyu,Male,Johzenji High,libero,,,,,Johzenji High,libero,2nd year,,year 2nd year,Is your character a second-year high-school student?,school year,easy,https://haikyuu.fandom.com/wiki/Johzenji_High
Haikyuu!!,Arata Tsuchiyu,Male,Johzenji High,libero,,,,,Johzenji High,libero,2nd year,,signature arata tsuchiyu,Does your character wear jersey number 11 for Johzenji High and play as a libero?,signature fact,hard,https://haikyuu.fandom.com/wiki/Johzenji_High
Haikyuu!!,Arata Tsuchiyu,Male,Johzenji High,libero,,,,,Johzenji High,libero,2nd year,,team johzenji high,Does your character belong to Johzenji High?,team,easy,https://haikyuu.fandom.com/wiki/Johzenji_High
Haikyuu!!,Asahi Azumane,Male,Karasuno High,wing spiker,,,,,Karasuno High,wing spiker,3rd year,ace,long hair,Does your character have long hair?,appearance,easy,https://haikyuu.fandom.com/wiki/Asahi_Azumane
Haikyuu!!,Asahi Azumane,Male,Karasuno High,wing spiker,,,,,Karasuno High,wing spiker,3rd year,ace,ace,Is your character the official ace of their team?,official role,easy,https://haikyuu.fandom.com/wiki/Asahi_Azumane
Haikyuu!!,Asahi Azumane,Male,Karasuno High,wing spiker,,,,,Karasuno High,wing spiker,3rd year,ace,wing spiker,Is your character a wing spiker?,position,easy,https://haikyuu.fandom.com/wiki/Asahi_Azumane
Haikyuu!!,Asahi Azumane,Male,Karasuno High,wing spiker,,,,,Karasuno High,wing spiker,3rd year,ace,year 3rd year,Is your character a third-year high-school student?,school year,easy,https://haikyuu.fandom.com/wiki/Asahi_Azumane
Haikyuu!!,Asahi Azumane,Male,Karasuno High,wing spiker,,,,,Karasuno High,wing spiker,3rd year,ace,team karasuno,Does your character play for Karasuno?,team,easy,https://haikyuu.fandom.com/wiki/Asahi_Azumane
Haikyuu!!,Atsumu Miya,Male,Inarizaki High,setter,,,,,Inarizaki High,setter,2nd year,,blond hair,Does your character have blond hair?,appearance,easy,https://haikyuu.fandom.com/wiki/Atsumu_Miya
Haikyuu!!,Atsumu Miya,Male,Inarizaki High,setter,,,,,Inarizaki High,setter,2nd year,,setter,Is your character a setter?,position,easy,https://haikyuu.fandom.com/wiki/Atsumu_Miya
Haikyuu!!,Atsumu Miya,Male,Inarizaki High,setter,,,,,Inarizaki High,setter,2nd year,,miya twin,Is your character one of the Miya twins?,relationship,medium,https://haikyuu.fandom.com/wiki/Atsumu_Miya
Haikyuu!!,Atsumu Miya,Male,Inarizaki High,setter,,,,,Inarizaki High,setter,2nd year,,year 2nd year,Is your character a second-year high-school student?,school year,easy,https://haikyuu.fandom.com/wiki/Atsumu_Miya
Haikyuu!!,Atsumu Miya,Male,Inarizaki High,setter,,,,,Inarizaki High,setter,2nd year,,team inarizaki,Does your character play for Inarizaki?,team,easy,https://haikyuu.fandom.com/wiki/Atsumu_Miya
Haikyuu!!,Chiharu Tsukioka,Male,Tsubakihara Academy,pinch server,,,,,Tsubakihara Academy,pinch server,2nd year,,gender male,Is your character male?,gender,easy,https://haikyuu.fandom.com/wiki/Tsubakihara_Academy
Haikyuu!!,Chiharu Tsukioka,Male,Tsubakihara Academy,pinch server,,,,,Tsubakihara Academy,pinch server,2nd year,,role pinch server,Is your character a pinch server?,role,easy,https://haikyuu.fandom.com/wiki/Tsubakihara_Academy
Haikyuu!!,Chiharu Tsukioka,Male,Tsubakihara Academy,pinch server,,,,,Tsubakihara Academy,pinch server,2nd year,,year 2nd year,Is your character a second-year high-school student?,school year,easy,https://haikyuu.fandom.com/wiki/Tsubakihara_Academy
Haikyuu!!,Chiharu Tsukioka,Male,Tsubakihara Academy,pinch server,,,,,Tsubakihara Academy,pinch server,2nd year,,signature chiharu tsukioka,Does your character wear jersey number 3 for Tsubakihara Academy and play as a pinch server?,signature fact,hard,https://haikyuu.fandom.com/wiki/Tsubakihara_Academy
Haikyuu!!,Chiharu Tsukioka,Male,Tsubakihara Academy,pinch server,,,,,Tsubakihara Academy,pinch server,2nd year,,team tsubakihara academy,Does your character belong to Tsubakihara Academy?,team,easy,https://haikyuu.fandom.com/wiki/Tsubakihara_Academy
Haikyuu!!,Chikara Ennoshita,Male,Karasuno High,wing spiker,,,,,Karasuno High,wing spiker,2nd year,,wing spiker,Is your character a wing spiker?,position,easy,https://haikyuu.fandom.com/wiki/Chikara_Ennoshita
Haikyuu!!,Chikara Ennoshita,Male,Karasuno High,wing spiker,,,,,Karasuno High,wing spiker,2nd year,,year 2nd year,Is your character a second-year high-school student?,school year,easy,https://haikyuu.fandom.com/wiki/Chikara_Ennoshita
Haikyuu!!,Chikara Ennoshita,Male,Karasuno High,wing spiker,,,,,Karasuno High,wing spiker,2nd year,,team karasuno,Does your character play for Karasuno?,team,easy,https://haikyuu.fandom.com/wiki/Chikara_Ennoshita
Haikyuu!!,Dai Mikawa,Male,Tsubakihara Academy,pinch server,,,,,Tsubakihara Academy,pinch server,2nd year,,gender male,Is your character male?,gender,easy,https://haikyuu.fandom.com/wiki/Tsubakihara_Academy
Haikyuu!!,Dai Mikawa,Male,Tsubakihara Academy,pinch server,,,,,Tsubakihara Academy,pinch server,2nd year,,role pinch server,Is your character a pinch server?,role,easy,https://haikyuu.fandom.com/wiki/Tsubakihara_Academy
Haikyuu!!,Dai Mikawa,Male,Tsubakihara Academy,pinch server,,,,,Tsubakihara Academy,pinch server,2nd year,,year 2nd year,Is your character a second-year high-school student?,school year,easy,https://haikyuu.fandom.com/wiki/Tsubakihara_Academy
Haikyuu!!,Dai Mikawa,Male,Tsubakihara Academy,pinch server,,,,,Tsubakihara Academy,pinch server,2nd year,,signature dai mikawa,Does your character wear jersey number 5 for Tsubakihara Academy and play as a pinch server?,signature fact,hard,https://haikyuu.fandom.com/wiki/Tsubakihara_Academy
Haikyuu!!,Dai Mikawa,Male,Tsubakihara Academy,pinch server,,,,,Tsubakihara Academy,pinch server,2nd year,,team tsubakihara academy,Does your character belong to Tsubakihara Academy?,team,easy,https://haikyuu.fandom.com/wiki/Tsubakihara_Academy
Haikyuu!!,Daichi Sawamura,Male,Karasuno High,wing spiker,,,,,Karasuno High,wing spiker,3rd year,captain,captain,Is your character the team captain?,official role,easy,https://haikyuu.fandom.com/wiki/Daichi_Sawamura
Haikyuu!!,Daichi Sawamura,Male,Karasuno High,wing spiker,,,,,Karasuno High,wing spiker,3rd year,captain,wing spiker,Is your character a wing spiker?,position,easy,https://haikyuu.fandom.com/wiki/Daichi_Sawamura
Haikyuu!!,Daichi Sawamura,Male,Karasuno High,wing spiker,,,,,Karasuno High,wing spiker,3rd year,captain,year 3rd year,Is your character a third-year high-school student?,school year,easy,https://haikyuu.fandom.com/wiki/Daichi_Sawamura
Haikyuu!!,Daichi Sawamura,Male,Karasuno High,wing spiker,,,,,Karasuno High,wing spiker,3rd year,captain,team karasuno,Does your character play for Karasuno?,team,easy,https://haikyuu.fandom.com/wiki/Daichi_Sawamura
Haikyuu!!,Eiji Makado,Male,Kakugawa High,middle blocker,,,,,Kakugawa High,middle blocker,2nd year,,gender male,Is your character male?,gender,easy,https://haikyuu.fandom.com/wiki/Kakugawa_High
Haikyuu!!,Eiji Makado,Male,Kakugawa High,middle blocker,,,,,Kakugawa High,middle blocker,2nd year,,middle blocker,Is your character a middle blocker?,position,easy,https://haikyuu.fandom.com/wiki/Kakugawa_High
Haikyuu!!,Eiji Makado,Male,Kakugawa High,middle blocker,,,,,Kakugawa High,middle blocker,2nd year,,year 2nd year,Is your character a second-year high-school student?,school year,easy,https://haikyuu.fandom.com/wiki/Kakugawa_High
Haikyuu!!,Eiji Makado,Male,Kakugawa High,middle blocker,,,,,Kakugawa High,middle blocker,2nd year,,signature eiji makado,Does your character wear jersey number 3 for Kakugawa High and play as a middle blocker?,signature fact,hard,https://haikyuu.fandom.com/wiki/Kakugawa_High
Haikyuu!!,Eiji Makado,Male,Kakugawa High,middle blocker,,,,,Kakugawa High,middle blocker,2nd year,,team kakugawa high,Does your character belong to Kakugawa High?,team,easy,https://haikyuu.fandom.com/wiki/Kakugawa_High
Haikyuu!!,Eita Semi,Male,Shiratorizawa Academy,setter,,,,,Shiratorizawa Academy,setter,3rd year,,silver hair,Does your character have silver or light-gray hair?,appearance,easy,https://haikyuu.fandom.com/wiki/Eita_Semi
Haikyuu!!,Eita Semi,Male,Shiratorizawa Academy,setter,,,,,Shiratorizawa Academy,setter,3rd year,,setter,Is your character a setter?,position,easy,https://haikyuu.fandom.com/wiki/Eita_Semi
Haikyuu!!,Eita Semi,Male,Shiratorizawa Academy,setter,,,,,Shiratorizawa Academy,setter,3rd year,,year 3rd year,Is your character a third-year high-school student?,school year,easy,https://haikyuu.fandom.com/wiki/Eita_Semi
Haikyuu!!,Eita Semi,Male,Shiratorizawa Academy,setter,,,,,Shiratorizawa Academy,setter,3rd year,,team shiratorizawa,Does your character play for Shiratorizawa?,team,easy,https://haikyuu.fandom.com/wiki/Eita_Semi
Haikyuu!!,Gao Hakuba,Male,Kamomedai High,wing spiker,,,,,Kamomedai High,wing spiker,2nd year,height over 200 cm,height over 200 cm,Is your character more than two meters tall?,appearance,easy,https://haikyuu.fandom.com/wiki/Kamomedai_High
Haikyuu!!,Gao Hakuba,Male,Kamomedai High,wing spiker,,,,,Kamomedai High,wing spiker,2nd year,height over 200 cm,gender male,Is your character male?,gender,easy,https://haikyuu.fandom.com/wiki/Kamomedai_High
Haikyuu!!,Gao Hakuba,Male,Kamomedai High,wing spiker,,,,,Kamomedai High,wing spiker,2nd year,height over 200 cm,wing spiker,Is your character a wing spiker?,position,easy,https://haikyuu.fandom.com/wiki/Kamomedai_High
Haikyuu!!,Gao Hakuba,Male,Kamomedai High,wing spiker,,,,,Kamomedai High,wing spiker,2nd year,height over 200 cm,year 2nd year,Is your character a second-year high-school student?,school year,easy,https://haikyuu.fandom.com/wiki/Kamomedai_High
Haikyuu!!,Gao Hakuba,Male,Kamomedai High,wing spiker,,,,,Kamomedai High,wing spiker,2nd year,height over 200 cm,signature gao hakuba,Does your character wear jersey number 10 for Kamomedai High and play as a wing spiker?,signature fact,hard,https://haikyuu.fandom.com/wiki/Kamomedai_High
Haikyuu!!,Gao Hakuba,Male,Kamomedai High,wing spiker,,,,,Kamomedai High,wing spiker,2nd year,height over 200 cm,team kamomedai high,Does your character belong to Kamomedai High?,team,easy,https://haikyuu.fandom.com/wiki/Kamomedai_High
Haikyuu!!,Goro Sakakibara,Male,Kakugawa High,coach,,,,,Kakugawa High,coach,,,gender male,Is your character male?,gender,easy,https://haikyuu.fandom.com/wiki/Kakugawa_High
Haikyuu!!,Goro Sakakibara,Male,Kakugawa High,coach,,,,,Kakugawa High,coach,,,role coach,Is your character a coach?,role,easy,https://haikyuu.fandom.com/wiki/Kakugawa_High
Haikyuu!!,Goro Sakakibara,Male,Kakugawa High,coach,,,,,Kakugawa High,coach,,,signature goro sakakibara,Is your character the coach of Kakugawa High?,signature fact,hard,https://haikyuu.fandom.com/wiki/Kakugawa_High
Haikyuu!!,Goro Sakakibara,Male,Kakugawa High,coach,,,,,Kakugawa High,coach,,,team kakugawa high,Does your character belong to Kakugawa High?,team,easy,https://haikyuu.fandom.com/wiki/Kakugawa_High
Haikyuu!!,Hajime Iwaizumi,Male,Aoba Johsai High,wing spiker,,,,,Aoba Johsai High,wing spiker,3rd year,vice captain; ace,ace,Is your character the official ace of their team?,official role,easy,https://haikyuu.fandom.com/wiki/Hajime_Iwaizumi
Haikyuu!!,Hajime Iwaizumi,Male,Aoba Johsai High,wing spiker,,,,,Aoba Johsai High,wing spiker,3rd year,vice captain; ace,vice captain,Is your character the team vice captain?,official role,easy,https://haikyuu.fandom.com/wiki/Hajime_Iwaizumi
Haikyuu!!,Hajime Iwaizumi,Male,Aoba Johsai High,wing spiker,,,,,Aoba Johsai High,wing spiker,3rd year,vice captain; ace,wing spiker,Is your character a wing spiker?,position,easy,https://haikyuu.fandom.com/wiki/Hajime_Iwaizumi
Haikyuu!!,Hajime Iwaizumi,Male,Aoba Johsai High,wing spiker,,,,,Aoba Johsai High,wing spiker,3rd year,vice captain; ace,oikawa childhood friend,Is your character the childhood friend of Aoba Johsai's captain?,relationship,medium,https://haikyuu.fandom.com/wiki/Hajime_Iwaizumi
Haikyuu!!,Hajime Iwaizumi,Male,Aoba Johsai High,wing spiker,,,,,Aoba Johsai High,wing spiker,3rd year,vice captain; ace,year 3rd year,Is your character a third-year high-school student?,school year,easy,https://haikyuu.fandom.com/wiki/Hajime_Iwaizumi
Haikyuu!!,Hajime Iwaizumi,Male,Aoba Johsai High,wing spiker,,,,,Aoba Johsai High,wing spiker,3rd year,vice captain; ace,team aoba johsai,Does your character play for Aoba Johsai?,team,easy,https://haikyuu.fandom.com/wiki/Hajime_Iwaizumi
Haikyuu!!,Hana Misaki,Female,Johzenji High,manager,,,,,Johzenji High,manager,3rd year,,gender female,Is your character female?,gender,easy,https://haikyuu.fandom.com/wiki/Johzenji_High
Haikyuu!!,Hana Misaki,Female,Johzenji High,manager,,,,,Johzenji High,manager,3rd year,,role manager,Is your character a manager?,role,easy,https://haikyuu.fandom.com/wiki/Johzenji_High
Haikyuu!!,Hana Misaki,Female,Johzenji High,manager,,,,,Johzenji High,manager,3rd year,,year 3rd year,Is your character a third-year high-school student?,school year,easy,https://haikyuu.fandom.com/wiki/Johzenji_High
Haikyuu!!,Hana Misaki,Female,Johzenji High,manager,,,,,Johzenji High,manager,3rd year,,signature hana misaki,Is your character a 3rd year manager for Johzenji High?,signature fact,hard,https://haikyuu.fandom.com/wiki/Johzenji_High
Haikyuu!!,Hana Misaki,Female,Johzenji High,manager,,,,,Johzenji High,manager,3rd year,,team johzenji high,Does your character belong to Johzenji High?,team,easy,https://haikyuu.fandom.com/wiki/Johzenji_High
Haikyuu!!,Haruki Komi,Male,Fukurodani Academy,libero,,,,,Fukurodani Academy,libero,3rd year,,gender male,Is your character male?,gender,easy,https://haikyuu.fandom.com/wiki/Fukur%C5%8Ddani_Academy
Haikyuu!!,Haruki Komi,Male,Fukurodani Academy,libero,,,,,Fukurodani Academy,libero,3rd year,,libero,Is your character a libero?,position,easy,https://haikyuu.fandom.com/wiki/Fukur%C5%8Ddani_Academy
Haikyuu!!,Haruki Komi,Male,Fukurodani Academy,libero,,,,,Fukurodani Academy,libero,3rd year,,year 3rd year,Is your character a third-year high-school student?,school year,easy,https://haikyuu.fandom.com/wiki/Fukur%C5%8Ddani_Academy
Haikyuu!!,Haruki Komi,Male,Fukurodani Academy,libero,,,,,Fukurodani Academy,libero,3rd year,,signature haruki komi,Does your character wear jersey number 11 for Fukurodani Academy and play as a libero?,signature fact,hard,https://haikyuu.fandom.com/wiki/Fukur%C5%8Ddani_Academy
Haikyuu!!,Haruki Komi,Male,Fukurodani Academy,libero,,,,,Fukurodani Academy,libero,3rd year,,team fukurodani academy,Does your character belong to Fukurodani Academy?,team,easy,https://haikyuu.fandom.com/wiki/Fukur%C5%8Ddani_Academy
Haikyuu!!,Haruma Bishin,Male,Mujinazaka High,libero,,,,,Mujinazaka High,libero,2nd year,,gender male,Is your character male?,gender,easy,https://haikyuu.fandom.com/wiki/Mujinazaka_High
Haikyuu!!,Haruma Bishin,Male,Mujinazaka High,libero,,,,,Mujinazaka High,libero,2nd year,,libero,Is your character a libero?,position,easy,https://haikyuu.fandom.com/wiki/Mujinazaka_High
Haikyuu!!,Haruma Bishin,Male,Mujinazaka High,libero,,,,,Mujinazaka High,libero,2nd year,,year 2nd year,Is your character a second-year high-school student?,school year,easy,https://haikyuu.fandom.com/wiki/Mujinazaka_High
Haikyuu!!,Haruma Bishin,Male,Mujinazaka High,libero,,,,,Mujinazaka High,libero,2nd year,,signature haruma bishin,Does your character wear jersey number 13 for Mujinazaka High and play as a libero?,signature fact,hard,https://haikyuu.fandom.com/wiki/Mujinazaka_High
Haikyuu!!,Haruma Bishin,Male,Mujinazaka High,libero,,,,,Mujinazaka High,libero,2nd year,,team mujinazaka high,Does your character belong to Mujinazaka High?,team,easy,https://haikyuu.fandom.com/wiki/Mujinazaka_High
Haikyuu!!,Hayato Ikejiri,Male,Tokonami High,wing spiker,,,,,Tokonami High,wing spiker,3rd year,,gender male,Is your character male?,gender,easy,https://haikyuu.fandom.com/wiki/Tokonami_High
Haikyuu!!,Hayato Ikejiri,Male,Tokonami High,wing spiker,,,,,Tokonami High,wing spiker,3rd year,,wing spiker,Is your character a wing spiker?,position,easy,https://haikyuu.fandom.com/wiki/Tokonami_High
Haikyuu!!,Hayato Ikejiri,Male,Tokonami High,wing spiker,,,,,Tokonami High,wing spiker,3rd year,,year 3rd year,Is your character a third-year high-school student?,school year,easy,https://haikyuu.fandom.com/wiki/Tokonami_High
Haikyuu!!,Hayato Ikejiri,Male,Tokonami High,wing spiker,,,,,Tokonami High,wing spiker,3rd year,,signature hayato ikejiri,Does your character wear jersey number 4 for Tokonami High and play as a wing spiker?,signature fact,hard,https://haikyuu.fandom.com/wiki/Tokonami_High
Haikyuu!!,Hayato Ikejiri,Male,Tokonami High,wing spiker,,,,,Tokonami High,wing spiker,3rd year,,team tokonami high,Does your character belong to Tokonami High?,team,easy,https://haikyuu.fandom.com/wiki/Tokonami_High
Haikyuu!!,Hayato Yamagata,Male,Shiratorizawa Academy,libero,,,,,Shiratorizawa Academy,libero,3rd year,,libero,Is your character a libero?,position,easy,https://haikyuu.fandom.com/wiki/Hayato_Yamagata
Haikyuu!!,Hayato Yamagata,Male,Shiratorizawa Academy,libero,,,,,Shiratorizawa Academy,libero,3rd year,,year 3rd year,Is your character a third-year high-school student?,school year,easy,https://haikyuu.fandom.com/wiki/Hayato_Yamagata
Haikyuu!!,Hayato Yamagata,Male,Shiratorizawa Academy,libero,,,,,Shiratorizawa Academy,libero,3rd year,,team shiratorizawa,Does your character play for Shiratorizawa?,team,easy,https://haikyuu.fandom.com/wiki/Hayato_Yamagata
Haikyuu!!,Heisuke Riseki,Male,Inarizaki High,wing spiker,,,,,Inarizaki High,wing spiker,1st year,,wing spiker,Is your character a wing spiker?,position,easy,https://haikyuu.fandom.com/wiki/Heisuke_Riseki
Haikyuu!!,Heisuke Riseki,Male,Inarizaki High,wing spiker,,,,,Inarizaki High,wing spiker,1st year,,year 1st year,Is your character a first-year high-school student?,school year,easy,https://haikyuu.fandom.com/wiki/Heisuke_Riseki
Haikyuu!!,Heisuke Riseki,Male,Inarizaki High,wing spiker,,,,,Inarizaki High,wing spiker,1st year,,team inarizaki,Does your character play for Inarizaki?,team,easy,https://haikyuu.fandom.com/wiki/Heisuke_Riseki
Haikyuu!!,Hikaru Komaki,Male,Tokonami High,wing spiker,,,,,Tokonami High,wing spiker,3rd year,captain,gender male,Is your character male?,gender,easy,https://haikyuu.fandom.com/wiki/Tokonami_High
Haikyuu!!,Hikaru Komaki,Male,Tokonami High,wing spiker,,,,,Tokonami High,wing spiker,3rd year,captain,captain,Is your character the team captain?,official role,easy,https://haikyuu.fandom.com/wiki/Tokonami_High
Haikyuu!!,Hikaru Komaki,Male,Tokonami High,wing spiker,,,,,Tokonami High,wing spiker,3rd year,captain,wing spiker,Is your character a wing spiker?,position,easy,https://haikyuu.fandom.com/wiki/Tokonami_High
Haikyuu!!,Hikaru Komaki,Male,Tokonami High,wing spiker,,,,,Tokonami High,wing spiker,3rd year,captain,year 3rd year,Is your character a third-year high-school student?,school year,easy,https://haikyuu.fandom.com/wiki/Tokonami_High
Haikyuu!!,Hikaru Komaki,Male,Tokonami High,wing spiker,,,,,Tokonami High,wing spiker,3rd year,captain,signature hikaru komaki,Does your character wear jersey number 1 for Tokonami High and play as a wing spiker?,signature fact,hard,https://haikyuu.fandom.com/wiki/Tokonami_High
Haikyuu!!,Hikaru Komaki,Male,Tokonami High,wing spiker,,,,,Tokonami High,wing spiker,3rd year,captain,team tokonami high,Does your character belong to Tokonami High?,team,easy,https://haikyuu.fandom.com/wiki/Tokonami_High
Haikyuu!!,Hiroki Tamagawa,Male,Tokonami High,wing spiker,,,,,Tokonami High,wing spiker,3rd year,,gender male,Is your character male?,gender,easy,https://haikyuu.fandom.com/wiki/Tokonami_High
Haikyuu!!,Hiroki Tamagawa,Male,Tokonami High,wing spiker,,,,,Tokonami High,wing spiker,3rd year,,wing spiker,Is your character a wing spiker?,position,easy,https://haikyuu.fandom.com/wiki/Tokonami_High
Haikyuu!!,Hiroki Tamagawa,Male,Tokonami High,wing spiker,,,,,Tokonami High,wing spiker,3rd year,,year 3rd year,Is your character a third-year high-school student?,school year,easy,https://haikyuu.fandom.com/wiki/Tokonami_High
Haikyuu!!,Hiroki Tamagawa,Male,Tokonami High,wing spiker,,,,,Tokonami High,wing spiker,3rd year,,signature hiroki tamagawa,Does your character wear jersey number 5 for Tokonami High and play as a wing spiker?,signature fact,hard,https://haikyuu.fandom.com/wiki/Tokonami_High
Haikyuu!!,Hiroki Tamagawa,Male,Tokonami High,wing spiker,,,,,Tokonami High,wing spiker,3rd year,,team tokonami high,Does your character belong to Tokonami High?,team,easy,https://haikyuu.fandom.com/wiki/Tokonami_High
Haikyuu!!,Hisashi Kinoshita,Male,Karasuno High,wing spiker,,,,,Karasuno High,wing spiker,2nd year,,jump float server,Does your character use a jump-float serve?,concrete ability,medium,https://haikyuu.fandom.com/wiki/Hisashi_Kinoshita
Haikyuu!!,Hisashi Kinoshita,Male,Karasuno High,wing spiker,,,,,Karasuno High,wing spiker,2nd year,,wing spiker,Is your character a wing spiker?,position,easy,https://haikyuu.fandom.com/wiki/Hisashi_Kinoshita
Haikyuu!!,Hisashi Kinoshita,Male,Karasuno High,wing spiker,,,,,Karasuno High,wing spiker,2nd year,,year 2nd year,Is your character a second-year high-school student?,school year,easy,https://haikyuu.fandom.com/wiki/Hisashi_Kinoshita
Haikyuu!!,Hisashi Kinoshita,Male,Karasuno High,wing spiker,,,,,Karasuno High,wing spiker,2nd year,,team karasuno,Does your character play for Karasuno?,team,easy,https://haikyuu.fandom.com/wiki/Hisashi_Kinoshita
Haikyuu!!,Hitoshi Ginjima,Male,Inarizaki High,wing spiker,,,,,Inarizaki High,wing spiker,2nd year,,spiky gray hair,"Does your character have short, spiky gray hair?",appearance,easy,https://haikyuu.fandom.com/wiki/Hitoshi_Ginjima
Haikyuu!!,Hitoshi Ginjima,Male,Inarizaki High,wing spiker,,,,,Inarizaki High,wing spiker,2nd year,,wing spiker,Is your character a wing spiker?,position,easy,https://haikyuu.fandom.com/wiki/Hitoshi_Ginjima
Haikyuu!!,Hitoshi Ginjima,Male,Inarizaki High,wing spiker,,,,,Inarizaki High,wing spiker,2nd year,,year 2nd year,Is your character a second-year high-school student?,school year,easy,https://haikyuu.fandom.com/wiki/Hitoshi_Ginjima
Haikyuu!!,Hitoshi Ginjima,Male,Inarizaki High,wing spiker,,,,,Inarizaki High,wing spiker,2nd year,,team inarizaki,Does your character play for Inarizaki?,team,easy,https://haikyuu.fandom.com/wiki/Hitoshi_Ginjima
Haikyuu!!,Isao Inagaki,Male,Kakugawa High,wing spiker,,,,,Kakugawa High,wing spiker,2nd year,,gender male,Is your character male?,gender,easy,https://haikyuu.fandom.com/wiki/Kakugawa_High
Haikyuu!!,Isao Inagaki,Male,Kakugawa High,wing spiker,,,,,Kakugawa High,wing spiker,2nd year,,wing spiker,Is your character a wing spiker?,position,easy,https://haikyuu.fandom.com/wiki/Kakugawa_High
Haikyuu!!,Isao Inagaki,Male,Kakugawa High,wing spiker,,,,,Kakugawa High,wing spiker,2nd year,,year 2nd year,Is your character a second-year high-school student?,school year,easy,https://haikyuu.fandom.com/wiki/Kakugawa_High
Haikyuu!!,Isao Inagaki,Male,Kakugawa High,wing spiker,,,,,Kakugawa High,wing spiker,2nd year,,signature isao inagaki,Does your character wear jersey number 7 for Kakugawa High and play as a wing spiker?,signature fact,hard,https://haikyuu.fandom.com/wiki/Kakugawa_High
Haikyuu!!,Isao Inagaki,Male,Kakugawa High,wing spiker,,,,,Kakugawa High,wing spiker,2nd year,,team kakugawa high,Does your character belong to Kakugawa High?,team,easy,https://haikyuu.fandom.com/wiki/Kakugawa_High
Haikyuu!!,Isao Norikura,Male,Kamomedai High,wing spiker,,,,,Kamomedai High,wing spiker,,,gender male,Is your character male?,gender,easy,https://haikyuu.fandom.com/wiki/Kamomedai_High
Haikyuu!!,Isao Norikura,Male,Kamomedai High,wing spiker,,,,,Kamomedai High,wing spiker,,,wing spiker,Is your character a wing spiker?,position,easy,https://haikyuu.fandom.com/wiki/Kamomedai_High
Haikyuu!!,Isao Norikura,Male,Kamomedai High,wing spiker,,,,,Kamomedai High,wing spiker,,,signature isao norikura,Does your character wear jersey number 7 for Kamomedai High and play as a wing spiker?,signature fact,hard,https://haikyuu.fandom.com/wiki/Kamomedai_High
Haikyuu!!,Isao Norikura,Male,Kamomedai High,wing spiker,,,,,Kamomedai High,wing spiker,,,team kamomedai high,Does your character belong to Kamomedai High?,team,easy,https://haikyuu.fandom.com/wiki/Kamomedai_High
Haikyuu!!,Issei Matsukawa,Male,Aoba Johsai High,middle blocker,,,,,Aoba Johsai High,middle blocker,3rd year,,middle blocker,Is your character a middle blocker?,position,easy,https://haikyuu.fandom.com/wiki/Issei_Matsukawa
Haikyuu!!,Issei Matsukawa,Male,Aoba Johsai High,middle blocker,,,,,Aoba Johsai High,middle blocker,3rd year,,year 3rd year,Is your character a third-year high-school student?,school year,easy,https://haikyuu.fandom.com/wiki/Issei_Matsukawa
Haikyuu!!,Issei Matsukawa,Male,Aoba Johsai High,middle blocker,,,,,Aoba Johsai High,middle blocker,3rd year,,team aoba johsai,Does your character play for Aoba Johsai?,team,easy,https://haikyuu.fandom.com/wiki/Issei_Matsukawa
Haikyuu!!,Isumi Sakishima,Male,Nohebi Academy,setter,,,,,Nohebi Academy,setter,3rd year,,gender male,Is your character male?,gender,easy,https://haikyuu.fandom.com/wiki/Nohebi_Academy
Haikyuu!!,Isumi Sakishima,Male,Nohebi Academy,setter,,,,,Nohebi Academy,setter,3rd year,,setter,Is your character a setter?,position,easy,https://haikyuu.fandom.com/wiki/Nohebi_Academy
Haikyuu!!,Isumi Sakishima,Male,Nohebi Academy,setter,,,,,Nohebi Academy,setter,3rd year,,year 3rd year,Is your character a third-year high-school student?,school year,easy,https://haikyuu.fandom.com/wiki/Nohebi_Academy
Haikyuu!!,Isumi Sakishima,Male,Nohebi Academy,setter,,,,,Nohebi Academy,setter,3rd year,,signature isumi sakishima,Does your character wear jersey number 7 for Nohebi Academy and play as a setter?,signature fact,hard,https://haikyuu.fandom.com/wiki/Nohebi_Academy
Haikyuu!!,Isumi Sakishima,Male,Nohebi Academy,setter,,,,,Nohebi Academy,setter,3rd year,,team nohebi academy,Does your character belong to Nohebi Academy?,team,easy,https://haikyuu.fandom.com/wiki/Nohebi_Academy
Haikyuu!!,Izuru Nozawa,Male,Kamomedai High,wing spiker,,,,,Kamomedai High,wing spiker,3rd year,,gender male,Is your character male?,gender,easy,https://haikyuu.fandom.com/wiki/Kamomedai_High
Haikyuu!!,Izuru Nozawa,Male,Kamomedai High,wing spiker,,,,,Kamomedai High,wing spiker,3rd year,,wing spiker,Is your character a wing spiker?,position,easy,https://haikyuu.fandom.com/wiki/Kamomedai_High
Haikyuu!!,Izuru Nozawa,Male,Kamomedai High,wing spiker,,,,,Kamomedai High,wing spiker,3rd year,,year 3rd year,Is your character a third-year high-school student?,school year,easy,https://haikyuu.fandom.com/wiki/Kamomedai_High
Haikyuu!!,Izuru Nozawa,Male,Kamomedai High,wing spiker,,,,,Kamomedai High,wing spiker,3rd year,,signature izuru nozawa,Does your character wear jersey number 4 for Kamomedai High and play as a wing spiker?,signature fact,hard,https://haikyuu.fandom.com/wiki/Kamomedai_High
Haikyuu!!,Izuru Nozawa,Male,Kamomedai High,wing spiker,,,,,Kamomedai High,wing spiker,3rd year,,team kamomedai high,Does your character belong to Kamomedai High?,team,easy,https://haikyuu.fandom.com/wiki/Kamomedai_High
Haikyuu!!,Jingo Fukiage,Male,Date Tech High,middle blocker,,,,,Date Tech High,middle blocker,1st year,,gender male,Is your character male?,gender,easy,https://haikyuu.fandom.com/wiki/Date_Tech_High
Haikyuu!!,Jingo Fukiage,Male,Date Tech High,middle blocker,,,,,Date Tech High,middle blocker,1st year,,middle blocker,Is your character a middle blocker?,position,easy,https://haikyuu.fandom.com/wiki/Date_Tech_High
Haikyuu!!,Jingo Fukiage,Male,Date Tech High,middle blocker,,,,,Date Tech High,middle blocker,1st year,,year 1st year,Is your character a first-year high-school student?,school year,easy,https://haikyuu.fandom.com/wiki/Date_Tech_High
Haikyuu!!,Jingo Fukiage,Male,Date Tech High,middle blocker,,,,,Date Tech High,middle blocker,1st year,,signature jingo fukiage,Does your character wear jersey number 11 for Date Tech High and play as a middle blocker?,signature fact,hard,https://haikyuu.fandom.com/wiki/Date_Tech_High
Haikyuu!!,Jingo Fukiage,Male,Date Tech High,middle blocker,,,,,Date Tech High,middle blocker,1st year,,team date tech high,Does your character belong to Date Tech High?,team,easy,https://haikyuu.fandom.com/wiki/Date_Tech_High
Haikyuu!!,Kaito Asamushi,Male,Kakugawa High,wing spiker,,,,,Kakugawa High,wing spiker,2nd year,,gender male,Is your character male?,gender,easy,https://haikyuu.fandom.com/wiki/Kakugawa_High
Haikyuu!!,Kaito Asamushi,Male,Kakugawa High,wing spiker,,,,,Kakugawa High,wing spiker,2nd year,,wing spiker,Is your character a wing spiker?,position,easy,https://haikyuu.fandom.com/wiki/Kakugawa_High
Haikyuu!!,Kaito Asamushi,Male,Kakugawa High,wing spiker,,,,,Kakugawa High,wing spiker,2nd year,,year 2nd year,Is your character a second-year high-school student?,school year,easy,https://haikyuu.fandom.com/wiki/Kakugawa_High
Haikyuu!!,Kaito Asamushi,Male,Kakugawa High,wing spiker,,,,,Kakugawa High,wing spiker,2nd year,,signature kaito asamushi,Does your character wear jersey number 4 for Kakugawa High and play as a wing spiker?,signature fact,hard,https://haikyuu.fandom.com/wiki/Kakugawa_High
Haikyuu!!,Kaito Asamushi,Male,Kakugawa High,wing spiker,,,,,Kakugawa High,wing spiker,2nd year,,team kakugawa high,Does your character belong to Kakugawa High?,team,easy,https://haikyuu.fandom.com/wiki/Kakugawa_High
Haikyuu!!,Kaname Moniwa,Male,Date Tech High,setter,,,,,Date Tech High,setter,3rd year,captain; former member,gender male,Is your character male?,gender,easy,https://haikyuu.fandom.com/wiki/Date_Tech_High
Haikyuu!!,Kaname Moniwa,Male,Date Tech High,setter,,,,,Date Tech High,setter,3rd year,captain; former member,captain,Is your character the team captain?,official role,easy,https://haikyuu.fandom.com/wiki/Date_Tech_High
Haikyuu!!,Kaname Moniwa,Male,Date Tech High,setter,,,,,Date Tech High,setter,3rd year,captain; former member,setter,Is your character a setter?,position,easy,https://haikyuu.fandom.com/wiki/Date_Tech_High
Haikyuu!!,Kaname Moniwa,Male,Date Tech High,setter,,,,,Date Tech High,setter,3rd year,captain; former member,year 3rd year,Is your character a third-year high-school student?,school year,easy,https://haikyuu.fandom.com/wiki/Date_Tech_High
Haikyuu!!,Kaname Moniwa,Male,Date Tech High,setter,,,,,Date Tech High,setter,3rd year,captain; former member,signature kaname moniwa,Does your character wear jersey number 2 for Date Tech High and play as a setter?,signature fact,hard,https://haikyuu.fandom.com/wiki/Date_Tech_High
Haikyuu!!,Kaname Moniwa,Male,Date Tech High,setter,,,,,Date Tech High,setter,3rd year,captain; former member,former team member,Is your character listed as a former member of their high-school team?,status,medium,https://haikyuu.fandom.com/wiki/Date_Tech_High
Haikyuu!!,Kaname Moniwa,Male,Date Tech High,setter,,,,,Date Tech High,setter,3rd year,captain; former member,team date tech high,Does your character belong to Date Tech High?,team,easy,https://haikyuu.fandom.com/wiki/Date_Tech_High
Haikyuu!!,Kanji Koganegawa,Male,Date Tech High,setter,,,,,Date Tech High,setter,1st year,,gender male,Is your character male?,gender,easy,https://haikyuu.fandom.com/wiki/Date_Tech_High
Haikyuu!!,Kanji Koganegawa,Male,Date Tech High,setter,,,,,Date Tech High,setter,1st year,,setter,Is your character a setter?,position,easy,https://haikyuu.fandom.com/wiki/Date_Tech_High
Haikyuu!!,Kanji Koganegawa,Male,Date Tech High,setter,,,,,Date Tech High,setter,1st year,,year 1st year,Is your character a first-year high-school student?,school year,easy,https://haikyuu.fandom.com/wiki/Date_Tech_High
Haikyuu!!,Kanji Koganegawa,Male,Date Tech High,setter,,,,,Date Tech High,setter,1st year,,signature kanji koganegawa,Does your character wear jersey number 7 for Date Tech High and play as a setter?,signature fact,hard,https://haikyuu.fandom.com/wiki/Date_Tech_High
Haikyuu!!,Kanji Koganegawa,Male,Date Tech High,setter,,,,,Date Tech High,setter,1st year,,team date tech high,Does your character belong to Date Tech High?,team,easy,https://haikyuu.fandom.com/wiki/Date_Tech_High
Haikyuu!!,Kaori Suzumeda,Female,Fukurodani Academy,manager,,,,,Fukurodani Academy,manager,3rd year,long dark hair,long dark hair,Does your character have long dark hair?,appearance,easy,https://haikyuu.fandom.com/wiki/Fukur%C5%8Ddani_Academy
Haikyuu!!,Kaori Suzumeda,Female,Fukurodani Academy,manager,,,,,Fukurodani Academy,manager,3rd year,long dark hair,gender female,Is your character female?,gender,easy,https://haikyuu.fandom.com/wiki/Fukur%C5%8Ddani_Academy
Haikyuu!!,Kaori Suzumeda,Female,Fukurodani Academy,manager,,,,,Fukurodani Academy,manager,3rd year,long dark hair,role manager,Is your character a manager?,role,easy,https://haikyuu.fandom.com/wiki/Fukur%C5%8Ddani_Academy
Haikyuu!!,Kaori Suzumeda,Female,Fukurodani Academy,manager,,,,,Fukurodani Academy,manager,3rd year,long dark hair,year 3rd year,Is your character a third-year high-school student?,school year,easy,https://haikyuu.fandom.com/wiki/Fukur%C5%8Ddani_Academy
Haikyuu!!,Kaori Suzumeda,Female,Fukurodani Academy,manager,,,,,Fukurodani Academy,manager,3rd year,long dark hair,signature kaori suzumeda,Is your character a 3rd year manager for Fukurodani Academy with long dark hair?,signature fact,hard,https://haikyuu.fandom.com/wiki/Fukur%C5%8Ddani_Academy
Haikyuu!!,Kaori Suzumeda,Female,Fukurodani Academy,manager,,,,,Fukurodani Academy,manager,3rd year,long dark hair,team fukurodani academy,Does your character belong to Fukurodani Academy?,team,easy,https://haikyuu.fandom.com/wiki/Fukur%C5%8Ddani_Academy
Haikyuu!!,Katsumichi Higashiyama,Male,Johzenji High,wing spiker,,,,,Johzenji High,wing spiker,2nd year,,gender male,Is your character male?,gender,easy,https://haikyuu.fandom.com/wiki/Johzenji_High
Haikyuu!!,Katsumichi Higashiyama,Male,Johzenji High,wing spiker,,,,,Johzenji High,wing spiker,2nd year,,wing spiker,Is your character a wing spiker?,position,easy,https://haikyuu.fandom.com/wiki/Johzenji_High
Haikyuu!!,Katsumichi Higashiyama,Male,Johzenji High,wing spiker,,,,,Johzenji High,wing spiker,2nd year,,year 2nd year,Is your character a second-year high-school student?,school year,easy,https://haikyuu.fandom.com/wiki/Johzenji_High
Haikyuu!!,Katsumichi Higashiyama,Male,Johzenji High,wing spiker,,,,,Johzenji High,wing spiker,2nd year,,signature katsumichi higashiyama,Does your character wear jersey number 4 for Johzenji High and play as a wing spiker?,signature fact,hard,https://haikyuu.fandom.com/wiki/Johzenji_High
Haikyuu!!,Katsumichi Higashiyama,Male,Johzenji High,wing spiker,,,,,Johzenji High,wing spiker,2nd year,,team johzenji high,Does your character belong to Johzenji High?,team,easy,https://haikyuu.fandom.com/wiki/Johzenji_High
Haikyuu!!,Kazuhito Narita,Male,Karasuno High,middle blocker,,,,,Karasuno High,middle blocker,2nd year,,middle blocker,Is your character a middle blocker?,position,easy,https://haikyuu.fandom.com/wiki/Kazuhito_Narita
Haikyuu!!,Kazuhito Narita,Male,Karasuno High,middle blocker,,,,,Karasuno High,middle blocker,2nd year,,year 2nd year,Is your character a second-year high-school student?,school year,easy,https://haikyuu.fandom.com/wiki/Kazuhito_Narita
Haikyuu!!,Kazuhito Narita,Male,Karasuno High,middle blocker,,,,,Karasuno High,middle blocker,2nd year,,team karasuno,Does your character play for Karasuno?,team,easy,https://haikyuu.fandom.com/wiki/Kazuhito_Narita
Haikyuu!!,Kazuki Maruyama,Male,Tsubakihara Academy,wing spiker,,,,,Tsubakihara Academy,wing spiker,3rd year,,gender male,Is your character male?,gender,easy,https://haikyuu.fandom.com/wiki/Tsubakihara_Academy
Haikyuu!!,Kazuki Maruyama,Male,Tsubakihara Academy,wing spiker,,,,,Tsubakihara Academy,wing spiker,3rd year,,wing spiker,Is your character a wing spiker?,position,easy,https://haikyuu.fandom.com/wiki/Tsubakihara_Academy
Haikyuu!!,Kazuki Maruyama,Male,Tsubakihara Academy,wing spiker,,,,,Tsubakihara Academy,wing spiker,3rd year,,year 3rd year,Is your character a third-year high-school student?,school year,easy,https://haikyuu.fandom.com/wiki/Tsubakihara_Academy
Haikyuu!!,Kazuki Maruyama,Male,Tsubakihara Academy,wing spiker,,,,,Tsubakihara Academy,wing spiker,3rd year,,signature kazuki maruyama,Does your character wear jersey number 1 for Tsubakihara Academy and play as a wing spiker?,signature fact,hard,https://haikyuu.fandom.com/wiki/Tsubakihara_Academy
Haikyuu!!,Kazuki Maruyama,Male,Tsubakihara Academy,wing spiker,,,,,Tsubakihara Academy,wing spiker,3rd year,,team tsubakihara academy,Does your character belong to Tsubakihara Academy?,team,easy,https://haikyuu.fandom.com/wiki/Tsubakihara_Academy
Haikyuu!!,Kazuma Bobata,Male,Johzenji High,middle blocker,,,,,Johzenji High,middle blocker,2nd year,,gender male,Is your character male?,gender,easy,https://haikyuu.fandom.com/wiki/Johzenji_High
Haikyuu!!,Kazuma Bobata,Male,Johzenji High,middle blocker,,,,,Johzenji High,middle blocker,2nd year,,middle blocker,Is your character a middle blocker?,position,easy,https://haikyuu.fandom.com/wiki/Johzenji_High
Haikyuu!!,Kazuma Bobata,Male,Johzenji High,middle blocker,,,,,Johzenji High,middle blocker,2nd year,,year 2nd year,Is your character a second-year high-school student?,school year,easy,https://haikyuu.fandom.com/wiki/Johzenji_High
Haikyuu!!,Kazuma Bobata,Male,Johzenji High,middle blocker,,,,,Johzenji High,middle blocker,2nd year,,signature kazuma bobata,Does your character wear jersey number 2 for Johzenji High and play as a middle blocker?,signature fact,hard,https://haikyuu.fandom.com/wiki/Johzenji_High
Haikyuu!!,Kazuma Bobata,Male,Johzenji High,middle blocker,,,,,Johzenji High,middle blocker,2nd year,,team johzenji high,Does your character belong to Johzenji High?,team,easy,https://haikyuu.fandom.com/wiki/Johzenji_High
Haikyuu!!,Kazuma Chaya,Male,Tokonami High,middle blocker,,,,,Tokonami High,middle blocker,3rd year,,gender male,Is your character male?,gender,easy,https://haikyuu.fandom.com/wiki/Tokonami_High
Haikyuu!!,Kazuma Chaya,Male,Tokonami High,middle blocker,,,,,Tokonami High,middle blocker,3rd year,,middle blocker,Is your character a middle blocker?,position,easy,https://haikyuu.fandom.com/wiki/Tokonami_High
Haikyuu!!,Kazuma Chaya,Male,Tokonami High,middle blocker,,,,,Tokonami High,middle blocker,3rd year,,year 3rd year,Is your character a third-year high-school student?,school year,easy,https://haikyuu.fandom.com/wiki/Tokonami_High
Haikyuu!!,Kazuma Chaya,Male,Tokonami High,middle blocker,,,,,Tokonami High,middle blocker,3rd year,,signature kazuma chaya,Does your character wear jersey number 3 for Tokonami High and play as a middle blocker?,signature fact,hard,https://haikyuu.fandom.com/wiki/Tokonami_High
Haikyuu!!,Kazuma Chaya,Male,Tokonami High,middle blocker,,,,,Tokonami High,middle blocker,3rd year,,team tokonami high,Does your character belong to Tokonami High?,team,easy,https://haikyuu.fandom.com/wiki/Tokonami_High
Haikyuu!!,Kazuma Numai,Male,Nohebi Academy,wing spiker,,,,,Nohebi Academy,wing spiker,3rd year,ace; pinch server,gender male,Is your character male?,gender,easy,https://haikyuu.fandom.com/wiki/Nohebi_Academy
Haikyuu!!,Kazuma Numai,Male,Nohebi Academy,wing spiker,,,,,Nohebi Academy,wing spiker,3rd year,ace; pinch server,ace,Is your character the official ace of their team?,official role,easy,https://haikyuu.fandom.com/wiki/Nohebi_Academy
Haikyuu!!,Kazuma Numai,Male,Nohebi Academy,wing spiker,,,,,Nohebi Academy,wing spiker,3rd year,ace; pinch server,pinch server,Is your character used as a pinch server?,official role,easy,https://haikyuu.fandom.com/wiki/Nohebi_Academy
Haikyuu!!,Kazuma Numai,Male,Nohebi Academy,wing spiker,,,,,Nohebi Academy,wing spiker,3rd year,ace; pinch server,wing spiker,Is your character a wing spiker?,position,easy,https://haikyuu.fandom.com/wiki/Nohebi_Academy
Haikyuu!!,Kazuma Numai,Male,Nohebi Academy,wing spiker,,,,,Nohebi Academy,wing spiker,3rd year,ace; pinch server,year 3rd year,Is your character a third-year high-school student?,school year,easy,https://haikyuu.fandom.com/wiki/Nohebi_Academy
Haikyuu!!,Kazuma Numai,Male,Nohebi Academy,wing spiker,,,,,Nohebi Academy,wing spiker,3rd year,ace; pinch server,signature kazuma numai,Does your character wear jersey number 4 for Nohebi Academy and play as a wing spiker?,signature fact,hard,https://haikyuu.fandom.com/wiki/Nohebi_Academy
Haikyuu!!,Kazuma Numai,Male,Nohebi Academy,wing spiker,,,,,Nohebi Academy,wing spiker,3rd year,ace; pinch server,team nohebi academy,Does your character belong to Nohebi Academy?,team,easy,https://haikyuu.fandom.com/wiki/Nohebi_Academy
Haikyuu!!,Kazumasa Hanayama,Male,Wakutani Minami High,setter,,,,,Wakutani Minami High,setter,3rd year,,gender male,Is your character male?,gender,easy,https://haikyuu.fandom.com/wiki/Wakutani_Minami_High
Haikyuu!!,Kazumasa Hanayama,Male,Wakutani Minami High,setter,,,,,Wakutani Minami High,setter,3rd year,,setter,Is your character a setter?,position,easy,https://haikyuu.fandom.com/wiki/Wakutani_Minami_High
Haikyuu!!,Kazumasa Hanayama,Male,Wakutani Minami High,setter,,,,,Wakutani Minami High,setter,3rd year,,year 3rd year,Is your character a third-year high-school student?,school year,easy,https://haikyuu.fandom.com/wiki/Wakutani_Minami_High
Haikyuu!!,Kazumasa Hanayama,Male,Wakutani Minami High,setter,,,,,Wakutani Minami High,setter,3rd year,,signature kazumasa hanayama,Does your character wear jersey number 5 for Wakutani Minami High and play as a setter?,signature fact,hard,https://haikyuu.fandom.com/wiki/Wakutani_Minami_High
Haikyuu!!,Kazumasa Hanayama,Male,Wakutani Minami High,setter,,,,,Wakutani Minami High,setter,3rd year,,team wakutani minami high,Does your character belong to Wakutani Minami High?,team,easy,https://haikyuu.fandom.com/wiki/Wakutani_Minami_High
Haikyuu!!,Kazuteru Akiu,Male,Wakutani Minami High,libero,,,,,Wakutani Minami High,libero,2nd year,,gender male,Is your character male?,gender,easy,https://haikyuu.fandom.com/wiki/Wakutani_Minami_High
Haikyuu!!,Kazuteru Akiu,Male,Wakutani Minami High,libero,,,,,Wakutani Minami High,libero,2nd year,,libero,Is your character a libero?,position,easy,https://haikyuu.fandom.com/wiki/Wakutani_Minami_High
Haikyuu!!,Kazuteru Akiu,Male,Wakutani Minami High,libero,,,,,Wakutani Minami High,libero,2nd year,,year 2nd year,Is your character a second-year high-school student?,school year,easy,https://haikyuu.fandom.com/wiki/Wakutani_Minami_High
Haikyuu!!,Kazuteru Akiu,Male,Wakutani Minami High,libero,,,,,Wakutani Minami High,libero,2nd year,,signature kazuteru akiu,Does your character wear jersey number 10 for Wakutani Minami High and play as a libero?,signature fact,hard,https://haikyuu.fandom.com/wiki/Wakutani_Minami_High
Haikyuu!!,Kazuteru Akiu,Male,Wakutani Minami High,libero,,,,,Wakutani Minami High,libero,2nd year,,team wakutani minami high,Does your character belong to Wakutani Minami High?,team,easy,https://haikyuu.fandom.com/wiki/Wakutani_Minami_High
Haikyuu!!,Kazuyoshi Bessho,Male,Kamomedai High,middle blocker,,,,,Kamomedai High,middle blocker,1st year,,gender male,Is your character male?,gender,easy,https://haikyuu.fandom.com/wiki/Kamomedai_High
Haikyuu!!,Kazuyoshi Bessho,Male,Kamomedai High,middle blocker,,,,,Kamomedai High,middle blocker,1st year,,middle blocker,Is your character a middle blocker?,position,easy,https://haikyuu.fandom.com/wiki/Kamomedai_High
Haikyuu!!,Kazuyoshi Bessho,Male,Kamomedai High,middle blocker,,,,,Kamomedai High,middle blocker,1st year,,year 1st year,Is your character a first-year high-school student?,school year,easy,https://haikyuu.fandom.com/wiki/Kamomedai_High
Haikyuu!!,Kazuyoshi Bessho,Male,Kamomedai High,middle blocker,,,,,Kamomedai High,middle blocker,1st year,,signature kazuyoshi bessho,Does your character wear jersey number 8 for Kamomedai High and play as a middle blocker?,signature fact,hard,https://haikyuu.fandom.com/wiki/Kamomedai_High
Haikyuu!!,Kazuyoshi Bessho,Male,Kamomedai High,middle blocker,,,,,Kamomedai High,middle blocker,1st year,,team kamomedai high,Does your character belong to Kamomedai High?,team,easy,https://haikyuu.fandom.com/wiki/Kamomedai_High
Haikyuu!!,Kei Tsukishima,Male,Karasuno High,middle blocker,,,,,Karasuno High,middle blocker,1st year,,blond hair,Does your character have blond hair?,appearance,easy,https://haikyuu.fandom.com/wiki/Kei_Tsukishima
Haikyuu!!,Kei Tsukishima,Male,Karasuno High,middle blocker,,,,,Karasuno High,middle blocker,1st year,,wears glasses,Does your character wear glasses?,appearance,easy,https://haikyuu.fandom.com/wiki/Kei_Tsukishima
Haikyuu!!,Kei Tsukishima,Male,Karasuno High,middle blocker,,,,,Karasuno High,middle blocker,1st year,,middle blocker,Is your character a middle blocker?,position,easy,https://haikyuu.fandom.com/wiki/Kei_Tsukishima
Haikyuu!!,Kei Tsukishima,Male,Karasuno High,middle blocker,,,,,Karasuno High,middle blocker,1st year,,year 1st year,Is your character a first-year high-school student?,school year,easy,https://haikyuu.fandom.com/wiki/Kei_Tsukishima
Haikyuu!!,Kei Tsukishima,Male,Karasuno High,middle blocker,,,,,Karasuno High,middle blocker,1st year,,team karasuno,Does your character play for Karasuno?,team,easy,https://haikyuu.fandom.com/wiki/Kei_Tsukishima
Haikyuu!!,Keiichiro Kanbayashi,Male,Kamomedai High,libero,,,,,Kamomedai High,libero,3rd year,,gender male,Is your character male?,gender,easy,https://haikyuu.fandom.com/wiki/Kamomedai_High
Haikyuu!!,Keiichiro Kanbayashi,Male,Kamomedai High,libero,,,,,Kamomedai High,libero,3rd year,,libero,Is your character a libero?,position,easy,https://haikyuu.fandom.com/wiki/Kamomedai_High
Haikyuu!!,Keiichiro Kanbayashi,Male,Kamomedai High,libero,,,,,Kamomedai High,libero,3rd year,,year 3rd year,Is your character a third-year high-school student?,school year,easy,https://haikyuu.fandom.com/wiki/Kamomedai_High
Haikyuu!!,Keiichiro Kanbayashi,Male,Kamomedai High,libero,,,,,Kamomedai High,libero,3rd year,,signature keiichiro kanbayashi,Does your character wear jersey number 13 for Kamomedai High and play as a libero?,signature fact,hard,https://haikyuu.fandom.com/wiki/Kamomedai_High
Haikyuu!!,Keiichiro Kanbayashi,Male,Kamomedai High,libero,,,,,Kamomedai High,libero,3rd year,,team kamomedai high,Does your character belong to Kamomedai High?,team,easy,https://haikyuu.fandom.com/wiki/Kamomedai_High
Haikyuu!!,Keiji Akaashi,Male,Fukurodani Academy,setter,,,,,Fukurodani Academy,setter,2nd year,vice captain,gender male,Is your character male?,gender,easy,https://haikyuu.fandom.com/wiki/Fukur%C5%8Ddani_Academy
Haikyuu!!,Keiji Akaashi,Male,Fukurodani Academy,setter,,,,,Fukurodani Academy,setter,2nd year,vice captain,vice captain,Is your character the team vice captain?,official role,easy,https://haikyuu.fandom.com/wiki/Fukur%C5%8Ddani_Academy
Haikyuu!!,Keiji Akaashi,Male,Fukurodani Academy,setter,,,,,Fukurodani Academy,setter,2nd year,vice captain,setter,Is your character a setter?,position,easy,https://haikyuu.fandom.com/wiki/Fukur%C5%8Ddani_Academy
Haikyuu!!,Keiji Akaashi,Male,Fukurodani Academy,setter,,,,,Fukurodani Academy,setter,2nd year,vice captain,year 2nd year,Is your character a second-year high-school student?,school year,easy,https://haikyuu.fandom.com/wiki/Fukur%C5%8Ddani_Academy
Haikyuu!!,Keiji Akaashi,Male,Fukurodani Academy,setter,,,,,Fukurodani Academy,setter,2nd year,vice captain,signature keiji akaashi,Does your character wear jersey number 5 for Fukurodani Academy and play as a setter?,signature fact,hard,https://haikyuu.fandom.com/wiki/Fukur%C5%8Ddani_Academy
Haikyuu!!,Keiji Akaashi,Male,Fukurodani Academy,setter,,,,,Fukurodani Academy,setter,2nd year,vice captain,team fukurodani academy,Does your character belong to Fukurodani Academy?,team,easy,https://haikyuu.fandom.com/wiki/Fukur%C5%8Ddani_Academy
Haikyuu!!,Keisuke Unnan,Male,Mujinazaka High,middle blocker,,,,,Mujinazaka High,middle blocker,3rd year,,gender male,Is your character male?,gender,easy,https://haikyuu.fandom.com/wiki/Mujinazaka_High
Haikyuu!!,Keisuke Unnan,Male,Mujinazaka High,middle blocker,,,,,Mujinazaka High,middle blocker,3rd year,,middle blocker,Is your character a middle blocker?,position,easy,https://haikyuu.fandom.com/wiki/Mujinazaka_High
Haikyuu!!,Keisuke Unnan,Male,Mujinazaka High,middle blocker,,,,,Mujinazaka High,middle blocker,3rd year,,year 3rd year,Is your character a third-year high-school student?,school year,easy,https://haikyuu.fandom.com/wiki/Mujinazaka_High
Haikyuu!!,Keisuke Unnan,Male,Mujinazaka High,middle blocker,,,,,Mujinazaka High,middle blocker,3rd year,,signature keisuke unnan,Does your character wear jersey number 4 for Mujinazaka High and play as a middle blocker?,signature fact,hard,https://haikyuu.fandom.com/wiki/Mujinazaka_High
Haikyuu!!,Keisuke Unnan,Male,Mujinazaka High,middle blocker,,,,,Mujinazaka High,middle blocker,3rd year,,team mujinazaka high,Does your character belong to Mujinazaka High?,team,easy,https://haikyuu.fandom.com/wiki/Mujinazaka_High
Haikyuu!!,Kenji Futakuchi,Male,Date Tech High,wing spiker,,,,,Date Tech High,wing spiker,2nd year,captain; ace,gender male,Is your character male?,gender,easy,https://haikyuu.fandom.com/wiki/Date_Tech_High
Haikyuu!!,Kenji Futakuchi,Male,Date Tech High,wing spiker,,,,,Date Tech High,wing spiker,2nd year,captain; ace,ace,Is your character the official ace of their team?,official role,easy,https://haikyuu.fandom.com/wiki/Date_Tech_High
Haikyuu!!,Kenji Futakuchi,Male,Date Tech High,wing spiker,,,,,Date Tech High,wing spiker,2nd year,captain; ace,captain,Is your character the team captain?,official role,easy,https://haikyuu.fandom.com/wiki/Date_Tech_High
Haikyuu!!,Kenji Futakuchi,Male,Date Tech High,wing spiker,,,,,Date Tech High,wing spiker,2nd year,captain; ace,wing spiker,Is your character a wing spiker?,position,easy,https://haikyuu.fandom.com/wiki/Date_Tech_High
Haikyuu!!,Kenji Futakuchi,Male,Date Tech High,wing spiker,,,,,Date Tech High,wing spiker,2nd year,captain; ace,year 2nd year,Is your character a second-year high-school student?,school year,easy,https://haikyuu.fandom.com/wiki/Date_Tech_High
Haikyuu!!,Kenji Futakuchi,Male,Date Tech High,wing spiker,,,,,Date Tech High,wing spiker,2nd year,captain; ace,signature kenji futakuchi,Does your character wear jersey number 2 for Date Tech High and play as a wing spiker?,signature fact,hard,https://haikyuu.fandom.com/wiki/Date_Tech_High
Haikyuu!!,Kenji Futakuchi,Male,Date Tech High,wing spiker,,,,,Date Tech High,wing spiker,2nd year,captain; ace,team date tech high,Does your character belong to Date Tech High?,team,easy,https://haikyuu.fandom.com/wiki/Date_Tech_High
Haikyuu!!,Kenjiro Shirabu,Male,Shiratorizawa Academy,setter,,,,,Shiratorizawa Academy,setter,2nd year,,setter,Is your character a setter?,position,easy,https://haikyuu.fandom.com/wiki/Kenjiro_Shirabu
Haikyuu!!,Kenjiro Shirabu,Male,Shiratorizawa Academy,setter,,,,,Shiratorizawa Academy,setter,2nd year,,year 2nd year,Is your character a second-year high-school student?,school year,easy,https://haikyuu.fandom.com/wiki/Kenjiro_Shirabu
Haikyuu!!,Kenjiro Shirabu,Male,Shiratorizawa Academy,setter,,,,,Shiratorizawa Academy,setter,2nd year,,team shiratorizawa,Does your character play for Shiratorizawa?,team,easy,https://haikyuu.fandom.com/wiki/Kenjiro_Shirabu
Haikyuu!!,Kenma Kozume,Male,Nekoma High,setter,,,,,Nekoma High,setter,2nd year,,blond hair with dark roots,Does your character have blond hair with dark roots?,appearance,easy,https://haikyuu.fandom.com/wiki/Kenma_Kozume
Haikyuu!!,Kenma Kozume,Male,Nekoma High,setter,,,,,Nekoma High,setter,2nd year,,setter,Is your character a setter?,position,easy,https://haikyuu.fandom.com/wiki/Kenma_Kozume
Haikyuu!!,Kenma Kozume,Male,Nekoma High,setter,,,,,Nekoma High,setter,2nd year,,hinata friend,Does your character become friends with Karasuno's orange-haired middle blocker?,relationship,medium,https://haikyuu.fandom.com/wiki/Kenma_Kozume
Haikyuu!!,Kenma Kozume,Male,Nekoma High,setter,,,,,Nekoma High,setter,2nd year,,year 2nd year,Is your character a second-year high-school student?,school year,easy,https://haikyuu.fandom.com/wiki/Kenma_Kozume
Haikyuu!!,Kenma Kozume,Male,Nekoma High,setter,,,,,Nekoma High,setter,2nd year,,team nekoma,Does your character play for Nekoma?,team,easy,https://haikyuu.fandom.com/wiki/Kenma_Kozume
Haikyuu!!,Kentaro Kyotani,Male,Aoba Johsai High,wing spiker,,,,,Aoba Johsai High,wing spiker,2nd year,,mad dog,Is your character called Mad Dog?,official nickname,medium,https://haikyuu.fandom.com/wiki/Kentaro_Kyotani
Haikyuu!!,Kentaro Kyotani,Male,Aoba Johsai High,wing spiker,,,,,Aoba Johsai High,wing spiker,2nd year,,wing spiker,Is your character a wing spiker?,position,easy,https://haikyuu.fandom.com/wiki/Kentaro_Kyotani
Haikyuu!!,Kentaro Kyotani,Male,Aoba Johsai High,wing spiker,,,,,Aoba Johsai High,wing spiker,2nd year,,year 2nd year,Is your character a second-year high-school student?,school year,easy,https://haikyuu.fandom.com/wiki/Kentaro_Kyotani
Haikyuu!!,Kentaro Kyotani,Male,Aoba Johsai High,wing spiker,,,,,Aoba Johsai High,wing spiker,2nd year,,team aoba johsai,Does your character play for Aoba Johsai?,team,easy,https://haikyuu.fandom.com/wiki/Kentaro_Kyotani
Haikyuu!!,Kiyoko Shimizu,Female,Karasuno High,manager,,,,,Karasuno High,manager,3rd year,,gender female,Is your character female?,gender,easy,https://haikyuu.fandom.com/wiki/Characters
Haikyuu!!,Kiyoko Shimizu,Female,Karasuno High,manager,,,,,Karasuno High,manager,3rd year,,role manager,Is your character a manager?,role,easy,https://haikyuu.fandom.com/wiki/Characters
Haikyuu!!,Kiyoko Shimizu,Female,Karasuno High,manager,,,,,Karasuno High,manager,3rd year,,year 3rd year,Is your character a third-year high-school student?,school year,easy,https://haikyuu.fandom.com/wiki/Characters
Haikyuu!!,Kiyoko Shimizu,Female,Karasuno High,manager,,,,,Karasuno High,manager,3rd year,,signature kiyoko shimizu,Is your character a 3rd year manager for Karasuno High?,signature fact,hard,https://haikyuu.fandom.com/wiki/Characters
Haikyuu!!,Kiyoko Shimizu,Female,Karasuno High,manager,,,,,Karasuno High,manager,3rd year,,team karasuno high,Does your character belong to Karasuno High?,team,easy,https://haikyuu.fandom.com/wiki/Characters
Haikyuu!!,Kiyoomi Sakusa,Male,Itachiyama Institute,wing spiker,,,,,Itachiyama Institute,wing spiker,2nd year,ace; top national ace,gender male,Is your character male?,gender,easy,https://haikyuu.fandom.com/wiki/Itachiyama_Institute
Haikyuu!!,Kiyoomi Sakusa,Male,Itachiyama Institute,wing spiker,,,,,Itachiyama Institute,wing spiker,2nd year,ace; top national ace,ace,Is your character the official ace of their team?,official role,easy,https://haikyuu.fandom.com/wiki/Itachiyama_Institute
Haikyuu!!,Kiyoomi Sakusa,Male,Itachiyama Institute,wing spiker,,,,,Itachiyama Institute,wing spiker,2nd year,ace; top national ace,top national ace,Is your character recognized in the story as one of Japan's top high-school aces?,official role,medium,https://haikyuu.fandom.com/wiki/Itachiyama_Institute
Haikyuu!!,Kiyoomi Sakusa,Male,Itachiyama Institute,wing spiker,,,,,Itachiyama Institute,wing spiker,2nd year,ace; top national ace,wing spiker,Is your character a wing spiker?,position,easy,https://haikyuu.fandom.com/wiki/Itachiyama_Institute
Haikyuu!!,Kiyoomi Sakusa,Male,Itachiyama Institute,wing spiker,,,,,Itachiyama Institute,wing spiker,2nd year,ace; top national ace,year 2nd year,Is your character a second-year high-school student?,school year,easy,https://haikyuu.fandom.com/wiki/Itachiyama_Institute
Haikyuu!!,Kiyoomi Sakusa,Male,Itachiyama Institute,wing spiker,,,,,Itachiyama Institute,wing spiker,2nd year,ace; top national ace,signature kiyoomi sakusa,Does your character wear jersey number 10 for Itachiyama Institute and play as a wing spiker?,signature fact,hard,https://haikyuu.fandom.com/wiki/Itachiyama_Institute
Haikyuu!!,Kiyoomi Sakusa,Male,Itachiyama Institute,wing spiker,,,,,Itachiyama Institute,wing spiker,2nd year,ace; top national ace,team itachiyama institute,Does your character belong to Itachiyama Institute?,team,easy,https://haikyuu.fandom.com/wiki/Itachiyama_Institute
Haikyuu!!,Kiyoshi Omizu,Male,Nohebi Academy,coach,,,,,Nohebi Academy,coach,,,gender male,Is your character male?,gender,easy,https://haikyuu.fandom.com/wiki/Nohebi_Academy
Haikyuu!!,Kiyoshi Omizu,Male,Nohebi Academy,coach,,,,,Nohebi Academy,coach,,,role coach,Is your character a coach?,role,easy,https://haikyuu.fandom.com/wiki/Nohebi_Academy
Haikyuu!!,Kiyoshi Omizu,Male,Nohebi Academy,coach,,,,,Nohebi Academy,coach,,,signature kiyoshi omizu,Is your character the coach of Nohebi Academy?,signature fact,hard,https://haikyuu.fandom.com/wiki/Nohebi_Academy
Haikyuu!!,Kiyoshi Omizu,Male,Nohebi Academy,coach,,,,,Nohebi Academy,coach,,,team nohebi academy,Does your character belong to Nohebi Academy?,team,easy,https://haikyuu.fandom.com/wiki/Nohebi_Academy
Haikyuu!!,Koji Hiroo,Male,Nohebi Academy,middle blocker,,,,,Nohebi Academy,middle blocker,3rd year,,gender male,Is your character male?,gender,easy,https://haikyuu.fandom.com/wiki/Nohebi_Academy
Haikyuu!!,Koji Hiroo,Male,Nohebi Academy,middle blocker,,,,,Nohebi Academy,middle blocker,3rd year,,middle blocker,Is your character a middle blocker?,position,easy,https://haikyuu.fandom.com/wiki/Nohebi_Academy
Haikyuu!!,Koji Hiroo,Male,Nohebi Academy,middle blocker,,,,,Nohebi Academy,middle blocker,3rd year,,year 3rd year,Is your character a third-year high-school student?,school year,easy,https://haikyuu.fandom.com/wiki/Nohebi_Academy
Haikyuu!!,Koji Hiroo,Male,Nohebi Academy,middle blocker,,,,,Nohebi Academy,middle blocker,3rd year,,signature koji hiroo,Does your character wear jersey number 5 for Nohebi Academy and play as a middle blocker?,signature fact,hard,https://haikyuu.fandom.com/wiki/Nohebi_Academy
Haikyuu!!,Koji Hiroo,Male,Nohebi Academy,middle blocker,,,,,Nohebi Academy,middle blocker,3rd year,,team nohebi academy,Does your character belong to Nohebi Academy?,team,easy,https://haikyuu.fandom.com/wiki/Nohebi_Academy
Haikyuu!!,Korai Hoshiumi,Male,Kamomedai High,wing spiker,,,,,Kamomedai High,wing spiker,2nd year,ace; official nickname Little Giant,gender male,Is your character male?,gender,easy,https://haikyuu.fandom.com/wiki/Kamomedai_High
Haikyuu!!,Korai Hoshiumi,Male,Kamomedai High,wing spiker,,,,,Kamomedai High,wing spiker,2nd year,ace; official nickname Little Giant,official nickname little giant,Is your character officially known as the Little Giant?,official nickname,medium,https://haikyuu.fandom.com/wiki/Kamomedai_High
Haikyuu!!,Korai Hoshiumi,Male,Kamomedai High,wing spiker,,,,,Kamomedai High,wing spiker,2nd year,ace; official nickname Little Giant,ace,Is your character the official ace of their team?,official role,easy,https://haikyuu.fandom.com/wiki/Kamomedai_High
Haikyuu!!,Korai Hoshiumi,Male,Kamomedai High,wing spiker,,,,,Kamomedai High,wing spiker,2nd year,ace; official nickname Little Giant,wing spiker,Is your character a wing spiker?,position,easy,https://haikyuu.fandom.com/wiki/Kamomedai_High
Haikyuu!!,Korai Hoshiumi,Male,Kamomedai High,wing spiker,,,,,Kamomedai High,wing spiker,2nd year,ace; official nickname Little Giant,year 2nd year,Is your character a second-year high-school student?,school year,easy,https://haikyuu.fandom.com/wiki/Kamomedai_High
Haikyuu!!,Korai Hoshiumi,Male,Kamomedai High,wing spiker,,,,,Kamomedai High,wing spiker,2nd year,ace; official nickname Little Giant,signature korai hoshiumi,Does your character wear jersey number 5 for Kamomedai High and play as a wing spiker?,signature fact,hard,https://haikyuu.fandom.com/wiki/Kamomedai_High
Haikyuu!!,Korai Hoshiumi,Male,Kamomedai High,wing spiker,,,,,Kamomedai High,wing spiker,2nd year,ace; official nickname Little Giant,team kamomedai high,Does your character belong to Kamomedai High?,team,easy,https://haikyuu.fandom.com/wiki/Kamomedai_High
Haikyuu!!,Koshi Sugawara,Male,Karasuno High,setter,,,,,Karasuno High,setter,3rd year,vice captain,silver hair,Does your character have silver or light-gray hair?,appearance,easy,https://haikyuu.fandom.com/wiki/Koshi_Sugawara
Haikyuu!!,Koshi Sugawara,Male,Karasuno High,setter,,,,,Karasuno High,setter,3rd year,vice captain,vice captain,Is your character the team vice captain?,official role,easy,https://haikyuu.fandom.com/wiki/Koshi_Sugawara
Haikyuu!!,Koshi Sugawara,Male,Karasuno High,setter,,,,,Karasuno High,setter,3rd year,vice captain,setter,Is your character a setter?,position,easy,https://haikyuu.fandom.com/wiki/Koshi_Sugawara
Haikyuu!!,Koshi Sugawara,Male,Karasuno High,setter,,,,,Karasuno High,setter,3rd year,vice captain,year 3rd year,Is your character a third-year high-school student?,school year,easy,https://haikyuu.fandom.com/wiki/Koshi_Sugawara
Haikyuu!!,Koshi Sugawara,Male,Karasuno High,setter,,,,,Karasuno High,setter,3rd year,vice captain,team karasuno,Does your character play for Karasuno?,team,easy,https://haikyuu.fandom.com/wiki/Koshi_Sugawara
Haikyuu!!,Kosuke Sakunami,Male,Date Tech High,libero,,,,,Date Tech High,libero,1st year,,gender male,Is your character male?,gender,easy,https://haikyuu.fandom.com/wiki/Date_Tech_High
Haikyuu!!,Kosuke Sakunami,Male,Date Tech High,libero,,,,,Date Tech High,libero,1st year,,libero,Is your character a libero?,position,easy,https://haikyuu.fandom.com/wiki/Date_Tech_High
Haikyuu!!,Kosuke Sakunami,Male,Date Tech High,libero,,,,,Date Tech High,libero,1st year,,year 1st year,Is your character a first-year high-school student?,school year,easy,https://haikyuu.fandom.com/wiki/Date_Tech_High
Haikyuu!!,Kosuke Sakunami,Male,Date Tech High,libero,,,,,Date Tech High,libero,1st year,,signature kosuke sakunami,Does your character wear jersey number 13 for Date Tech High and play as a libero?,signature fact,hard,https://haikyuu.fandom.com/wiki/Date_Tech_High
Haikyuu!!,Kosuke Sakunami,Male,Date Tech High,libero,,,,,Date Tech High,libero,1st year,,team date tech high,Does your character belong to Date Tech High?,team,easy,https://haikyuu.fandom.com/wiki/Date_Tech_High
Haikyuu!!,Kotaro Bokuto,Male,Fukurodani Academy,wing spiker,,,,,Fukurodani Academy,wing spiker,3rd year,captain; ace,gender male,Is your character male?,gender,easy,https://haikyuu.fandom.com/wiki/Fukur%C5%8Ddani_Academy
Haikyuu!!,Kotaro Bokuto,Male,Fukurodani Academy,wing spiker,,,,,Fukurodani Academy,wing spiker,3rd year,captain; ace,ace,Is your character the official ace of their team?,official role,easy,https://haikyuu.fandom.com/wiki/Fukur%C5%8Ddani_Academy
Haikyuu!!,Kotaro Bokuto,Male,Fukurodani Academy,wing spiker,,,,,Fukurodani Academy,wing spiker,3rd year,captain; ace,captain,Is your character the team captain?,official role,easy,https://haikyuu.fandom.com/wiki/Fukur%C5%8Ddani_Academy
Haikyuu!!,Kotaro Bokuto,Male,Fukurodani Academy,wing spiker,,,,,Fukurodani Academy,wing spiker,3rd year,captain; ace,wing spiker,Is your character a wing spiker?,position,easy,https://haikyuu.fandom.com/wiki/Fukur%C5%8Ddani_Academy
Haikyuu!!,Kotaro Bokuto,Male,Fukurodani Academy,wing spiker,,,,,Fukurodani Academy,wing spiker,3rd year,captain; ace,year 3rd year,Is your character a third-year high-school student?,school year,easy,https://haikyuu.fandom.com/wiki/Fukur%C5%8Ddani_Academy
Haikyuu!!,Kotaro Bokuto,Male,Fukurodani Academy,wing spiker,,,,,Fukurodani Academy,wing spiker,3rd year,captain; ace,signature kotaro bokuto,Does your character wear jersey number 4 for Fukurodani Academy and play as a wing spiker?,signature fact,hard,https://haikyuu.fandom.com/wiki/Fukur%C5%8Ddani_Academy
Haikyuu!!,Kotaro Bokuto,Male,Fukurodani Academy,wing spiker,,,,,Fukurodani Academy,wing spiker,3rd year,captain; ace,team fukurodani academy,Does your character belong to Fukurodani Academy?,team,easy,https://haikyuu.fandom.com/wiki/Fukur%C5%8Ddani_Academy
Haikyuu!!,Lev Haiba,Male,Nekoma High,middle blocker,,,,,Nekoma High,middle blocker,1st year,,silver hair,Does your character have silver or light-gray hair?,appearance,easy,https://haikyuu.fandom.com/wiki/Lev_Haiba
Haikyuu!!,Lev Haiba,Male,Nekoma High,middle blocker,,,,,Nekoma High,middle blocker,1st year,,middle blocker,Is your character a middle blocker?,position,easy,https://haikyuu.fandom.com/wiki/Lev_Haiba
Haikyuu!!,Lev Haiba,Male,Nekoma High,middle blocker,,,,,Nekoma High,middle blocker,1st year,,year 1st year,Is your character a first-year high-school student?,school year,easy,https://haikyuu.fandom.com/wiki/Lev_Haiba
Haikyuu!!,Lev Haiba,Male,Nekoma High,middle blocker,,,,,Nekoma High,middle blocker,1st year,,foreign ancestry,Does your character have foreign ancestry?,story fact,medium,https://haikyuu.fandom.com/wiki/Lev_Haiba
Haikyuu!!,Lev Haiba,Male,Nekoma High,middle blocker,,,,,Nekoma High,middle blocker,1st year,,team nekoma,Does your character play for Nekoma?,team,easy,https://haikyuu.fandom.com/wiki/Lev_Haiba
Haikyuu!!,Liam Tokura,Male,Kamomedai High,setter,,,,,Kamomedai High,setter,1st year,,gender male,Is your character male?,gender,easy,https://haikyuu.fandom.com/wiki/Kamomedai_High
Haikyuu!!,Liam Tokura,Male,Kamomedai High,setter,,,,,Kamomedai High,setter,1st year,,setter,Is your character a setter?,position,easy,https://haikyuu.fandom.com/wiki/Kamomedai_High
Haikyuu!!,Liam Tokura,Male,Kamomedai High,setter,,,,,Kamomedai High,setter,1st year,,year 1st year,Is your character a first-year high-school student?,school year,easy,https://haikyuu.fandom.com/wiki/Kamomedai_High
Haikyuu!!,Liam Tokura,Male,Kamomedai High,setter,,,,,Kamomedai High,setter,1st year,,signature liam tokura,Does your character wear jersey number 12 for Kamomedai High and play as a setter?,signature fact,hard,https://haikyuu.fandom.com/wiki/Kamomedai_High
Haikyuu!!,Liam Tokura,Male,Kamomedai High,setter,,,,,Kamomedai High,setter,1st year,,team kamomedai high,Does your character belong to Kamomedai High?,team,easy,https://haikyuu.fandom.com/wiki/Kamomedai_High
Haikyuu!!,Mai Nametsu,Female,Date Tech High,manager,,,,,Date Tech High,manager,2nd year,,gender female,Is your character female?,gender,easy,https://haikyuu.fandom.com/wiki/Date_Tech_High
Haikyuu!!,Mai Nametsu,Female,Date Tech High,manager,,,,,Date Tech High,manager,2nd year,,role manager,Is your character a manager?,role,easy,https://haikyuu.fandom.com/wiki/Date_Tech_High
Haikyuu!!,Mai Nametsu,Female,Date Tech High,manager,,,,,Date Tech High,manager,2nd year,,year 2nd year,Is your character a second-year high-school student?,school year,easy,https://haikyuu.fandom.com/wiki/Date_Tech_High
Haikyuu!!,Mai Nametsu,Female,Date Tech High,manager,,,,,Date Tech High,manager,2nd year,,signature mai nametsu,Is your character a 2nd year manager for Date Tech High?,signature fact,hard,https://haikyuu.fandom.com/wiki/Date_Tech_High
Haikyuu!!,Mai Nametsu,Female,Date Tech High,manager,,,,,Date Tech High,manager,2nd year,,team date tech high,Does your character belong to Date Tech High?,team,easy,https://haikyuu.fandom.com/wiki/Date_Tech_High
Haikyuu!!,Masaomi Onikobe,Male,Wakutani Minami High,coach,,,,,Wakutani Minami High,coach,,,gender male,Is your character male?,gender,easy,https://haikyuu.fandom.com/wiki/Wakutani_Minami_High
Haikyuu!!,Masaomi Onikobe,Male,Wakutani Minami High,coach,,,,,Wakutani Minami High,coach,,,role coach,Is your character a coach?,role,easy,https://haikyuu.fandom.com/wiki/Wakutani_Minami_High
Haikyuu!!,Masaomi Onikobe,Male,Wakutani Minami High,coach,,,,,Wakutani Minami High,coach,,,signature masaomi onikobe,Is your character the coach of Wakutani Minami High?,signature fact,hard,https://haikyuu.fandom.com/wiki/Wakutani_Minami_High
Haikyuu!!,Masaomi Onikobe,Male,Wakutani Minami High,coach,,,,,Wakutani Minami High,coach,,,team wakutani minami high,Does your character belong to Wakutani Minami High?,team,easy,https://haikyuu.fandom.com/wiki/Wakutani_Minami_High
Haikyuu!!,Michiko Kuzuri,Female,Mujinazaka High,coach,,,,,Mujinazaka High,coach,,,gender female,Is your character female?,gender,easy,https://haikyuu.fandom.com/wiki/Mujinazaka_High
Haikyuu!!,Michiko Kuzuri,Female,Mujinazaka High,coach,,,,,Mujinazaka High,coach,,,role coach,Is your character a coach?,role,easy,https://haikyuu.fandom.com/wiki/Mujinazaka_High
Haikyuu!!,Michiko Kuzuri,Female,Mujinazaka High,coach,,,,,Mujinazaka High,coach,,,signature michiko kuzuri,Is your character the coach of Mujinazaka High?,signature fact,hard,https://haikyuu.fandom.com/wiki/Mujinazaka_High
Haikyuu!!,Michiko Kuzuri,Female,Mujinazaka High,coach,,,,,Mujinazaka High,coach,,,team mujinazaka high,Does your character belong to Mujinazaka High?,team,easy,https://haikyuu.fandom.com/wiki/Mujinazaka_High
Haikyuu!!,Michinari Akagi,Male,Inarizaki High,libero,,,,,Inarizaki High,libero,3rd year,,libero,Is your character a libero?,position,easy,https://haikyuu.fandom.com/wiki/Michinari_Akagi
Haikyuu!!,Michinari Akagi,Male,Inarizaki High,libero,,,,,Inarizaki High,libero,3rd year,,year 3rd year,Is your character a third-year high-school student?,school year,easy,https://haikyuu.fandom.com/wiki/Michinari_Akagi
Haikyuu!!,Michinari Akagi,Male,Inarizaki High,libero,,,,,Inarizaki High,libero,3rd year,,team inarizaki,Does your character play for Inarizaki?,team,easy,https://haikyuu.fandom.com/wiki/Michinari_Akagi
Haikyuu!!,Michiru Usuri,Male,Mujinazaka High,setter,,,,,Mujinazaka High,setter,2nd year,,gender male,Is your character male?,gender,easy,https://haikyuu.fandom.com/wiki/Mujinazaka_High
Haikyuu!!,Michiru Usuri,Male,Mujinazaka High,setter,,,,,Mujinazaka High,setter,2nd year,,setter,Is your character a setter?,position,easy,https://haikyuu.fandom.com/wiki/Mujinazaka_High
Haikyuu!!,Michiru Usuri,Male,Mujinazaka High,setter,,,,,Mujinazaka High,setter,2nd year,,year 2nd year,Is your character a second-year high-school student?,school year,easy,https://haikyuu.fandom.com/wiki/Mujinazaka_High
Haikyuu!!,Michiru Usuri,Male,Mujinazaka High,setter,,,,,Mujinazaka High,setter,2nd year,,signature michiru usuri,Does your character wear jersey number 9 for Mujinazaka High and play as a setter?,signature fact,hard,https://haikyuu.fandom.com/wiki/Mujinazaka_High
Haikyuu!!,Michiru Usuri,Male,Mujinazaka High,setter,,,,,Mujinazaka High,setter,2nd year,,team mujinazaka high,Does your character belong to Mujinazaka High?,team,easy,https://haikyuu.fandom.com/wiki/Mujinazaka_High
Haikyuu!!,Morisuke Yaku,Male,Nekoma High,libero,,,,,Nekoma High,libero,3rd year,,libero,Is your character a libero?,position,easy,https://haikyuu.fandom.com/wiki/Morisuke_Yaku
Haikyuu!!,Morisuke Yaku,Male,Nekoma High,libero,,,,,Nekoma High,libero,3rd year,,year 3rd year,Is your character a third-year high-school student?,school year,easy,https://haikyuu.fandom.com/wiki/Morisuke_Yaku
Haikyuu!!,Morisuke Yaku,Male,Nekoma High,libero,,,,,Nekoma High,libero,3rd year,,team nekoma,Does your character play for Nekoma?,team,easy,https://haikyuu.fandom.com/wiki/Morisuke_Yaku
Haikyuu!!,Motoki Teradomari,Male,Tsubakihara Academy,wing spiker,,,,,Tsubakihara Academy,wing spiker,3rd year,ace,gender male,Is your character male?,gender,easy,https://haikyuu.fandom.com/wiki/Tsubakihara_Academy
Haikyuu!!,Motoki Teradomari,Male,Tsubakihara Academy,wing spiker,,,,,Tsubakihara Academy,wing spiker,3rd year,ace,ace,Is your character the official ace of their team?,official role,easy,https://haikyuu.fandom.com/wiki/Tsubakihara_Academy
Haikyuu!!,Motoki Teradomari,Male,Tsubakihara Academy,wing spiker,,,,,Tsubakihara Academy,wing spiker,3rd year,ace,wing spiker,Is your character a wing spiker?,position,easy,https://haikyuu.fandom.com/wiki/Tsubakihara_Academy
Haikyuu!!,Motoki Teradomari,Male,Tsubakihara Academy,wing spiker,,,,,Tsubakihara Academy,wing spiker,3rd year,ace,year 3rd year,Is your character a third-year high-school student?,school year,easy,https://haikyuu.fandom.com/wiki/Tsubakihara_Academy
Haikyuu!!,Motoki Teradomari,Male,Tsubakihara Academy,wing spiker,,,,,Tsubakihara Academy,wing spiker,3rd year,ace,signature motoki teradomari,Does your character wear jersey number 4 for Tsubakihara Academy and play as a wing spiker?,signature fact,hard,https://haikyuu.fandom.com/wiki/Tsubakihara_Academy
Haikyuu!!,Motoki Teradomari,Male,Tsubakihara Academy,wing spiker,,,,,Tsubakihara Academy,wing spiker,3rd year,ace,team tsubakihara academy,Does your character belong to Tsubakihara Academy?,team,easy,https://haikyuu.fandom.com/wiki/Tsubakihara_Academy
Haikyuu!!,Motoya Komori,Male,Itachiyama Institute,libero,,,,,Itachiyama Institute,libero,2nd year,national youth camp,gender male,Is your character male?,gender,easy,https://haikyuu.fandom.com/wiki/Itachiyama_Institute
Haikyuu!!,Motoya Komori,Male,Itachiyama Institute,libero,,,,,Itachiyama Institute,libero,2nd year,national youth camp,libero,Is your character a libero?,position,easy,https://haikyuu.fandom.com/wiki/Itachiyama_Institute
Haikyuu!!,Motoya Komori,Male,Itachiyama Institute,libero,,,,,Itachiyama Institute,libero,2nd year,national youth camp,year 2nd year,Is your character a second-year high-school student?,school year,easy,https://haikyuu.fandom.com/wiki/Itachiyama_Institute
Haikyuu!!,Motoya Komori,Male,Itachiyama Institute,libero,,,,,Itachiyama Institute,libero,2nd year,national youth camp,signature motoya komori,Does your character wear jersey number 13 for Itachiyama Institute and play as a libero?,signature fact,hard,https://haikyuu.fandom.com/wiki/Itachiyama_Institute
Haikyuu!!,Motoya Komori,Male,Itachiyama Institute,libero,,,,,Itachiyama Institute,libero,2nd year,national youth camp,national youth camp,Was your character invited to the All-Japan Youth training camp?,story fact,medium,https://haikyuu.fandom.com/wiki/Itachiyama_Institute
Haikyuu!!,Motoya Komori,Male,Itachiyama Institute,libero,,,,,Itachiyama Institute,libero,2nd year,national youth camp,team itachiyama institute,Does your character belong to Itachiyama Institute?,team,easy,https://haikyuu.fandom.com/wiki/Itachiyama_Institute
Haikyuu!!,Naoharu Ezota,Male,Mujinazaka High,wing spiker,,,,,Mujinazaka High,wing spiker,3rd year,,gender male,Is your character male?,gender,easy,https://haikyuu.fandom.com/wiki/Mujinazaka_High
Haikyuu!!,Naoharu Ezota,Male,Mujinazaka High,wing spiker,,,,,Mujinazaka High,wing spiker,3rd year,,wing spiker,Is your character a wing spiker?,position,easy,https://haikyuu.fandom.com/wiki/Mujinazaka_High
Haikyuu!!,Naoharu Ezota,Male,Mujinazaka High,wing spiker,,,,,Mujinazaka High,wing spiker,3rd year,,year 3rd year,Is your character a third-year high-school student?,school year,easy,https://haikyuu.fandom.com/wiki/Mujinazaka_High
Haikyuu!!,Naoharu Ezota,Male,Mujinazaka High,wing spiker,,,,,Mujinazaka High,wing spiker,3rd year,,signature naoharu ezota,Does your character wear jersey number 7 for Mujinazaka High and play as a wing spiker?,signature fact,hard,https://haikyuu.fandom.com/wiki/Mujinazaka_High
Haikyuu!!,Naoharu Ezota,Male,Mujinazaka High,wing spiker,,,,,Mujinazaka High,wing spiker,3rd year,,team mujinazaka high,Does your character belong to Mujinazaka High?,team,easy,https://haikyuu.fandom.com/wiki/Mujinazaka_High
Haikyuu!!,Naoyasu Kuguri,Male,Nohebi Academy,wing spiker,,,,,Nohebi Academy,wing spiker,1st year,,gender male,Is your character male?,gender,easy,https://haikyuu.fandom.com/wiki/Nohebi_Academy
Haikyuu!!,Naoyasu Kuguri,Male,Nohebi Academy,wing spiker,,,,,Nohebi Academy,wing spiker,1st year,,wing spiker,Is your character a wing spiker?,position,easy,https://haikyuu.fandom.com/wiki/Nohebi_Academy
Haikyuu!!,Naoyasu Kuguri,Male,Nohebi Academy,wing spiker,,,,,Nohebi Academy,wing spiker,1st year,,year 1st year,Is your character a first-year high-school student?,school year,easy,https://haikyuu.fandom.com/wiki/Nohebi_Academy
Haikyuu!!,Naoyasu Kuguri,Male,Nohebi Academy,wing spiker,,,,,Nohebi Academy,wing spiker,1st year,,signature naoyasu kuguri,Does your character wear jersey number 12 for Nohebi Academy and play as a wing spiker?,signature fact,hard,https://haikyuu.fandom.com/wiki/Nohebi_Academy
Haikyuu!!,Naoyasu Kuguri,Male,Nohebi Academy,wing spiker,,,,,Nohebi Academy,wing spiker,1st year,,team nohebi academy,Does your character belong to Nohebi Academy?,team,easy,https://haikyuu.fandom.com/wiki/Nohebi_Academy
Haikyuu!!,Nobuyoshi Iizaka,Male,Johzenji High,middle blocker,,,,,Johzenji High,middle blocker,2nd year,,gender male,Is your character male?,gender,easy,https://haikyuu.fandom.com/wiki/Johzenji_High
Haikyuu!!,Nobuyoshi Iizaka,Male,Johzenji High,middle blocker,,,,,Johzenji High,middle blocker,2nd year,,middle blocker,Is your character a middle blocker?,position,easy,https://haikyuu.fandom.com/wiki/Johzenji_High
Haikyuu!!,Nobuyoshi Iizaka,Male,Johzenji High,middle blocker,,,,,Johzenji High,middle blocker,2nd year,,year 2nd year,Is your character a second-year high-school student?,school year,easy,https://haikyuu.fandom.com/wiki/Johzenji_High
Haikyuu!!,Nobuyoshi Iizaka,Male,Johzenji High,middle blocker,,,,,Johzenji High,middle blocker,2nd year,,signature nobuyoshi iizaka,Does your character wear jersey number 9 for Johzenji High and play as a middle blocker?,signature fact,hard,https://haikyuu.fandom.com/wiki/Johzenji_High
Haikyuu!!,Nobuyoshi Iizaka,Male,Johzenji High,middle blocker,,,,,Johzenji High,middle blocker,2nd year,,team johzenji high,Does your character belong to Johzenji High?,team,easy,https://haikyuu.fandom.com/wiki/Johzenji_High
Haikyuu!!,Nobuyuki Kai,Male,Nekoma High,wing spiker,,,,,Nekoma High,wing spiker,3rd year,vice captain,vice captain,Is your character the team vice captain?,official role,easy,https://haikyuu.fandom.com/wiki/Nobuyuki_Kai
Haikyuu!!,Nobuyuki Kai,Male,Nekoma High,wing spiker,,,,,Nekoma High,wing spiker,3rd year,vice captain,wing spiker,Is your character a wing spiker?,position,easy,https://haikyuu.fandom.com/wiki/Nobuyuki_Kai
Haikyuu!!,Nobuyuki Kai,Male,Nekoma High,wing spiker,,,,,Nekoma High,wing spiker,3rd year,vice captain,year 3rd year,Is your character a third-year high-school student?,school year,easy,https://haikyuu.fandom.com/wiki/Nobuyuki_Kai
Haikyuu!!,Nobuyuki Kai,Male,Nekoma High,wing spiker,,,,,Nekoma High,wing spiker,3rd year,vice captain,team nekoma,Does your character play for Nekoma?,team,easy,https://haikyuu.fandom.com/wiki/Nobuyuki_Kai
Haikyuu!!,Nozomu Mami,Male,Mujinazaka High,middle blocker,,,,,Mujinazaka High,middle blocker,3rd year,,gender male,Is your character male?,gender,easy,https://haikyuu.fandom.com/wiki/Mujinazaka_High
Haikyuu!!,Nozomu Mami,Male,Mujinazaka High,middle blocker,,,,,Mujinazaka High,middle blocker,3rd year,,middle blocker,Is your character a middle blocker?,position,easy,https://haikyuu.fandom.com/wiki/Mujinazaka_High
Haikyuu!!,Nozomu Mami,Male,Mujinazaka High,middle blocker,,,,,Mujinazaka High,middle blocker,3rd year,,year 3rd year,Is your character a third-year high-school student?,school year,easy,https://haikyuu.fandom.com/wiki/Mujinazaka_High
Haikyuu!!,Nozomu Mami,Male,Mujinazaka High,middle blocker,,,,,Mujinazaka High,middle blocker,3rd year,,signature nozomu mami,Does your character wear jersey number 2 for Mujinazaka High and play as a middle blocker?,signature fact,hard,https://haikyuu.fandom.com/wiki/Mujinazaka_High
Haikyuu!!,Nozomu Mami,Male,Mujinazaka High,middle blocker,,,,,Mujinazaka High,middle blocker,3rd year,,team mujinazaka high,Does your character belong to Mujinazaka High?,team,easy,https://haikyuu.fandom.com/wiki/Mujinazaka_High
Haikyuu!!,Osamu Miya,Male,Inarizaki High,wing spiker,,,,,Inarizaki High,wing spiker,2nd year,,gray hair,Does your character have gray hair?,appearance,easy,https://haikyuu.fandom.com/wiki/Osamu_Miya
Haikyuu!!,Osamu Miya,Male,Inarizaki High,wing spiker,,,,,Inarizaki High,wing spiker,2nd year,,wing spiker,Is your character a wing spiker?,position,easy,https://haikyuu.fandom.com/wiki/Osamu_Miya
Haikyuu!!,Osamu Miya,Male,Inarizaki High,wing spiker,,,,,Inarizaki High,wing spiker,2nd year,,miya twin,Is your character one of the Miya twins?,relationship,medium,https://haikyuu.fandom.com/wiki/Osamu_Miya
Haikyuu!!,Osamu Miya,Male,Inarizaki High,wing spiker,,,,,Inarizaki High,wing spiker,2nd year,,year 2nd year,Is your character a second-year high-school student?,school year,easy,https://haikyuu.fandom.com/wiki/Osamu_Miya
Haikyuu!!,Osamu Miya,Male,Inarizaki High,wing spiker,,,,,Inarizaki High,wing spiker,2nd year,,team inarizaki,Does your character play for Inarizaki?,team,easy,https://haikyuu.fandom.com/wiki/Osamu_Miya
Haikyuu!!,Ren Omimi,Male,Inarizaki High,middle blocker,,,,,Inarizaki High,middle blocker,3rd year,,middle blocker,Is your character a middle blocker?,position,easy,https://haikyuu.fandom.com/wiki/Ren_Omimi
Haikyuu!!,Ren Omimi,Male,Inarizaki High,middle blocker,,,,,Inarizaki High,middle blocker,3rd year,,year 3rd year,Is your character a third-year high-school student?,school year,easy,https://haikyuu.fandom.com/wiki/Ren_Omimi
Haikyuu!!,Ren Omimi,Male,Inarizaki High,middle blocker,,,,,Inarizaki High,middle blocker,3rd year,,team inarizaki,Does your character play for Inarizaki?,team,easy,https://haikyuu.fandom.com/wiki/Ren_Omimi
Haikyuu!!,Reon Ohira,Male,Shiratorizawa Academy,wing spiker,,,,,Shiratorizawa Academy,wing spiker,3rd year,vice captain,vice captain,Is your character the team vice captain?,official role,easy,https://haikyuu.fandom.com/wiki/Reon_Ohira
Haikyuu!!,Reon Ohira,Male,Shiratorizawa Academy,wing spiker,,,,,Shiratorizawa Academy,wing spiker,3rd year,vice captain,wing spiker,Is your character a wing spiker?,position,easy,https://haikyuu.fandom.com/wiki/Reon_Ohira
Haikyuu!!,Reon Ohira,Male,Shiratorizawa Academy,wing spiker,,,,,Shiratorizawa Academy,wing spiker,3rd year,vice captain,year 3rd year,Is your character a third-year high-school student?,school year,easy,https://haikyuu.fandom.com/wiki/Reon_Ohira
Haikyuu!!,Reon Ohira,Male,Shiratorizawa Academy,wing spiker,,,,,Shiratorizawa Academy,wing spiker,3rd year,vice captain,team shiratorizawa,Does your character play for Shiratorizawa?,team,easy,https://haikyuu.fandom.com/wiki/Reon_Ohira
Haikyuu!!,Rikuto Shibuya,Male,Tokonami High,middle blocker,,,,,Tokonami High,middle blocker,2nd year,,gender male,Is your character male?,gender,easy,https://haikyuu.fandom.com/wiki/Tokonami_High
Haikyuu!!,Rikuto Shibuya,Male,Tokonami High,middle blocker,,,,,Tokonami High,middle blocker,2nd year,,middle blocker,Is your character a middle blocker?,position,easy,https://haikyuu.fandom.com/wiki/Tokonami_High
Haikyuu!!,Rikuto Shibuya,Male,Tokonami High,middle blocker,,,,,Tokonami High,middle blocker,2nd year,,year 2nd year,Is your character a second-year high-school student?,school year,easy,https://haikyuu.fandom.com/wiki/Tokonami_High
Haikyuu!!,Rikuto Shibuya,Male,Tokonami High,middle blocker,,,,,Tokonami High,middle blocker,2nd year,,signature rikuto shibuya,Does your character wear jersey number 10 for Tokonami High and play as a middle blocker?,signature fact,hard,https://haikyuu.fandom.com/wiki/Tokonami_High
Haikyuu!!,Rikuto Shibuya,Male,Tokonami High,middle blocker,,,,,Tokonami High,middle blocker,2nd year,,team tokonami high,Does your character belong to Tokonami High?,team,easy,https://haikyuu.fandom.com/wiki/Tokonami_High
Haikyuu!!,Rintaro Numajiri,Male,Johzenji High,wing spiker,,,,,Johzenji High,wing spiker,2nd year,,gender male,Is your character male?,gender,easy,https://haikyuu.fandom.com/wiki/Johzenji_High
Haikyuu!!,Rintaro Numajiri,Male,Johzenji High,wing spiker,,,,,Johzenji High,wing spiker,2nd year,,wing spiker,Is your character a wing spiker?,position,easy,https://haikyuu.fandom.com/wiki/Johzenji_High
Haikyuu!!,Rintaro Numajiri,Male,Johzenji High,wing spiker,,,,,Johzenji High,wing spiker,2nd year,,year 2nd year,Is your character a second-year high-school student?,school year,easy,https://haikyuu.fandom.com/wiki/Johzenji_High
Haikyuu!!,Rintaro Numajiri,Male,Johzenji High,wing spiker,,,,,Johzenji High,wing spiker,2nd year,,signature rintaro numajiri,Does your character wear jersey number 7 for Johzenji High and play as a wing spiker?,signature fact,hard,https://haikyuu.fandom.com/wiki/Johzenji_High
Haikyuu!!,Rintaro Numajiri,Male,Johzenji High,wing spiker,,,,,Johzenji High,wing spiker,2nd year,,team johzenji high,Does your character belong to Johzenji High?,team,easy,https://haikyuu.fandom.com/wiki/Johzenji_High
Haikyuu!!,Rintaro Suna,Male,Inarizaki High,middle blocker,,,,,Inarizaki High,middle blocker,2nd year,,narrow eyes,Does your character have narrow eyes?,appearance,easy,https://haikyuu.fandom.com/wiki/Rintaro_Suna
Haikyuu!!,Rintaro Suna,Male,Inarizaki High,middle blocker,,,,,Inarizaki High,middle blocker,2nd year,,middle blocker,Is your character a middle blocker?,position,easy,https://haikyuu.fandom.com/wiki/Rintaro_Suna
Haikyuu!!,Rintaro Suna,Male,Inarizaki High,middle blocker,,,,,Inarizaki High,middle blocker,2nd year,,year 2nd year,Is your character a second-year high-school student?,school year,easy,https://haikyuu.fandom.com/wiki/Rintaro_Suna
Haikyuu!!,Rintaro Suna,Male,Inarizaki High,middle blocker,,,,,Inarizaki High,middle blocker,2nd year,,team inarizaki,Does your character play for Inarizaki?,team,easy,https://haikyuu.fandom.com/wiki/Rintaro_Suna
Haikyuu!!,Runa Kuribayashi,Female,Johzenji High,manager,,,,,Johzenji High,manager,1st year,,gender female,Is your character female?,gender,easy,https://haikyuu.fandom.com/wiki/Johzenji_High
Haikyuu!!,Runa Kuribayashi,Female,Johzenji High,manager,,,,,Johzenji High,manager,1st year,,role manager,Is your character a manager?,role,easy,https://haikyuu.fandom.com/wiki/Johzenji_High
Haikyuu!!,Runa Kuribayashi,Female,Johzenji High,manager,,,,,Johzenji High,manager,1st year,,year 1st year,Is your character a first-year high-school student?,school year,easy,https://haikyuu.fandom.com/wiki/Johzenji_High
Haikyuu!!,Runa Kuribayashi,Female,Johzenji High,manager,,,,,Johzenji High,manager,1st year,,signature runa kuribayashi,Is your character a 1st year manager for Johzenji High?,signature fact,hard,https://haikyuu.fandom.com/wiki/Johzenji_High
Haikyuu!!,Runa Kuribayashi,Female,Johzenji High,manager,,,,,Johzenji High,manager,1st year,,team johzenji high,Does your character belong to Johzenji High?,team,easy,https://haikyuu.fandom.com/wiki/Johzenji_High
Haikyuu!!,Ryunosuke Tanaka,Male,Karasuno High,wing spiker,,,,,Karasuno High,wing spiker,2nd year,,shaved head,Does your character have a shaved head?,appearance,easy,https://haikyuu.fandom.com/wiki/Ryunosuke_Tanaka
Haikyuu!!,Ryunosuke Tanaka,Male,Karasuno High,wing spiker,,,,,Karasuno High,wing spiker,2nd year,,wing spiker,Is your character a wing spiker?,position,easy,https://haikyuu.fandom.com/wiki/Ryunosuke_Tanaka
Haikyuu!!,Ryunosuke Tanaka,Male,Karasuno High,wing spiker,,,,,Karasuno High,wing spiker,2nd year,,year 2nd year,Is your character a second-year high-school student?,school year,easy,https://haikyuu.fandom.com/wiki/Ryunosuke_Tanaka
Haikyuu!!,Ryunosuke Tanaka,Male,Karasuno High,wing spiker,,,,,Karasuno High,wing spiker,2nd year,,team karasuno,Does your character play for Karasuno?,team,easy,https://haikyuu.fandom.com/wiki/Ryunosuke_Tanaka
Haikyuu!!,Sachiro Hirugami,Male,Kamomedai High,middle blocker,,,,,Kamomedai High,middle blocker,2nd year,,gender male,Is your character male?,gender,easy,https://haikyuu.fandom.com/wiki/Kamomedai_High
Haikyuu!!,Sachiro Hirugami,Male,Kamomedai High,middle blocker,,,,,Kamomedai High,middle blocker,2nd year,,middle blocker,Is your character a middle blocker?,position,easy,https://haikyuu.fandom.com/wiki/Kamomedai_High
Haikyuu!!,Sachiro Hirugami,Male,Kamomedai High,middle blocker,,,,,Kamomedai High,middle blocker,2nd year,,year 2nd year,Is your character a second-year high-school student?,school year,easy,https://haikyuu.fandom.com/wiki/Kamomedai_High
Haikyuu!!,Sachiro Hirugami,Male,Kamomedai High,middle blocker,,,,,Kamomedai High,middle blocker,2nd year,,signature sachiro hirugami,Does your character wear jersey number 6 for Kamomedai High and play as a middle blocker?,signature fact,hard,https://haikyuu.fandom.com/wiki/Kamomedai_High
Haikyuu!!,Sachiro Hirugami,Male,Kamomedai High,middle blocker,,,,,Kamomedai High,middle blocker,2nd year,,team kamomedai high,Does your character belong to Kamomedai High?,team,easy,https://haikyuu.fandom.com/wiki/Kamomedai_High
Haikyuu!!,Sakae Echigo,Male,Tsubakihara Academy,setter,,,,,Tsubakihara Academy,setter,3rd year,captain,gender male,Is your character male?,gender,easy,https://haikyuu.fandom.com/wiki/Tsubakihara_Academy
Haikyuu!!,Sakae Echigo,Male,Tsubakihara Academy,setter,,,,,Tsubakihara Academy,setter,3rd year,captain,captain,Is your character the team captain?,official role,easy,https://haikyuu.fandom.com/wiki/Tsubakihara_Academy
Haikyuu!!,Sakae Echigo,Male,Tsubakihara Academy,setter,,,,,Tsubakihara Academy,setter,3rd year,captain,setter,Is your character a setter?,position,easy,https://haikyuu.fandom.com/wiki/Tsubakihara_Academy
Haikyuu!!,Sakae Echigo,Male,Tsubakihara Academy,setter,,,,,Tsubakihara Academy,setter,3rd year,captain,year 3rd year,Is your character a third-year high-school student?,school year,easy,https://haikyuu.fandom.com/wiki/Tsubakihara_Academy
Haikyuu!!,Sakae Echigo,Male,Tsubakihara Academy,setter,,,,,Tsubakihara Academy,setter,3rd year,captain,signature sakae echigo,Does your character wear jersey number 2 for Tsubakihara Academy and play as a setter?,signature fact,hard,https://haikyuu.fandom.com/wiki/Tsubakihara_Academy
Haikyuu!!,Sakae Echigo,Male,Tsubakihara Academy,setter,,,,,Tsubakihara Academy,setter,3rd year,captain,team tsubakihara academy,Does your character belong to Tsubakihara Academy?,team,easy,https://haikyuu.fandom.com/wiki/Tsubakihara_Academy
Haikyuu!!,Satori Tendo,Male,Shiratorizawa Academy,middle blocker,,,,,Shiratorizawa Academy,middle blocker,3rd year,,red hair,Does your character have red hair?,appearance,easy,https://haikyuu.fandom.com/wiki/Satori_Tendo
Haikyuu!!,Satori Tendo,Male,Shiratorizawa Academy,middle blocker,,,,,Shiratorizawa Academy,middle blocker,3rd year,,guess monster,Is your character called the Guess Monster?,official nickname,medium,https://haikyuu.fandom.com/wiki/Satori_Tendo
Haikyuu!!,Satori Tendo,Male,Shiratorizawa Academy,middle blocker,,,,,Shiratorizawa Academy,middle blocker,3rd year,,middle blocker,Is your character a middle blocker?,position,easy,https://haikyuu.fandom.com/wiki/Satori_Tendo
Haikyuu!!,Satori Tendo,Male,Shiratorizawa Academy,middle blocker,,,,,Shiratorizawa Academy,middle blocker,3rd year,,year 3rd year,Is your character a third-year high-school student?,school year,easy,https://haikyuu.fandom.com/wiki/Satori_Tendo
Haikyuu!!,Satori Tendo,Male,Shiratorizawa Academy,middle blocker,,,,,Shiratorizawa Academy,middle blocker,3rd year,,team shiratorizawa,Does your character play for Shiratorizawa?,team,easy,https://haikyuu.fandom.com/wiki/Satori_Tendo
Haikyuu!!,Shigeru Yahaba,Male,Aoba Johsai High,setter,,,,,Aoba Johsai High,setter,2nd year,,setter,Is your character a setter?,position,easy,https://haikyuu.fandom.com/wiki/Shigeru_Yahaba
Haikyuu!!,Shigeru Yahaba,Male,Aoba Johsai High,setter,,,,,Aoba Johsai High,setter,2nd year,,year 2nd year,Is your character a second-year high-school student?,school year,easy,https://haikyuu.fandom.com/wiki/Shigeru_Yahaba
Haikyuu!!,Shigeru Yahaba,Male,Aoba Johsai High,setter,,,,,Aoba Johsai High,setter,2nd year,,team aoba johsai,Does your character play for Aoba Johsai?,team,easy,https://haikyuu.fandom.com/wiki/Shigeru_Yahaba
Haikyuu!!,Shinji Watari,Male,Aoba Johsai High,libero,,,,,Aoba Johsai High,libero,2nd year,,libero,Is your character a libero?,position,easy,https://haikyuu.fandom.com/wiki/Shinji_Watari
Haikyuu!!,Shinji Watari,Male,Aoba Johsai High,libero,,,,,Aoba Johsai High,libero,2nd year,,year 2nd year,Is your character a second-year high-school student?,school year,easy,https://haikyuu.fandom.com/wiki/Shinji_Watari
Haikyuu!!,Shinji Watari,Male,Aoba Johsai High,libero,,,,,Aoba Johsai High,libero,2nd year,,former setter,Did your character previously play as a setter?,story fact,medium,https://haikyuu.fandom.com/wiki/Shinji_Watari
Haikyuu!!,Shinji Watari,Male,Aoba Johsai High,libero,,,,,Aoba Johsai High,libero,2nd year,,team aoba johsai,Does your character play for Aoba Johsai?,team,easy,https://haikyuu.fandom.com/wiki/Shinji_Watari
Haikyuu!!,Shinsuke Kita,Male,Inarizaki High,wing spiker,,,,,Inarizaki High,wing spiker,3rd year,captain,white hair,Does your character have mostly white hair?,appearance,easy,https://haikyuu.fandom.com/wiki/Shinsuke_Kita
Haikyuu!!,Shinsuke Kita,Male,Inarizaki High,wing spiker,,,,,Inarizaki High,wing spiker,3rd year,captain,captain,Is your character the team captain?,official role,easy,https://haikyuu.fandom.com/wiki/Shinsuke_Kita
Haikyuu!!,Shinsuke Kita,Male,Inarizaki High,wing spiker,,,,,Inarizaki High,wing spiker,3rd year,captain,wing spiker,Is your character a wing spiker?,position,easy,https://haikyuu.fandom.com/wiki/Shinsuke_Kita
Haikyuu!!,Shinsuke Kita,Male,Inarizaki High,wing spiker,,,,,Inarizaki High,wing spiker,3rd year,captain,year 3rd year,Is your character a third-year high-school student?,school year,easy,https://haikyuu.fandom.com/wiki/Shinsuke_Kita
Haikyuu!!,Shinsuke Kita,Male,Inarizaki High,wing spiker,,,,,Inarizaki High,wing spiker,3rd year,captain,team inarizaki,Does your character play for Inarizaki?,team,easy,https://haikyuu.fandom.com/wiki/Shinsuke_Kita
Haikyuu!!,Shohei Fukunaga,Male,Nekoma High,wing spiker,,,,,Nekoma High,wing spiker,2nd year,,wing spiker,Is your character a wing spiker?,position,easy,https://haikyuu.fandom.com/wiki/Shohei_Fukunaga
Haikyuu!!,Shohei Fukunaga,Male,Nekoma High,wing spiker,,,,,Nekoma High,wing spiker,2nd year,,year 2nd year,Is your character a second-year high-school student?,school year,easy,https://haikyuu.fandom.com/wiki/Shohei_Fukunaga
Haikyuu!!,Shohei Fukunaga,Male,Nekoma High,wing spiker,,,,,Nekoma High,wing spiker,2nd year,,team nekoma,Does your character play for Nekoma?,team,easy,https://haikyuu.fandom.com/wiki/Shohei_Fukunaga
Haikyuu!!,Shoko Hirugami,Female,Kamomedai High girls team,wing spiker,,,,,Kamomedai High girls team,wing spiker,,former girls team player,gender female,Is your character female?,gender,easy,https://haikyuu.fandom.com/wiki/Kamomedai_High
Haikyuu!!,Shoko Hirugami,Female,Kamomedai High girls team,wing spiker,,,,,Kamomedai High girls team,wing spiker,,former girls team player,wing spiker,Is your character a wing spiker?,position,easy,https://haikyuu.fandom.com/wiki/Kamomedai_High
Haikyuu!!,Shoko Hirugami,Female,Kamomedai High girls team,wing spiker,,,,,Kamomedai High girls team,wing spiker,,former girls team player,signature shoko hirugami,Does your character play wing spiker for Kamomedai High's girls volleyball team?,signature fact,hard,https://haikyuu.fandom.com/wiki/Kamomedai_High
Haikyuu!!,Shoko Hirugami,Female,Kamomedai High girls team,wing spiker,,,,,Kamomedai High girls team,wing spiker,,former girls team player,former girls team player,Is your character a former player on a high-school girls volleyball team?,story fact,medium,https://haikyuu.fandom.com/wiki/Kamomedai_High
Haikyuu!!,Shoko Hirugami,Female,Kamomedai High girls team,wing spiker,,,,,Kamomedai High girls team,wing spiker,,former girls team player,team kamomedai high girls team,Does your character belong to Kamomedai High girls team?,team,easy,https://haikyuu.fandom.com/wiki/Kamomedai_High
Haikyuu!!,Shoyo Hinata,Male,Karasuno High,middle blocker,,,,,Karasuno High,middle blocker,1st year,,orange hair,Does your character have orange hair?,appearance,easy,https://haikyuu.fandom.com/wiki/Shoyo_Hinata
Haikyuu!!,Shoyo Hinata,Male,Karasuno High,middle blocker,,,,,Karasuno High,middle blocker,1st year,,middle blocker,Is your character a middle blocker?,position,easy,https://haikyuu.fandom.com/wiki/Shoyo_Hinata
Haikyuu!!,Shoyo Hinata,Male,Karasuno High,middle blocker,,,,,Karasuno High,middle blocker,1st year,,main duo,Is your character one of Karasuno's first-year quick-attack pair?,relationship,medium,https://haikyuu.fandom.com/wiki/Shoyo_Hinata
Haikyuu!!,Shoyo Hinata,Male,Karasuno High,middle blocker,,,,,Karasuno High,middle blocker,1st year,,year 1st year,Is your character a first-year high-school student?,school year,easy,https://haikyuu.fandom.com/wiki/Shoyo_Hinata
Haikyuu!!,Shoyo Hinata,Male,Karasuno High,middle blocker,,,,,Karasuno High,middle blocker,1st year,,decoy,Does Karasuno use your character as a decoy during attacks?,story fact,medium,https://haikyuu.fandom.com/wiki/Shoyo_Hinata
Haikyuu!!,Shoyo Hinata,Male,Karasuno High,middle blocker,,,,,Karasuno High,middle blocker,1st year,,protagonist,Is your character the main protagonist who starts as a first-year middle blocker at Karasuno?,story fact,medium,https://haikyuu.fandom.com/wiki/Shoyo_Hinata
Haikyuu!!,Shoyo Hinata,Male,Karasuno High,middle blocker,,,,,Karasuno High,middle blocker,1st year,,team karasuno,Does your character play for Karasuno?,team,easy,https://haikyuu.fandom.com/wiki/Shoyo_Hinata
Haikyuu!!,Shuichi Anahori,Male,Fukurodani Academy,setter,,,,,Fukurodani Academy,setter,1st year,,gender male,Is your character male?,gender,easy,https://haikyuu.fandom.com/wiki/Fukur%C5%8Ddani_Academy
Haikyuu!!,Shuichi Anahori,Male,Fukurodani Academy,setter,,,,,Fukurodani Academy,setter,1st year,,setter,Is your character a setter?,position,easy,https://haikyuu.fandom.com/wiki/Fukur%C5%8Ddani_Academy
Haikyuu!!,Shuichi Anahori,Male,Fukurodani Academy,setter,,,,,Fukurodani Academy,setter,1st year,,year 1st year,Is your character a first-year high-school student?,school year,easy,https://haikyuu.fandom.com/wiki/Fukur%C5%8Ddani_Academy
Haikyuu!!,Shuichi Anahori,Male,Fukurodani Academy,setter,,,,,Fukurodani Academy,setter,1st year,,signature shuichi anahori,Does your character wear jersey number 10 for Fukurodani Academy and play as a setter?,signature fact,hard,https://haikyuu.fandom.com/wiki/Fukur%C5%8Ddani_Academy
Haikyuu!!,Shuichi Anahori,Male,Fukurodani Academy,setter,,,,,Fukurodani Academy,setter,1st year,,team fukurodani academy,Does your character belong to Fukurodani Academy?,team,easy,https://haikyuu.fandom.com/wiki/Fukur%C5%8Ddani_Academy
Haikyuu!!,Shunki Kawatabi,Male,Wakutani Minami High,wing spiker,,,,,Wakutani Minami High,wing spiker,3rd year,,gender male,Is your character male?,gender,easy,https://haikyuu.fandom.com/wiki/Wakutani_Minami_High
Haikyuu!!,Shunki Kawatabi,Male,Wakutani Minami High,wing spiker,,,,,Wakutani Minami High,wing spiker,3rd year,,wing spiker,Is your character a wing spiker?,position,easy,https://haikyuu.fandom.com/wiki/Wakutani_Minami_High
Haikyuu!!,Shunki Kawatabi,Male,Wakutani Minami High,wing spiker,,,,,Wakutani Minami High,wing spiker,3rd year,,year 3rd year,Is your character a third-year high-school student?,school year,easy,https://haikyuu.fandom.com/wiki/Wakutani_Minami_High
Haikyuu!!,Shunki Kawatabi,Male,Wakutani Minami High,wing spiker,,,,,Wakutani Minami High,wing spiker,3rd year,,signature shunki kawatabi,Does your character wear jersey number 2 for Wakutani Minami High and play as a wing spiker?,signature fact,hard,https://haikyuu.fandom.com/wiki/Wakutani_Minami_High
Haikyuu!!,Shunki Kawatabi,Male,Wakutani Minami High,wing spiker,,,,,Wakutani Minami High,wing spiker,3rd year,,team wakutani minami high,Does your character belong to Wakutani Minami High?,team,easy,https://haikyuu.fandom.com/wiki/Wakutani_Minami_High
Haikyuu!!,So Akama,Male,Nohebi Academy,libero,,,,,Nohebi Academy,libero,2nd year,,gender male,Is your character male?,gender,easy,https://haikyuu.fandom.com/wiki/Nohebi_Academy
Haikyuu!!,So Akama,Male,Nohebi Academy,libero,,,,,Nohebi Academy,libero,2nd year,,libero,Is your character a libero?,position,easy,https://haikyuu.fandom.com/wiki/Nohebi_Academy
Haikyuu!!,So Akama,Male,Nohebi Academy,libero,,,,,Nohebi Academy,libero,2nd year,,year 2nd year,Is your character a second-year high-school student?,school year,easy,https://haikyuu.fandom.com/wiki/Nohebi_Academy
Haikyuu!!,So Akama,Male,Nohebi Academy,libero,,,,,Nohebi Academy,libero,2nd year,,signature so akama,Does your character wear jersey number 8 for Nohebi Academy and play as a libero?,signature fact,hard,https://haikyuu.fandom.com/wiki/Nohebi_Academy
Haikyuu!!,So Akama,Male,Nohebi Academy,libero,,,,,Nohebi Academy,libero,2nd year,,team nohebi academy,Does your character belong to Nohebi Academy?,team,easy,https://haikyuu.fandom.com/wiki/Nohebi_Academy
Haikyuu!!,So Inuoka,Male,Nekoma High,wing spiker,,,,,Nekoma High,wing spiker,1st year,,wing spiker,Is your character a wing spiker?,position,easy,https://haikyuu.fandom.com/wiki/So_Inuoka
Haikyuu!!,So Inuoka,Male,Nekoma High,wing spiker,,,,,Nekoma High,wing spiker,1st year,,year 1st year,Is your character a first-year high-school student?,school year,easy,https://haikyuu.fandom.com/wiki/So_Inuoka
Haikyuu!!,So Inuoka,Male,Nekoma High,wing spiker,,,,,Nekoma High,wing spiker,1st year,,team nekoma,Does your character play for Nekoma?,team,easy,https://haikyuu.fandom.com/wiki/So_Inuoka
Haikyuu!!,Subaru Hondo,Male,Mujinazaka High,wing spiker,,,,,Mujinazaka High,wing spiker,2nd year,,gender male,Is your character male?,gender,easy,https://haikyuu.fandom.com/wiki/Mujinazaka_High
Haikyuu!!,Subaru Hondo,Male,Mujinazaka High,wing spiker,,,,,Mujinazaka High,wing spiker,2nd year,,wing spiker,Is your character a wing spiker?,position,easy,https://haikyuu.fandom.com/wiki/Mujinazaka_High
Haikyuu!!,Subaru Hondo,Male,Mujinazaka High,wing spiker,,,,,Mujinazaka High,wing spiker,2nd year,,year 2nd year,Is your character a second-year high-school student?,school year,easy,https://haikyuu.fandom.com/wiki/Mujinazaka_High
Haikyuu!!,Subaru Hondo,Male,Mujinazaka High,wing spiker,,,,,Mujinazaka High,wing spiker,2nd year,,signature subaru hondo,Does your character wear jersey number 10 for Mujinazaka High and play as a wing spiker?,signature fact,hard,https://haikyuu.fandom.com/wiki/Mujinazaka_High
Haikyuu!!,Subaru Hondo,Male,Mujinazaka High,wing spiker,,,,,Mujinazaka High,wing spiker,2nd year,,team mujinazaka high,Does your character belong to Mujinazaka High?,team,easy,https://haikyuu.fandom.com/wiki/Mujinazaka_High
Haikyuu!!,Suguru Daisho,Male,Nohebi Academy,wing spiker,,,,,Nohebi Academy,wing spiker,3rd year,captain,gender male,Is your character male?,gender,easy,https://haikyuu.fandom.com/wiki/Nohebi_Academy
Haikyuu!!,Suguru Daisho,Male,Nohebi Academy,wing spiker,,,,,Nohebi Academy,wing spiker,3rd year,captain,captain,Is your character the team captain?,official role,easy,https://haikyuu.fandom.com/wiki/Nohebi_Academy
Haikyuu!!,Suguru Daisho,Male,Nohebi Academy,wing spiker,,,,,Nohebi Academy,wing spiker,3rd year,captain,wing spiker,Is your character a wing spiker?,position,easy,https://haikyuu.fandom.com/wiki/Nohebi_Academy
Haikyuu!!,Suguru Daisho,Male,Nohebi Academy,wing spiker,,,,,Nohebi Academy,wing spiker,3rd year,captain,year 3rd year,Is your character a third-year high-school student?,school year,easy,https://haikyuu.fandom.com/wiki/Nohebi_Academy
Haikyuu!!,Suguru Daisho,Male,Nohebi Academy,wing spiker,,,,,Nohebi Academy,wing spiker,3rd year,captain,signature suguru daisho,Does your character wear jersey number 1 for Nohebi Academy and play as a wing spiker?,signature fact,hard,https://haikyuu.fandom.com/wiki/Nohebi_Academy
Haikyuu!!,Suguru Daisho,Male,Nohebi Academy,wing spiker,,,,,Nohebi Academy,wing spiker,3rd year,captain,team nohebi academy,Does your character belong to Nohebi Academy?,team,easy,https://haikyuu.fandom.com/wiki/Nohebi_Academy
Haikyuu!!,Tadashi Yamaguchi,Male,Karasuno High,middle blocker,,,,,Karasuno High,middle blocker,1st year,,freckles,Does your character have freckles?,appearance,easy,https://haikyuu.fandom.com/wiki/Tadashi_Yamaguchi
Haikyuu!!,Tadashi Yamaguchi,Male,Karasuno High,middle blocker,,,,,Karasuno High,middle blocker,1st year,,jump float server,Does your character use a jump-float serve?,concrete ability,medium,https://haikyuu.fandom.com/wiki/Tadashi_Yamaguchi
Haikyuu!!,Tadashi Yamaguchi,Male,Karasuno High,middle blocker,,,,,Karasuno High,middle blocker,1st year,,middle blocker,Is your character a middle blocker?,position,easy,https://haikyuu.fandom.com/wiki/Tadashi_Yamaguchi
Haikyuu!!,Tadashi Yamaguchi,Male,Karasuno High,middle blocker,,,,,Karasuno High,middle blocker,1st year,,tsukishima childhood friend,Is your character the childhood friend of Karasuno's blond middle blocker?,relationship,medium,https://haikyuu.fandom.com/wiki/Tadashi_Yamaguchi
Haikyuu!!,Tadashi Yamaguchi,Male,Karasuno High,middle blocker,,,,,Karasuno High,middle blocker,1st year,,year 1st year,Is your character a first-year high-school student?,school year,easy,https://haikyuu.fandom.com/wiki/Tadashi_Yamaguchi
Haikyuu!!,Tadashi Yamaguchi,Male,Karasuno High,middle blocker,,,,,Karasuno High,middle blocker,1st year,,team karasuno,Does your character play for Karasuno?,team,easy,https://haikyuu.fandom.com/wiki/Tadashi_Yamaguchi
Haikyuu!!,Taichi Kawanishi,Male,Shiratorizawa Academy,middle blocker,,,,,Shiratorizawa Academy,middle blocker,2nd year,,middle blocker,Is your character a middle blocker?,position,easy,https://haikyuu.fandom.com/wiki/Taichi_Kawanishi
Haikyuu!!,Taichi Kawanishi,Male,Shiratorizawa Academy,middle blocker,,,,,Shiratorizawa Academy,middle blocker,2nd year,,year 2nd year,Is your character a second-year high-school student?,school year,easy,https://haikyuu.fandom.com/wiki/Taichi_Kawanishi
Haikyuu!!,Taichi Kawanishi,Male,Shiratorizawa Academy,middle blocker,,,,,Shiratorizawa Academy,middle blocker,2nd year,,team shiratorizawa,Does your character play for Shiratorizawa?,team,easy,https://haikyuu.fandom.com/wiki/Taichi_Kawanishi
Haikyuu!!,Taiga Sakurai,Male,Tokonami High,libero,,,,,Tokonami High,libero,3rd year,,gender male,Is your character male?,gender,easy,https://haikyuu.fandom.com/wiki/Tokonami_High
Haikyuu!!,Taiga Sakurai,Male,Tokonami High,libero,,,,,Tokonami High,libero,3rd year,,libero,Is your character a libero?,position,easy,https://haikyuu.fandom.com/wiki/Tokonami_High
Haikyuu!!,Taiga Sakurai,Male,Tokonami High,libero,,,,,Tokonami High,libero,3rd year,,year 3rd year,Is your character a third-year high-school student?,school year,easy,https://haikyuu.fandom.com/wiki/Tokonami_High
Haikyuu!!,Taiga Sakurai,Male,Tokonami High,libero,,,,,Tokonami High,libero,3rd year,,signature taiga sakurai,Does your character wear jersey number 12 for Tokonami High and play as a libero?,signature fact,hard,https://haikyuu.fandom.com/wiki/Tokonami_High
Haikyuu!!,Taiga Sakurai,Male,Tokonami High,libero,,,,,Tokonami High,libero,3rd year,,team tokonami high,Does your character belong to Tokonami High?,team,easy,https://haikyuu.fandom.com/wiki/Tokonami_High
Haikyuu!!,Taishi Minamida,Male,Kakugawa High,libero,,,,,Kakugawa High,libero,2nd year,,gender male,Is your character male?,gender,easy,https://haikyuu.fandom.com/wiki/Kakugawa_High
Haikyuu!!,Taishi Minamida,Male,Kakugawa High,libero,,,,,Kakugawa High,libero,2nd year,,libero,Is your character a libero?,position,easy,https://haikyuu.fandom.com/wiki/Kakugawa_High
Haikyuu!!,Taishi Minamida,Male,Kakugawa High,libero,,,,,Kakugawa High,libero,2nd year,,year 2nd year,Is your character a second-year high-school student?,school year,easy,https://haikyuu.fandom.com/wiki/Kakugawa_High
Haikyuu!!,Taishi Minamida,Male,Kakugawa High,libero,,,,,Kakugawa High,libero,2nd year,,signature taishi minamida,Does your character wear jersey number 12 for Kakugawa High and play as a libero?,signature fact,hard,https://haikyuu.fandom.com/wiki/Kakugawa_High
Haikyuu!!,Taishi Minamida,Male,Kakugawa High,libero,,,,,Kakugawa High,libero,2nd year,,team kakugawa high,Does your character belong to Kakugawa High?,team,easy,https://haikyuu.fandom.com/wiki/Kakugawa_High
Haikyuu!!,Takaaki Anabara,Male,Johzenji High,coach,,,,,Johzenji High,coach,,,gender male,Is your character male?,gender,easy,https://haikyuu.fandom.com/wiki/Johzenji_High
Haikyuu!!,Takaaki Anabara,Male,Johzenji High,coach,,,,,Johzenji High,coach,,,role coach,Is your character a coach?,role,easy,https://haikyuu.fandom.com/wiki/Johzenji_High
Haikyuu!!,Takaaki Anabara,Male,Johzenji High,coach,,,,,Johzenji High,coach,,,signature takaaki anabara,Is your character the coach of Johzenji High?,signature fact,hard,https://haikyuu.fandom.com/wiki/Johzenji_High
Haikyuu!!,Takaaki Anabara,Male,Johzenji High,coach,,,,,Johzenji High,coach,,,team johzenji high,Does your character belong to Johzenji High?,team,easy,https://haikyuu.fandom.com/wiki/Johzenji_High
Haikyuu!!,Takahiro Hanamaki,Male,Aoba Johsai High,wing spiker,,,,,Aoba Johsai High,wing spiker,3rd year,,wing spiker,Is your character a wing spiker?,position,easy,https://haikyuu.fandom.com/wiki/Takahiro_Hanamaki
Haikyuu!!,Takahiro Hanamaki,Male,Aoba Johsai High,wing spiker,,,,,Aoba Johsai High,wing spiker,3rd year,,year 3rd year,Is your character a third-year high-school student?,school year,easy,https://haikyuu.fandom.com/wiki/Takahiro_Hanamaki
Haikyuu!!,Takahiro Hanamaki,Male,Aoba Johsai High,wing spiker,,,,,Aoba Johsai High,wing spiker,3rd year,,team aoba johsai,Does your character play for Aoba Johsai?,team,easy,https://haikyuu.fandom.com/wiki/Takahiro_Hanamaki
Haikyuu!!,Takanobu Aone,Male,Date Tech High,middle blocker,,,,,Date Tech High,middle blocker,2nd year,,gender male,Is your character male?,gender,easy,https://haikyuu.fandom.com/wiki/Date_Tech_High
Haikyuu!!,Takanobu Aone,Male,Date Tech High,middle blocker,,,,,Date Tech High,middle blocker,2nd year,,middle blocker,Is your character a middle blocker?,position,easy,https://haikyuu.fandom.com/wiki/Date_Tech_High
Haikyuu!!,Takanobu Aone,Male,Date Tech High,middle blocker,,,,,Date Tech High,middle blocker,2nd year,,year 2nd year,Is your character a second-year high-school student?,school year,easy,https://haikyuu.fandom.com/wiki/Date_Tech_High
Haikyuu!!,Takanobu Aone,Male,Date Tech High,middle blocker,,,,,Date Tech High,middle blocker,2nd year,,signature takanobu aone,Does your character wear jersey number 1 for Date Tech High and play as a middle blocker?,signature fact,hard,https://haikyuu.fandom.com/wiki/Date_Tech_High
Haikyuu!!,Takanobu Aone,Male,Date Tech High,middle blocker,,,,,Date Tech High,middle blocker,2nd year,,team date tech high,Does your character belong to Date Tech High?,team,easy,https://haikyuu.fandom.com/wiki/Date_Tech_High
Haikyuu!!,Takeharu Futamata,Male,Johzenji High,setter,,,,,Johzenji High,setter,2nd year,,gender male,Is your character male?,gender,easy,https://haikyuu.fandom.com/wiki/Johzenji_High
Haikyuu!!,Takeharu Futamata,Male,Johzenji High,setter,,,,,Johzenji High,setter,2nd year,,setter,Is your character a setter?,position,easy,https://haikyuu.fandom.com/wiki/Johzenji_High
Haikyuu!!,Takeharu Futamata,Male,Johzenji High,setter,,,,,Johzenji High,setter,2nd year,,year 2nd year,Is your character a second-year high-school student?,school year,easy,https://haikyuu.fandom.com/wiki/Johzenji_High
Haikyuu!!,Takeharu Futamata,Male,Johzenji High,setter,,,,,Johzenji High,setter,2nd year,,signature takeharu futamata,Does your character wear jersey number 3 for Johzenji High and play as a setter?,signature fact,hard,https://haikyuu.fandom.com/wiki/Johzenji_High
Haikyuu!!,Takeharu Futamata,Male,Johzenji High,setter,,,,,Johzenji High,setter,2nd year,,team johzenji high,Does your character belong to Johzenji High?,team,easy,https://haikyuu.fandom.com/wiki/Johzenji_High
Haikyuu!!,Takehito Sasaya,Male,Date Tech High,wing spiker,,,,,Date Tech High,wing spiker,3rd year,former member,gender male,Is your character male?,gender,easy,https://haikyuu.fandom.com/wiki/Date_Tech_High
Haikyuu!!,Takehito Sasaya,Male,Date Tech High,wing spiker,,,,,Date Tech High,wing spiker,3rd year,former member,wing spiker,Is your character a wing spiker?,position,easy,https://haikyuu.fandom.com/wiki/Date_Tech_High
Haikyuu!!,Takehito Sasaya,Male,Date Tech High,wing spiker,,,,,Date Tech High,wing spiker,3rd year,former member,year 3rd year,Is your character a third-year high-school student?,school year,easy,https://haikyuu.fandom.com/wiki/Date_Tech_High
Haikyuu!!,Takehito Sasaya,Male,Date Tech High,wing spiker,,,,,Date Tech High,wing spiker,3rd year,former member,signature takehito sasaya,Does your character wear jersey number 3 for Date Tech High and play as a wing spiker?,signature fact,hard,https://haikyuu.fandom.com/wiki/Date_Tech_High
Haikyuu!!,Takehito Sasaya,Male,Date Tech High,wing spiker,,,,,Date Tech High,wing spiker,3rd year,former member,former team member,Is your character listed as a former member of their high-school team?,status,medium,https://haikyuu.fandom.com/wiki/Date_Tech_High
Haikyuu!!,Takehito Sasaya,Male,Date Tech High,wing spiker,,,,,Date Tech High,wing spiker,3rd year,former member,team date tech high,Does your character belong to Date Tech High?,team,easy,https://haikyuu.fandom.com/wiki/Date_Tech_High
Haikyuu!!,Takeru Nakashima,Male,Wakutani Minami High,wing spiker,,,,,Wakutani Minami High,wing spiker,3rd year,captain; ace,gender male,Is your character male?,gender,easy,https://haikyuu.fandom.com/wiki/Wakutani_Minami_High
Haikyuu!!,Takeru Nakashima,Male,Wakutani Minami High,wing spiker,,,,,Wakutani Minami High,wing spiker,3rd year,captain; ace,ace,Is your character the official ace of their team?,official role,easy,https://haikyuu.fandom.com/wiki/Wakutani_Minami_High
Haikyuu!!,Takeru Nakashima,Male,Wakutani Minami High,wing spiker,,,,,Wakutani Minami High,wing spiker,3rd year,captain; ace,captain,Is your character the team captain?,official role,easy,https://haikyuu.fandom.com/wiki/Wakutani_Minami_High
Haikyuu!!,Takeru Nakashima,Male,Wakutani Minami High,wing spiker,,,,,Wakutani Minami High,wing spiker,3rd year,captain; ace,wing spiker,Is your character a wing spiker?,position,easy,https://haikyuu.fandom.com/wiki/Wakutani_Minami_High
Haikyuu!!,Takeru Nakashima,Male,Wakutani Minami High,wing spiker,,,,,Wakutani Minami High,wing spiker,3rd year,captain; ace,year 3rd year,Is your character a third-year high-school student?,school year,easy,https://haikyuu.fandom.com/wiki/Wakutani_Minami_High
Haikyuu!!,Takeru Nakashima,Male,Wakutani Minami High,wing spiker,,,,,Wakutani Minami High,wing spiker,3rd year,captain; ace,signature takeru nakashima,Does your character wear jersey number 1 for Wakutani Minami High and play as a wing spiker?,signature fact,hard,https://haikyuu.fandom.com/wiki/Wakutani_Minami_High
Haikyuu!!,Takeru Nakashima,Male,Wakutani Minami High,wing spiker,,,,,Wakutani Minami High,wing spiker,3rd year,captain; ace,team wakutani minami high,Does your character belong to Wakutani Minami High?,team,easy,https://haikyuu.fandom.com/wiki/Wakutani_Minami_High
Haikyuu!!,Taketora Yamamoto,Male,Nekoma High,wing spiker,,,,,Nekoma High,wing spiker,2nd year,ace,mohawk hairstyle,Does your character have a mohawk-style haircut?,appearance,easy,https://haikyuu.fandom.com/wiki/Taketora_Yamamoto
Haikyuu!!,Taketora Yamamoto,Male,Nekoma High,wing spiker,,,,,Nekoma High,wing spiker,2nd year,ace,ace,Is your character the official ace of their team?,official role,easy,https://haikyuu.fandom.com/wiki/Taketora_Yamamoto
Haikyuu!!,Taketora Yamamoto,Male,Nekoma High,wing spiker,,,,,Nekoma High,wing spiker,2nd year,ace,wing spiker,Is your character a wing spiker?,position,easy,https://haikyuu.fandom.com/wiki/Taketora_Yamamoto
Haikyuu!!,Taketora Yamamoto,Male,Nekoma High,wing spiker,,,,,Nekoma High,wing spiker,2nd year,ace,year 2nd year,Is your character a second-year high-school student?,school year,easy,https://haikyuu.fandom.com/wiki/Taketora_Yamamoto
Haikyuu!!,Taketora Yamamoto,Male,Nekoma High,wing spiker,,,,,Nekoma High,wing spiker,2nd year,ace,team nekoma,Does your character play for Nekoma?,team,easy,https://haikyuu.fandom.com/wiki/Taketora_Yamamoto
Haikyuu!!,Takeyuki Yamiji,Male,Fukurodani Academy,coach,,,,,Fukurodani Academy,coach,,,gender male,Is your character male?,gender,easy,https://haikyuu.fandom.com/wiki/Fukur%C5%8Ddani_Academy
Haikyuu!!,Takeyuki Yamiji,Male,Fukurodani Academy,coach,,,,,Fukurodani Academy,coach,,,role coach,Is your character a coach?,role,easy,https://haikyuu.fandom.com/wiki/Fukur%C5%8Ddani_Academy
Haikyuu!!,Takeyuki Yamiji,Male,Fukurodani Academy,coach,,,,,Fukurodani Academy,coach,,,signature takeyuki yamiji,Is your character the coach of Fukurodani Academy?,signature fact,hard,https://haikyuu.fandom.com/wiki/Fukur%C5%8Ddani_Academy
Haikyuu!!,Takeyuki Yamiji,Male,Fukurodani Academy,coach,,,,,Fukurodani Academy,coach,,,team fukurodani academy,Does your character belong to Fukurodani Academy?,team,easy,https://haikyuu.fandom.com/wiki/Fukur%C5%8Ddani_Academy
Haikyuu!!,Takuro Oiwake,Male,Date Tech High,coach,,,,,Date Tech High,coach,,,gender male,Is your character male?,gender,easy,https://haikyuu.fandom.com/wiki/Date_Tech_High
Haikyuu!!,Takuro Oiwake,Male,Date Tech High,coach,,,,,Date Tech High,coach,,,role coach,Is your character a coach?,role,easy,https://haikyuu.fandom.com/wiki/Date_Tech_High
Haikyuu!!,Takuro Oiwake,Male,Date Tech High,coach,,,,,Date Tech High,coach,,,signature takuro oiwake,Is your character the coach of Date Tech High?,signature fact,hard,https://haikyuu.fandom.com/wiki/Date_Tech_High
Haikyuu!!,Takuro Oiwake,Male,Date Tech High,coach,,,,,Date Tech High,coach,,,team date tech high,Does your character belong to Date Tech High?,team,easy,https://haikyuu.fandom.com/wiki/Date_Tech_High
Haikyuu!!,Tamahiko Teshiro,Male,Nekoma High,setter,,,,,Nekoma High,setter,1st year,,setter,Is your character a setter?,position,easy,https://haikyuu.fandom.com/wiki/Tamahiko_Teshiro
Haikyuu!!,Tamahiko Teshiro,Male,Nekoma High,setter,,,,,Nekoma High,setter,1st year,,year 1st year,Is your character a first-year high-school student?,school year,easy,https://haikyuu.fandom.com/wiki/Tamahiko_Teshiro
Haikyuu!!,Tamahiko Teshiro,Male,Nekoma High,setter,,,,,Nekoma High,setter,1st year,,team nekoma,Does your character play for Nekoma?,team,easy,https://haikyuu.fandom.com/wiki/Tamahiko_Teshiro
Haikyuu!!,Tanji Washijo,Male,Shiratorizawa Academy,coach,,,,,Shiratorizawa Academy,coach,,,gender male,Is your character male?,gender,easy,https://haikyuu.fandom.com/wiki/Shiratorizawa_Academy
Haikyuu!!,Tanji Washijo,Male,Shiratorizawa Academy,coach,,,,,Shiratorizawa Academy,coach,,,role coach,Is your character a coach?,role,easy,https://haikyuu.fandom.com/wiki/Shiratorizawa_Academy
Haikyuu!!,Tanji Washijo,Male,Shiratorizawa Academy,coach,,,,,Shiratorizawa Academy,coach,,,signature tanji washijo,Is your character the coach of Shiratorizawa Academy?,signature fact,hard,https://haikyuu.fandom.com/wiki/Shiratorizawa_Academy
Haikyuu!!,Tanji Washijo,Male,Shiratorizawa Academy,coach,,,,,Shiratorizawa Academy,coach,,,team shiratorizawa academy,Does your character belong to Shiratorizawa Academy?,team,easy,https://haikyuu.fandom.com/wiki/Shiratorizawa_Academy
Haikyuu!!,Taro Onagawa,Male,Date Tech High,wing spiker,,,,,Date Tech High,wing spiker,2nd year,,gender male,Is your character male?,gender,easy,https://haikyuu.fandom.com/wiki/Date_Tech_High
Haikyuu!!,Taro Onagawa,Male,Date Tech High,wing spiker,,,,,Date Tech High,wing spiker,2nd year,,wing spiker,Is your character a wing spiker?,position,easy,https://haikyuu.fandom.com/wiki/Date_Tech_High
Haikyuu!!,Taro Onagawa,Male,Date Tech High,wing spiker,,,,,Date Tech High,wing spiker,2nd year,,year 2nd year,Is your character a second-year high-school student?,school year,easy,https://haikyuu.fandom.com/wiki/Date_Tech_High
Haikyuu!!,Taro Onagawa,Male,Date Tech High,wing spiker,,,,,Date Tech High,wing spiker,2nd year,,signature taro onagawa,Does your character wear jersey number 8 for Date Tech High and play as a wing spiker?,signature fact,hard,https://haikyuu.fandom.com/wiki/Date_Tech_High
Haikyuu!!,Taro Onagawa,Male,Date Tech High,wing spiker,,,,,Date Tech High,wing spiker,2nd year,,team date tech high,Does your character belong to Date Tech High?,team,easy,https://haikyuu.fandom.com/wiki/Date_Tech_High
Haikyuu!!,Tatsuki Washio,Male,Fukurodani Academy,middle blocker,,,,,Fukurodani Academy,middle blocker,3rd year,,gender male,Is your character male?,gender,easy,https://haikyuu.fandom.com/wiki/Fukur%C5%8Ddani_Academy
Haikyuu!!,Tatsuki Washio,Male,Fukurodani Academy,middle blocker,,,,,Fukurodani Academy,middle blocker,3rd year,,middle blocker,Is your character a middle blocker?,position,easy,https://haikyuu.fandom.com/wiki/Fukur%C5%8Ddani_Academy
Haikyuu!!,Tatsuki Washio,Male,Fukurodani Academy,middle blocker,,,,,Fukurodani Academy,middle blocker,3rd year,,year 3rd year,Is your character a third-year high-school student?,school year,easy,https://haikyuu.fandom.com/wiki/Fukur%C5%8Ddani_Academy
Haikyuu!!,Tatsuki Washio,Male,Fukurodani Academy,middle blocker,,,,,Fukurodani Academy,middle blocker,3rd year,,signature tatsuki washio,Does your character wear jersey number 2 for Fukurodani Academy and play as a middle blocker?,signature fact,hard,https://haikyuu.fandom.com/wiki/Fukur%C5%8Ddani_Academy
Haikyuu!!,Tatsuki Washio,Male,Fukurodani Academy,middle blocker,,,,,Fukurodani Academy,middle blocker,3rd year,,team fukurodani academy,Does your character belong to Fukurodani Academy?,team,easy,https://haikyuu.fandom.com/wiki/Fukur%C5%8Ddani_Academy
Haikyuu!!,Tatsumi Osado,Male,Tsubakihara Academy,coach,,,,,Tsubakihara Academy,coach,,,gender male,Is your character male?,gender,easy,https://haikyuu.fandom.com/wiki/Tsubakihara_Academy
Haikyuu!!,Tatsumi Osado,Male,Tsubakihara Academy,coach,,,,,Tsubakihara Academy,coach,,,role coach,Is your character a coach?,role,easy,https://haikyuu.fandom.com/wiki/Tsubakihara_Academy
Haikyuu!!,Tatsumi Osado,Male,Tsubakihara Academy,coach,,,,,Tsubakihara Academy,coach,,,signature tatsumi osado,Is your character the coach of Tsubakihara Academy?,signature fact,hard,https://haikyuu.fandom.com/wiki/Tsubakihara_Academy
Haikyuu!!,Tatsumi Osado,Male,Tsubakihara Academy,coach,,,,,Tsubakihara Academy,coach,,,team tsubakihara academy,Does your character belong to Tsubakihara Academy?,team,easy,https://haikyuu.fandom.com/wiki/Tsubakihara_Academy
Haikyuu!!,Teppei Naruko,Male,Wakutani Minami High,middle blocker,,,,,Wakutani Minami High,middle blocker,3rd year,,gender male,Is your character male?,gender,easy,https://haikyuu.fandom.com/wiki/Wakutani_Minami_High
Haikyuu!!,Teppei Naruko,Male,Wakutani Minami High,middle blocker,,,,,Wakutani Minami High,middle blocker,3rd year,,middle blocker,Is your character a middle blocker?,position,easy,https://haikyuu.fandom.com/wiki/Wakutani_Minami_High
Haikyuu!!,Teppei Naruko,Male,Wakutani Minami High,middle blocker,,,,,Wakutani Minami High,middle blocker,3rd year,,year 3rd year,Is your character a third-year high-school student?,school year,easy,https://haikyuu.fandom.com/wiki/Wakutani_Minami_High
Haikyuu!!,Teppei Naruko,Male,Wakutani Minami High,middle blocker,,,,,Wakutani Minami High,middle blocker,3rd year,,signature teppei naruko,Does your character wear jersey number 8 for Wakutani Minami High and play as a middle blocker?,signature fact,hard,https://haikyuu.fandom.com/wiki/Wakutani_Minami_High
Haikyuu!!,Teppei Naruko,Male,Wakutani Minami High,middle blocker,,,,,Wakutani Minami High,middle blocker,3rd year,,team wakutani minami high,Does your character belong to Wakutani Minami High?,team,easy,https://haikyuu.fandom.com/wiki/Wakutani_Minami_High
Haikyuu!!,Tetsuro Kuroo,Male,Nekoma High,middle blocker,,,,,Nekoma High,middle blocker,3rd year,captain,bedhead hair,Does your character have bedhead-style hair?,appearance,easy,https://haikyuu.fandom.com/wiki/Tetsuro_Kuroo
Haikyuu!!,Tetsuro Kuroo,Male,Nekoma High,middle blocker,,,,,Nekoma High,middle blocker,3rd year,captain,captain,Is your character the team captain?,official role,easy,https://haikyuu.fandom.com/wiki/Tetsuro_Kuroo
Haikyuu!!,Tetsuro Kuroo,Male,Nekoma High,middle blocker,,,,,Nekoma High,middle blocker,3rd year,captain,middle blocker,Is your character a middle blocker?,position,easy,https://haikyuu.fandom.com/wiki/Tetsuro_Kuroo
Haikyuu!!,Tetsuro Kuroo,Male,Nekoma High,middle blocker,,,,,Nekoma High,middle blocker,3rd year,captain,year 3rd year,Is your character a third-year high-school student?,school year,easy,https://haikyuu.fandom.com/wiki/Tetsuro_Kuroo
Haikyuu!!,Tetsuro Kuroo,Male,Nekoma High,middle blocker,,,,,Nekoma High,middle blocker,3rd year,captain,team nekoma,Does your character play for Nekoma?,team,easy,https://haikyuu.fandom.com/wiki/Tetsuro_Kuroo
Haikyuu!!,Tobio Kageyama,Male,Karasuno High,setter,,,,,Karasuno High,setter,1st year,,king of the court,Is your character called the King of the Court?,official nickname,medium,https://haikyuu.fandom.com/wiki/Tobio_Kageyama
Haikyuu!!,Tobio Kageyama,Male,Karasuno High,setter,,,,,Karasuno High,setter,1st year,,setter,Is your character a setter?,position,easy,https://haikyuu.fandom.com/wiki/Tobio_Kageyama
Haikyuu!!,Tobio Kageyama,Male,Karasuno High,setter,,,,,Karasuno High,setter,1st year,,main duo,Is your character one of Karasuno's first-year quick-attack pair?,relationship,medium,https://haikyuu.fandom.com/wiki/Tobio_Kageyama
Haikyuu!!,Tobio Kageyama,Male,Karasuno High,setter,,,,,Karasuno High,setter,1st year,,year 1st year,Is your character a first-year high-school student?,school year,easy,https://haikyuu.fandom.com/wiki/Tobio_Kageyama
Haikyuu!!,Tobio Kageyama,Male,Karasuno High,setter,,,,,Karasuno High,setter,1st year,,team karasuno,Does your character play for Karasuno?,team,easy,https://haikyuu.fandom.com/wiki/Tobio_Kageyama
Haikyuu!!,Togo Iwamuro,Male,Tsubakihara Academy,middle blocker,,,,,Tsubakihara Academy,middle blocker,2nd year,,gender male,Is your character male?,gender,easy,https://haikyuu.fandom.com/wiki/Tsubakihara_Academy
Haikyuu!!,Togo Iwamuro,Male,Tsubakihara Academy,middle blocker,,,,,Tsubakihara Academy,middle blocker,2nd year,,middle blocker,Is your character a middle blocker?,position,easy,https://haikyuu.fandom.com/wiki/Tsubakihara_Academy
Haikyuu!!,Togo Iwamuro,Male,Tsubakihara Academy,middle blocker,,,,,Tsubakihara Academy,middle blocker,2nd year,,year 2nd year,Is your character a second-year high-school student?,school year,easy,https://haikyuu.fandom.com/wiki/Tsubakihara_Academy
Haikyuu!!,Togo Iwamuro,Male,Tsubakihara Academy,middle blocker,,,,,Tsubakihara Academy,middle blocker,2nd year,,signature togo iwamuro,Does your character wear jersey number 8 for Tsubakihara Academy and play as a middle blocker?,signature fact,hard,https://haikyuu.fandom.com/wiki/Tsubakihara_Academy
Haikyuu!!,Togo Iwamuro,Male,Tsubakihara Academy,middle blocker,,,,,Tsubakihara Academy,middle blocker,2nd year,,team tsubakihara academy,Does your character belong to Tsubakihara Academy?,team,easy,https://haikyuu.fandom.com/wiki/Tsubakihara_Academy
Haikyuu!!,Toru Oikawa,Male,Aoba Johsai High,setter,,,,,Aoba Johsai High,setter,3rd year,captain,great king,Is your character called the Great King?,official nickname,medium,https://haikyuu.fandom.com/wiki/Toru_Oikawa
Haikyuu!!,Toru Oikawa,Male,Aoba Johsai High,setter,,,,,Aoba Johsai High,setter,3rd year,captain,captain,Is your character the team captain?,official role,easy,https://haikyuu.fandom.com/wiki/Toru_Oikawa
Haikyuu!!,Toru Oikawa,Male,Aoba Johsai High,setter,,,,,Aoba Johsai High,setter,3rd year,captain,setter,Is your character a setter?,position,easy,https://haikyuu.fandom.com/wiki/Toru_Oikawa
Haikyuu!!,Toru Oikawa,Male,Aoba Johsai High,setter,,,,,Aoba Johsai High,setter,3rd year,captain,year 3rd year,Is your character a third-year high-school student?,school year,easy,https://haikyuu.fandom.com/wiki/Toru_Oikawa
Haikyuu!!,Toru Oikawa,Male,Aoba Johsai High,setter,,,,,Aoba Johsai High,setter,3rd year,captain,team aoba johsai,Does your character play for Aoba Johsai?,team,easy,https://haikyuu.fandom.com/wiki/Toru_Oikawa
Haikyuu!!,Tsukasa Iizuna,Male,Itachiyama Institute,setter,,,,,Itachiyama Institute,setter,3rd year,captain,gender male,Is your character male?,gender,easy,https://haikyuu.fandom.com/wiki/Itachiyama_Institute
Haikyuu!!,Tsukasa Iizuna,Male,Itachiyama Institute,setter,,,,,Itachiyama Institute,setter,3rd year,captain,captain,Is your character the team captain?,official role,easy,https://haikyuu.fandom.com/wiki/Itachiyama_Institute
Haikyuu!!,Tsukasa Iizuna,Male,Itachiyama Institute,setter,,,,,Itachiyama Institute,setter,3rd year,captain,setter,Is your character a setter?,position,easy,https://haikyuu.fandom.com/wiki/Itachiyama_Institute
Haikyuu!!,Tsukasa Iizuna,Male,Itachiyama Institute,setter,,,,,Itachiyama Institute,setter,3rd year,captain,year 3rd year,Is your character a third-year high-school student?,school year,easy,https://haikyuu.fandom.com/wiki/Itachiyama_Institute
Haikyuu!!,Tsukasa Iizuna,Male,Itachiyama Institute,setter,,,,,Itachiyama Institute,setter,3rd year,captain,signature tsukasa iizuna,Does your character wear jersey number 1 for Itachiyama Institute and play as a setter?,signature fact,hard,https://haikyuu.fandom.com/wiki/Itachiyama_Institute
Haikyuu!!,Tsukasa Iizuna,Male,Itachiyama Institute,setter,,,,,Itachiyama Institute,setter,3rd year,captain,team itachiyama institute,Does your character belong to Itachiyama Institute?,team,easy,https://haikyuu.fandom.com/wiki/Itachiyama_Institute
Haikyuu!!,Tsutomu Goshiki,Male,Shiratorizawa Academy,wing spiker,,,,,Shiratorizawa Academy,wing spiker,1st year,,straight bangs,Does your character have straight-cut bangs?,appearance,easy,https://haikyuu.fandom.com/wiki/Tsutomu_Goshiki
Haikyuu!!,Tsutomu Goshiki,Male,Shiratorizawa Academy,wing spiker,,,,,Shiratorizawa Academy,wing spiker,1st year,,wing spiker,Is your character a wing spiker?,position,easy,https://haikyuu.fandom.com/wiki/Tsutomu_Goshiki
Haikyuu!!,Tsutomu Goshiki,Male,Shiratorizawa Academy,wing spiker,,,,,Shiratorizawa Academy,wing spiker,1st year,,year 1st year,Is your character a first-year high-school student?,school year,easy,https://haikyuu.fandom.com/wiki/Tsutomu_Goshiki
Haikyuu!!,Tsutomu Goshiki,Male,Shiratorizawa Academy,wing spiker,,,,,Shiratorizawa Academy,wing spiker,1st year,,wants to become ace,Does your character state that they want to become Shiratorizawa's ace?,story fact,medium,https://haikyuu.fandom.com/wiki/Tsutomu_Goshiki
Haikyuu!!,Tsutomu Goshiki,Male,Shiratorizawa Academy,wing spiker,,,,,Shiratorizawa Academy,wing spiker,1st year,,team shiratorizawa,Does your character play for Shiratorizawa?,team,easy,https://haikyuu.fandom.com/wiki/Tsutomu_Goshiki
Haikyuu!!,Tsuyoshi Matsushima,Male,Wakutani Minami High,middle blocker,,,,,Wakutani Minami High,middle blocker,1st year,,gender male,Is your character male?,gender,easy,https://haikyuu.fandom.com/wiki/Wakutani_Minami_High
Haikyuu!!,Tsuyoshi Matsushima,Male,Wakutani Minami High,middle blocker,,,,,Wakutani Minami High,middle blocker,1st year,,middle blocker,Is your character a middle blocker?,position,easy,https://haikyuu.fandom.com/wiki/Wakutani_Minami_High
Haikyuu!!,Tsuyoshi Matsushima,Male,Wakutani Minami High,middle blocker,,,,,Wakutani Minami High,middle blocker,1st year,,year 1st year,Is your character a first-year high-school student?,school year,easy,https://haikyuu.fandom.com/wiki/Wakutani_Minami_High
Haikyuu!!,Tsuyoshi Matsushima,Male,Wakutani Minami High,middle blocker,,,,,Wakutani Minami High,middle blocker,1st year,,signature tsuyoshi matsushima,Does your character wear jersey number 11 for Wakutani Minami High and play as a middle blocker?,signature fact,hard,https://haikyuu.fandom.com/wiki/Wakutani_Minami_High
Haikyuu!!,Tsuyoshi Matsushima,Male,Wakutani Minami High,middle blocker,,,,,Wakutani Minami High,middle blocker,1st year,,team wakutani minami high,Does your character belong to Wakutani Minami High?,team,easy,https://haikyuu.fandom.com/wiki/Wakutani_Minami_High
Haikyuu!!,Wakatoshi Ushijima,Male,Shiratorizawa Academy,wing spiker,,,,,Shiratorizawa Academy,wing spiker,3rd year,captain; ace,left handed,Is your character left-handed?,concrete ability,medium,https://haikyuu.fandom.com/wiki/Wakatoshi_Ushijima
Haikyuu!!,Wakatoshi Ushijima,Male,Shiratorizawa Academy,wing spiker,,,,,Shiratorizawa Academy,wing spiker,3rd year,captain; ace,ace,Is your character the official ace of their team?,official role,easy,https://haikyuu.fandom.com/wiki/Wakatoshi_Ushijima
Haikyuu!!,Wakatoshi Ushijima,Male,Shiratorizawa Academy,wing spiker,,,,,Shiratorizawa Academy,wing spiker,3rd year,captain; ace,captain,Is your character the team captain?,official role,easy,https://haikyuu.fandom.com/wiki/Wakatoshi_Ushijima
Haikyuu!!,Wakatoshi Ushijima,Male,Shiratorizawa Academy,wing spiker,,,,,Shiratorizawa Academy,wing spiker,3rd year,captain; ace,top national ace,Is your character recognized in the story as one of Japan's top high-school aces?,official role,easy,https://haikyuu.fandom.com/wiki/Wakatoshi_Ushijima
Haikyuu!!,Wakatoshi Ushijima,Male,Shiratorizawa Academy,wing spiker,,,,,Shiratorizawa Academy,wing spiker,3rd year,captain; ace,wing spiker,Is your character a wing spiker?,position,easy,https://haikyuu.fandom.com/wiki/Wakatoshi_Ushijima
Haikyuu!!,Wakatoshi Ushijima,Male,Shiratorizawa Academy,wing spiker,,,,,Shiratorizawa Academy,wing spiker,3rd year,captain; ace,year 3rd year,Is your character a third-year high-school student?,school year,easy,https://haikyuu.fandom.com/wiki/Wakatoshi_Ushijima
Haikyuu!!,Wakatoshi Ushijima,Male,Shiratorizawa Academy,wing spiker,,,,,Shiratorizawa Academy,wing spiker,3rd year,captain; ace,team shiratorizawa,Does your character play for Shiratorizawa?,team,easy,https://haikyuu.fandom.com/wiki/Wakatoshi_Ushijima
Haikyuu!!,Wakatsu Kiryu,Male,Mujinazaka High,wing spiker,,,,,Mujinazaka High,wing spiker,3rd year,captain; ace; top national ace,gender male,Is your character male?,gender,easy,https://haikyuu.fandom.com/wiki/Mujinazaka_High
Haikyuu!!,Wakatsu Kiryu,Male,Mujinazaka High,wing spiker,,,,,Mujinazaka High,wing spiker,3rd year,captain; ace; top national ace,ace,Is your character the official ace of their team?,official role,easy,https://haikyuu.fandom.com/wiki/Mujinazaka_High
Haikyuu!!,Wakatsu Kiryu,Male,Mujinazaka High,wing spiker,,,,,Mujinazaka High,wing spiker,3rd year,captain; ace; top national ace,captain,Is your character the team captain?,official role,easy,https://haikyuu.fandom.com/wiki/Mujinazaka_High
Haikyuu!!,Wakatsu Kiryu,Male,Mujinazaka High,wing spiker,,,,,Mujinazaka High,wing spiker,3rd year,captain; ace; top national ace,top national ace,Is your character recognized in the story as one of Japan's top high-school aces?,official role,medium,https://haikyuu.fandom.com/wiki/Mujinazaka_High
Haikyuu!!,Wakatsu Kiryu,Male,Mujinazaka High,wing spiker,,,,,Mujinazaka High,wing spiker,3rd year,captain; ace; top national ace,wing spiker,Is your character a wing spiker?,position,easy,https://haikyuu.fandom.com/wiki/Mujinazaka_High
Haikyuu!!,Wakatsu Kiryu,Male,Mujinazaka High,wing spiker,,,,,Mujinazaka High,wing spiker,3rd year,captain; ace; top national ace,year 3rd year,Is your character a third-year high-school student?,school year,easy,https://haikyuu.fandom.com/wiki/Mujinazaka_High
Haikyuu!!,Wakatsu Kiryu,Male,Mujinazaka High,wing spiker,,,,,Mujinazaka High,wing spiker,3rd year,captain; ace; top national ace,signature wakatsu kiryu,Does your character wear jersey number 1 for Mujinazaka High and play as a wing spiker?,signature fact,hard,https://haikyuu.fandom.com/wiki/Mujinazaka_High
Haikyuu!!,Wakatsu Kiryu,Male,Mujinazaka High,wing spiker,,,,,Mujinazaka High,wing spiker,3rd year,captain; ace; top national ace,team mujinazaka high,Does your character belong to Mujinazaka High?,team,easy,https://haikyuu.fandom.com/wiki/Mujinazaka_High
Haikyuu!!,Wataru Onaga,Male,Fukurodani Academy,middle blocker,,,,,Fukurodani Academy,middle blocker,1st year,,gender male,Is your character male?,gender,easy,https://haikyuu.fandom.com/wiki/Fukur%C5%8Ddani_Academy
Haikyuu!!,Wataru Onaga,Male,Fukurodani Academy,middle blocker,,,,,Fukurodani Academy,middle blocker,1st year,,middle blocker,Is your character a middle blocker?,position,easy,https://haikyuu.fandom.com/wiki/Fukur%C5%8Ddani_Academy
Haikyuu!!,Wataru Onaga,Male,Fukurodani Academy,middle blocker,,,,,Fukurodani Academy,middle blocker,1st year,,year 1st year,Is your character a first-year high-school student?,school year,easy,https://haikyuu.fandom.com/wiki/Fukur%C5%8Ddani_Academy
Haikyuu!!,Wataru Onaga,Male,Fukurodani Academy,middle blocker,,,,,Fukurodani Academy,middle blocker,1st year,,signature wataru onaga,Does your character wear jersey number 12 for Fukurodani Academy and play as a middle blocker?,signature fact,hard,https://haikyuu.fandom.com/wiki/Fukur%C5%8Ddani_Academy
Haikyuu!!,Wataru Onaga,Male,Fukurodani Academy,middle blocker,,,,,Fukurodani Academy,middle blocker,1st year,,team fukurodani academy,Does your character belong to Fukurodani Academy?,team,easy,https://haikyuu.fandom.com/wiki/Fukur%C5%8Ddani_Academy
Haikyuu!!,Yamato Sarukui,Male,Fukurodani Academy,wing spiker,,,,,Fukurodani Academy,wing spiker,3rd year,,gender male,Is your character male?,gender,easy,https://haikyuu.fandom.com/wiki/Fukur%C5%8Ddani_Academy
Haikyuu!!,Yamato Sarukui,Male,Fukurodani Academy,wing spiker,,,,,Fukurodani Academy,wing spiker,3rd year,,wing spiker,Is your character a wing spiker?,position,easy,https://haikyuu.fandom.com/wiki/Fukur%C5%8Ddani_Academy
Haikyuu!!,Yamato Sarukui,Male,Fukurodani Academy,wing spiker,,,,,Fukurodani Academy,wing spiker,3rd year,,year 3rd year,Is your character a third-year high-school student?,school year,easy,https://haikyuu.fandom.com/wiki/Fukur%C5%8Ddani_Academy
Haikyuu!!,Yamato Sarukui,Male,Fukurodani Academy,wing spiker,,,,,Fukurodani Academy,wing spiker,3rd year,,signature yamato sarukui,Does your character wear jersey number 3 for Fukurodani Academy and play as a wing spiker?,signature fact,hard,https://haikyuu.fandom.com/wiki/Fukur%C5%8Ddani_Academy
Haikyuu!!,Yamato Sarukui,Male,Fukurodani Academy,wing spiker,,,,,Fukurodani Academy,wing spiker,3rd year,,team fukurodani academy,Does your character belong to Fukurodani Academy?,team,easy,https://haikyuu.fandom.com/wiki/Fukur%C5%8Ddani_Academy
Haikyuu!!,Yasushi Kamasaki,Male,Date Tech High,middle blocker,,,,,Date Tech High,middle blocker,3rd year,vice captain; former member,gender male,Is your character male?,gender,easy,https://haikyuu.fandom.com/wiki/Date_Tech_High
Haikyuu!!,Yasushi Kamasaki,Male,Date Tech High,middle blocker,,,,,Date Tech High,middle blocker,3rd year,vice captain; former member,vice captain,Is your character the team vice captain?,official role,easy,https://haikyuu.fandom.com/wiki/Date_Tech_High
Haikyuu!!,Yasushi Kamasaki,Male,Date Tech High,middle blocker,,,,,Date Tech High,middle blocker,3rd year,vice captain; former member,middle blocker,Is your character a middle blocker?,position,easy,https://haikyuu.fandom.com/wiki/Date_Tech_High
Haikyuu!!,Yasushi Kamasaki,Male,Date Tech High,middle blocker,,,,,Date Tech High,middle blocker,3rd year,vice captain; former member,year 3rd year,Is your character a third-year high-school student?,school year,easy,https://haikyuu.fandom.com/wiki/Date_Tech_High
Haikyuu!!,Yasushi Kamasaki,Male,Date Tech High,middle blocker,,,,,Date Tech High,middle blocker,3rd year,vice captain; former member,signature yasushi kamasaki,Does your character wear jersey number 1 for Date Tech High and play as a middle blocker?,signature fact,hard,https://haikyuu.fandom.com/wiki/Date_Tech_High
Haikyuu!!,Yasushi Kamasaki,Male,Date Tech High,middle blocker,,,,,Date Tech High,middle blocker,3rd year,vice captain; former member,former team member,Is your character listed as a former member of their high-school team?,status,medium,https://haikyuu.fandom.com/wiki/Date_Tech_High
Haikyuu!!,Yasushi Kamasaki,Male,Date Tech High,middle blocker,,,,,Date Tech High,middle blocker,3rd year,vice captain; former member,team date tech high,Does your character belong to Date Tech High?,team,easy,https://haikyuu.fandom.com/wiki/Date_Tech_High
Haikyuu!!,Yoshiaki Nurukawa,Male,Kakugawa High,middle blocker,,,,,Kakugawa High,middle blocker,2nd year,,gender male,Is your character male?,gender,easy,https://haikyuu.fandom.com/wiki/Kakugawa_High
Haikyuu!!,Yoshiaki Nurukawa,Male,Kakugawa High,middle blocker,,,,,Kakugawa High,middle blocker,2nd year,,middle blocker,Is your character a middle blocker?,position,easy,https://haikyuu.fandom.com/wiki/Kakugawa_High
Haikyuu!!,Yoshiaki Nurukawa,Male,Kakugawa High,middle blocker,,,,,Kakugawa High,middle blocker,2nd year,,year 2nd year,Is your character a second-year high-school student?,school year,easy,https://haikyuu.fandom.com/wiki/Kakugawa_High
Haikyuu!!,Yoshiaki Nurukawa,Male,Kakugawa High,middle blocker,,,,,Kakugawa High,middle blocker,2nd year,,signature yoshiaki nurukawa,Does your character wear jersey number 1 for Kakugawa High and play as a middle blocker?,signature fact,hard,https://haikyuu.fandom.com/wiki/Kakugawa_High
Haikyuu!!,Yoshiaki Nurukawa,Male,Kakugawa High,middle blocker,,,,,Kakugawa High,middle blocker,2nd year,,team kakugawa high,Does your character belong to Kakugawa High?,team,easy,https://haikyuu.fandom.com/wiki/Kakugawa_High
Haikyuu!!,Yoshiharu Haga,Male,Tokonami High,setter,,,,,Tokonami High,setter,2nd year,,gender male,Is your character male?,gender,easy,https://haikyuu.fandom.com/wiki/Tokonami_High
Haikyuu!!,Yoshiharu Haga,Male,Tokonami High,setter,,,,,Tokonami High,setter,2nd year,,setter,Is your character a setter?,position,easy,https://haikyuu.fandom.com/wiki/Tokonami_High
Haikyuu!!,Yoshiharu Haga,Male,Tokonami High,setter,,,,,Tokonami High,setter,2nd year,,year 2nd year,Is your character a second-year high-school student?,school year,easy,https://haikyuu.fandom.com/wiki/Tokonami_High
Haikyuu!!,Yoshiharu Haga,Male,Tokonami High,setter,,,,,Tokonami High,setter,2nd year,,signature yoshiharu haga,Does your character wear jersey number 9 for Tokonami High and play as a setter?,signature fact,hard,https://haikyuu.fandom.com/wiki/Tokonami_High
Haikyuu!!,Yoshiharu Haga,Male,Tokonami High,setter,,,,,Tokonami High,setter,2nd year,,team tokonami high,Does your character belong to Tokonami High?,team,easy,https://haikyuu.fandom.com/wiki/Tokonami_High
Haikyuu!!,Yoshitomo Atema,Male,Tsubakihara Academy,middle blocker,,,,,Tsubakihara Academy,middle blocker,2nd year,,gender male,Is your character male?,gender,easy,https://haikyuu.fandom.com/wiki/Tsubakihara_Academy
Haikyuu!!,Yoshitomo Atema,Male,Tsubakihara Academy,middle blocker,,,,,Tsubakihara Academy,middle blocker,2nd year,,middle blocker,Is your character a middle blocker?,position,easy,https://haikyuu.fandom.com/wiki/Tsubakihara_Academy
Haikyuu!!,Yoshitomo Atema,Male,Tsubakihara Academy,middle blocker,,,,,Tsubakihara Academy,middle blocker,2nd year,,year 2nd year,Is your character a second-year high-school student?,school year,easy,https://haikyuu.fandom.com/wiki/Tsubakihara_Academy
Haikyuu!!,Yoshitomo Atema,Male,Tsubakihara Academy,middle blocker,,,,,Tsubakihara Academy,middle blocker,2nd year,,signature yoshitomo atema,Does your character wear jersey number 9 for Tsubakihara Academy and play as a middle blocker?,signature fact,hard,https://haikyuu.fandom.com/wiki/Tsubakihara_Academy
Haikyuu!!,Yoshitomo Atema,Male,Tsubakihara Academy,middle blocker,,,,,Tsubakihara Academy,middle blocker,2nd year,,team tsubakihara academy,Does your character belong to Tsubakihara Academy?,team,easy,https://haikyuu.fandom.com/wiki/Tsubakihara_Academy
Haikyuu!!,Yoshiya Takachiho,Male,Nohebi Academy,wing spiker,,,,,Nohebi Academy,wing spiker,3rd year,,gender male,Is your character male?,gender,easy,https://haikyuu.fandom.com/wiki/Nohebi_Academy
Haikyuu!!,Yoshiya Takachiho,Male,Nohebi Academy,wing spiker,,,,,Nohebi Academy,wing spiker,3rd year,,wing spiker,Is your character a wing spiker?,position,easy,https://haikyuu.fandom.com/wiki/Nohebi_Academy
Haikyuu!!,Yoshiya Takachiho,Male,Nohebi Academy,wing spiker,,,,,Nohebi Academy,wing spiker,3rd year,,year 3rd year,Is your character a third-year high-school student?,school year,easy,https://haikyuu.fandom.com/wiki/Nohebi_Academy
Haikyuu!!,Yoshiya Takachiho,Male,Nohebi Academy,wing spiker,,,,,Nohebi Academy,wing spiker,3rd year,,signature yoshiya takachiho,Does your character wear jersey number 2 for Nohebi Academy and play as a wing spiker?,signature fact,hard,https://haikyuu.fandom.com/wiki/Nohebi_Academy
Haikyuu!!,Yoshiya Takachiho,Male,Nohebi Academy,wing spiker,,,,,Nohebi Academy,wing spiker,3rd year,,team nohebi academy,Does your character belong to Nohebi Academy?,team,easy,https://haikyuu.fandom.com/wiki/Nohebi_Academy
Haikyuu!!,Yu Nishinoya,Male,Karasuno High,libero,,,,,Karasuno High,libero,2nd year,,blond hair streak,Does your character have a blond streak in their hair?,appearance,easy,https://haikyuu.fandom.com/wiki/Yu_Nishinoya
Haikyuu!!,Yu Nishinoya,Male,Karasuno High,libero,,,,,Karasuno High,libero,2nd year,,guardian deity,Is your character called Karasuno's Guardian Deity?,official nickname,medium,https://haikyuu.fandom.com/wiki/Yu_Nishinoya
Haikyuu!!,Yu Nishinoya,Male,Karasuno High,libero,,,,,Karasuno High,libero,2nd year,,libero,Is your character a libero?,position,easy,https://haikyuu.fandom.com/wiki/Yu_Nishinoya
Haikyuu!!,Yu Nishinoya,Male,Karasuno High,libero,,,,,Karasuno High,libero,2nd year,,year 2nd year,Is your character a second-year high-school student?,school year,easy,https://haikyuu.fandom.com/wiki/Yu_Nishinoya
Haikyuu!!,Yu Nishinoya,Male,Karasuno High,libero,,,,,Karasuno High,libero,2nd year,,team karasuno,Does your character play for Karasuno?,team,easy,https://haikyuu.fandom.com/wiki/Yu_Nishinoya
Haikyuu!!,Yudai Hyakuzawa,Male,Kakugawa High,wing spiker,,,,,Kakugawa High,wing spiker,1st year,ace; height over 200 cm,height over 200 cm,Is your character more than two meters tall?,appearance,easy,https://haikyuu.fandom.com/wiki/Kakugawa_High
Haikyuu!!,Yudai Hyakuzawa,Male,Kakugawa High,wing spiker,,,,,Kakugawa High,wing spiker,1st year,ace; height over 200 cm,gender male,Is your character male?,gender,easy,https://haikyuu.fandom.com/wiki/Kakugawa_High
Haikyuu!!,Yudai Hyakuzawa,Male,Kakugawa High,wing spiker,,,,,Kakugawa High,wing spiker,1st year,ace; height over 200 cm,ace,Is your character the official ace of their team?,official role,easy,https://haikyuu.fandom.com/wiki/Kakugawa_High
Haikyuu!!,Yudai Hyakuzawa,Male,Kakugawa High,wing spiker,,,,,Kakugawa High,wing spiker,1st year,ace; height over 200 cm,wing spiker,Is your character a wing spiker?,position,easy,https://haikyuu.fandom.com/wiki/Kakugawa_High
Haikyuu!!,Yudai Hyakuzawa,Male,Kakugawa High,wing spiker,,,,,Kakugawa High,wing spiker,1st year,ace; height over 200 cm,year 1st year,Is your character a first-year high-school student?,school year,easy,https://haikyuu.fandom.com/wiki/Kakugawa_High
Haikyuu!!,Yudai Hyakuzawa,Male,Kakugawa High,wing spiker,,,,,Kakugawa High,wing spiker,1st year,ace; height over 200 cm,signature yudai hyakuzawa,Does your character wear jersey number 9 for Kakugawa High and play as a wing spiker?,signature fact,hard,https://haikyuu.fandom.com/wiki/Kakugawa_High
Haikyuu!!,Yudai Hyakuzawa,Male,Kakugawa High,wing spiker,,,,,Kakugawa High,wing spiker,1st year,ace; height over 200 cm,team kakugawa high,Does your character belong to Kakugawa High?,team,easy,https://haikyuu.fandom.com/wiki/Kakugawa_High
Haikyuu!!,Yuji Terushima,Male,Johzenji High,wing spiker,,,,,Johzenji High,wing spiker,2nd year,captain,gender male,Is your character male?,gender,easy,https://haikyuu.fandom.com/wiki/Johzenji_High
Haikyuu!!,Yuji Terushima,Male,Johzenji High,wing spiker,,,,,Johzenji High,wing spiker,2nd year,captain,captain,Is your character the team captain?,official role,easy,https://haikyuu.fandom.com/wiki/Johzenji_High
Haikyuu!!,Yuji Terushima,Male,Johzenji High,wing spiker,,,,,Johzenji High,wing spiker,2nd year,captain,wing spiker,Is your character a wing spiker?,position,easy,https://haikyuu.fandom.com/wiki/Johzenji_High
Haikyuu!!,Yuji Terushima,Male,Johzenji High,wing spiker,,,,,Johzenji High,wing spiker,2nd year,captain,year 2nd year,Is your character a second-year high-school student?,school year,easy,https://haikyuu.fandom.com/wiki/Johzenji_High
Haikyuu!!,Yuji Terushima,Male,Johzenji High,wing spiker,,,,,Johzenji High,wing spiker,2nd year,captain,signature yuji terushima,Does your character wear jersey number 1 for Johzenji High and play as a wing spiker?,signature fact,hard,https://haikyuu.fandom.com/wiki/Johzenji_High
Haikyuu!!,Yuji Terushima,Male,Johzenji High,wing spiker,,,,,Johzenji High,wing spiker,2nd year,captain,team johzenji high,Does your character belong to Johzenji High?,team,easy,https://haikyuu.fandom.com/wiki/Johzenji_High
Haikyuu!!,Yuki Shibayama,Male,Nekoma High,libero,,,,,Nekoma High,libero,1st year,,libero,Is your character a libero?,position,easy,https://haikyuu.fandom.com/wiki/Yuki_Shibayama
Haikyuu!!,Yuki Shibayama,Male,Nekoma High,libero,,,,,Nekoma High,libero,1st year,,year 1st year,Is your character a first-year high-school student?,school year,easy,https://haikyuu.fandom.com/wiki/Yuki_Shibayama
Haikyuu!!,Yuki Shibayama,Male,Nekoma High,libero,,,,,Nekoma High,libero,1st year,,team nekoma,Does your character play for Nekoma?,team,easy,https://haikyuu.fandom.com/wiki/Yuki_Shibayama
Haikyuu!!,Yuki Shiroishi,Male,Wakutani Minami High,wing spiker,,,,,Wakutani Minami High,wing spiker,3rd year,,gender male,Is your character male?,gender,easy,https://haikyuu.fandom.com/wiki/Wakutani_Minami_High
Haikyuu!!,Yuki Shiroishi,Male,Wakutani Minami High,wing spiker,,,,,Wakutani Minami High,wing spiker,3rd year,,wing spiker,Is your character a wing spiker?,position,easy,https://haikyuu.fandom.com/wiki/Wakutani_Minami_High
Haikyuu!!,Yuki Shiroishi,Male,Wakutani Minami High,wing spiker,,,,,Wakutani Minami High,wing spiker,3rd year,,year 3rd year,Is your character a third-year high-school student?,school year,easy,https://haikyuu.fandom.com/wiki/Wakutani_Minami_High
Haikyuu!!,Yuki Shiroishi,Male,Wakutani Minami High,wing spiker,,,,,Wakutani Minami High,wing spiker,3rd year,,signature yuki shiroishi,Does your character wear jersey number 4 for Wakutani Minami High and play as a wing spiker?,signature fact,hard,https://haikyuu.fandom.com/wiki/Wakutani_Minami_High
Haikyuu!!,Yuki Shiroishi,Male,Wakutani Minami High,wing spiker,,,,,Wakutani Minami High,wing spiker,3rd year,,team wakutani minami high,Does your character belong to Wakutani Minami High?,team,easy,https://haikyuu.fandom.com/wiki/Wakutani_Minami_High
Haikyuu!!,Yukie Shirofuku,Female,Fukurodani Academy,manager,,,,,Fukurodani Academy,manager,3rd year,short blond hair,short blond hair,Does your character have short blond hair?,appearance,easy,https://haikyuu.fandom.com/wiki/Fukur%C5%8Ddani_Academy
Haikyuu!!,Yukie Shirofuku,Female,Fukurodani Academy,manager,,,,,Fukurodani Academy,manager,3rd year,short blond hair,gender female,Is your character female?,gender,easy,https://haikyuu.fandom.com/wiki/Fukur%C5%8Ddani_Academy
Haikyuu!!,Yukie Shirofuku,Female,Fukurodani Academy,manager,,,,,Fukurodani Academy,manager,3rd year,short blond hair,role manager,Is your character a manager?,role,easy,https://haikyuu.fandom.com/wiki/Fukur%C5%8Ddani_Academy
Haikyuu!!,Yukie Shirofuku,Female,Fukurodani Academy,manager,,,,,Fukurodani Academy,manager,3rd year,short blond hair,year 3rd year,Is your character a third-year high-school student?,school year,easy,https://haikyuu.fandom.com/wiki/Fukur%C5%8Ddani_Academy
Haikyuu!!,Yukie Shirofuku,Female,Fukurodani Academy,manager,,,,,Fukurodani Academy,manager,3rd year,short blond hair,signature yukie shirofuku,Is your character a 3rd year manager for Fukurodani Academy with short blond hair?,signature fact,hard,https://haikyuu.fandom.com/wiki/Fukur%C5%8Ddani_Academy
Haikyuu!!,Yukie Shirofuku,Female,Fukurodani Academy,manager,,,,,Fukurodani Academy,manager,3rd year,short blond hair,team fukurodani academy,Does your character belong to Fukurodani Academy?,team,easy,https://haikyuu.fandom.com/wiki/Fukur%C5%8Ddani_Academy
Haikyuu!!,Yushi Maiko,Male,Tsubakihara Academy,wing spiker,,,,,Tsubakihara Academy,wing spiker,2nd year,,gender male,Is your character male?,gender,easy,https://haikyuu.fandom.com/wiki/Tsubakihara_Academy
Haikyuu!!,Yushi Maiko,Male,Tsubakihara Academy,wing spiker,,,,,Tsubakihara Academy,wing spiker,2nd year,,wing spiker,Is your character a wing spiker?,position,easy,https://haikyuu.fandom.com/wiki/Tsubakihara_Academy
Haikyuu!!,Yushi Maiko,Male,Tsubakihara Academy,wing spiker,,,,,Tsubakihara Academy,wing spiker,2nd year,,year 2nd year,Is your character a second-year high-school student?,school year,easy,https://haikyuu.fandom.com/wiki/Tsubakihara_Academy
Haikyuu!!,Yushi Maiko,Male,Tsubakihara Academy,wing spiker,,,,,Tsubakihara Academy,wing spiker,2nd year,,signature yushi maiko,Does your character wear jersey number 10 for Tsubakihara Academy and play as a wing spiker?,signature fact,hard,https://haikyuu.fandom.com/wiki/Tsubakihara_Academy
Haikyuu!!,Yushi Maiko,Male,Tsubakihara Academy,wing spiker,,,,,Tsubakihara Academy,wing spiker,2nd year,,team tsubakihara academy,Does your character belong to Tsubakihara Academy?,team,easy,https://haikyuu.fandom.com/wiki/Tsubakihara_Academy
Haikyuu!!,Yusho Sagae,Male,Shiratorizawa Academy,wing spiker,,,,,Shiratorizawa Academy,wing spiker,1st year,,wing spiker,Is your character a wing spiker?,position,easy,https://haikyuu.fandom.com/wiki/Yusho_Sagae
Haikyuu!!,Yusho Sagae,Male,Shiratorizawa Academy,wing spiker,,,,,Shiratorizawa Academy,wing spiker,1st year,,year 1st year,Is your character a first-year high-school student?,school year,easy,https://haikyuu.fandom.com/wiki/Yusho_Sagae
Haikyuu!!,Yusho Sagae,Male,Shiratorizawa Academy,wing spiker,,,,,Shiratorizawa Academy,wing spiker,1st year,,team shiratorizawa,Does your character play for Shiratorizawa?,team,easy,https://haikyuu.fandom.com/wiki/Yusho_Sagae
Haikyuu!!,Yutaka Obara,Male,Date Tech High,wing spiker,,,,,Date Tech High,wing spiker,2nd year,,gender male,Is your character male?,gender,easy,https://haikyuu.fandom.com/wiki/Date_Tech_High
Haikyuu!!,Yutaka Obara,Male,Date Tech High,wing spiker,,,,,Date Tech High,wing spiker,2nd year,,wing spiker,Is your character a wing spiker?,position,easy,https://haikyuu.fandom.com/wiki/Date_Tech_High
Haikyuu!!,Yutaka Obara,Male,Date Tech High,wing spiker,,,,,Date Tech High,wing spiker,2nd year,,year 2nd year,Is your character a second-year high-school student?,school year,easy,https://haikyuu.fandom.com/wiki/Date_Tech_High
Haikyuu!!,Yutaka Obara,Male,Date Tech High,wing spiker,,,,,Date Tech High,wing spiker,2nd year,,signature yutaka obara,Does your character wear jersey number 3 for Date Tech High and play as a wing spiker?,signature fact,hard,https://haikyuu.fandom.com/wiki/Date_Tech_High
Haikyuu!!,Yutaka Obara,Male,Date Tech High,wing spiker,,,,,Date Tech High,wing spiker,2nd year,,team date tech high,Does your character belong to Date Tech High?,team,easy,https://haikyuu.fandom.com/wiki/Date_Tech_High
Haikyuu!!,Yutaro Kindaichi,Male,Aoba Johsai High,middle blocker,,,,,Aoba Johsai High,middle blocker,1st year,,onion shaped hair,"Does your character have a tall, onion-shaped hairstyle?",appearance,easy,https://haikyuu.fandom.com/wiki/Yutaro_Kindaichi
Haikyuu!!,Yutaro Kindaichi,Male,Aoba Johsai High,middle blocker,,,,,Aoba Johsai High,middle blocker,1st year,,middle blocker,Is your character a middle blocker?,position,easy,https://haikyuu.fandom.com/wiki/Yutaro_Kindaichi
Haikyuu!!,Yutaro Kindaichi,Male,Aoba Johsai High,middle blocker,,,,,Aoba Johsai High,middle blocker,1st year,,former kitagawa daiichi player,Did your character play for Kitagawa Daiichi before high school?,relationship,medium,https://haikyuu.fandom.com/wiki/Yutaro_Kindaichi
Haikyuu!!,Yutaro Kindaichi,Male,Aoba Johsai High,middle blocker,,,,,Aoba Johsai High,middle blocker,1st year,,year 1st year,Is your character a first-year high-school student?,school year,easy,https://haikyuu.fandom.com/wiki/Yutaro_Kindaichi
Haikyuu!!,Yutaro Kindaichi,Male,Aoba Johsai High,middle blocker,,,,,Aoba Johsai High,middle blocker,1st year,,team aoba johsai,Does your character play for Aoba Johsai?,team,easy,https://haikyuu.fandom.com/wiki/Yutaro_Kindaichi
Haikyuu!!,Yuto Kosaku,Male,Inarizaki High,wing spiker,,,,,Inarizaki High,wing spiker,2nd year,,wing spiker,Is your character a wing spiker?,position,easy,https://haikyuu.fandom.com/wiki/Yuto_Kosaku
Haikyuu!!,Yuto Kosaku,Male,Inarizaki High,wing spiker,,,,,Inarizaki High,wing spiker,2nd year,,year 2nd year,Is your character a second-year high-school student?,school year,easy,https://haikyuu.fandom.com/wiki/Yuto_Kosaku
Haikyuu!!,Yuto Kosaku,Male,Inarizaki High,wing spiker,,,,,Inarizaki High,wing spiker,2nd year,,team inarizaki,Does your character play for Inarizaki?,team,easy,https://haikyuu.fandom.com/wiki/Yuto_Kosaku
Haikyuu!!,Yuzuru Komaki,Male,Kakugawa High,setter,,,,,Kakugawa High,setter,2nd year,captain,gender male,Is your character male?,gender,easy,https://haikyuu.fandom.com/wiki/Kakugawa_High
Haikyuu!!,Yuzuru Komaki,Male,Kakugawa High,setter,,,,,Kakugawa High,setter,2nd year,captain,captain,Is your character the team captain?,official role,easy,https://haikyuu.fandom.com/wiki/Kakugawa_High
Haikyuu!!,Yuzuru Komaki,Male,Kakugawa High,setter,,,,,Kakugawa High,setter,2nd year,captain,setter,Is your character a setter?,position,easy,https://haikyuu.fandom.com/wiki/Kakugawa_High
Haikyuu!!,Yuzuru Komaki,Male,Kakugawa High,setter,,,,,Kakugawa High,setter,2nd year,captain,year 2nd year,Is your character a second-year high-school student?,school year,easy,https://haikyuu.fandom.com/wiki/Kakugawa_High
Haikyuu!!,Yuzuru Komaki,Male,Kakugawa High,setter,,,,,Kakugawa High,setter,2nd year,captain,signature yuzuru komaki,Does your character wear jersey number 5 for Kakugawa High and play as a setter?,signature fact,hard,https://haikyuu.fandom.com/wiki/Kakugawa_High
Haikyuu!!,Yuzuru Komaki,Male,Kakugawa High,setter,,,,,Kakugawa High,setter,2nd year,captain,team kakugawa high,Does your character belong to Kakugawa High?,team,easy,https://haikyuu.fandom.com/wiki/Kakugawa_High
One Piece,Absalom,Male,Thriller Bark Pirates,pirate officer,Suke Suke no Mi,,invisibility and bazookas,Thriller Bark,,,,,affiliation thriller bark pirates,Is your character affiliated with Thriller Bark Pirates?,affiliation,easy,https://onepiece.fandom.com/wiki/List_of_Canon_Characters
One Piece,Absalom,Male,Thriller Bark Pirates,pirate officer,Suke Suke no Mi,,invisibility and bazookas,Thriller Bark,,,,,arc thriller bark,Is your character shown during the Thriller Bark arc?,arc appearance,medium,https://onepiece.fandom.com/wiki/List_of_Canon_Characters
One Piece,Absalom,Male,Thriller Bark Pirates,pirate officer,Suke Suke no Mi,,invisibility and bazookas,Thriller Bark,,,,,devil fruit suke suke no mi,Does your character use Suke Suke no Mi?,devil fruit,medium,https://onepiece.fandom.com/wiki/List_of_Canon_Characters
One Piece,Absalom,Male,Thriller Bark Pirates,pirate officer,Suke Suke no Mi,,invisibility and bazookas,Thriller Bark,,,,,devil fruit user,Does your character use a Devil Fruit?,devil fruit,easy,https://onepiece.fandom.com/wiki/List_of_Canon_Characters
One Piece,Absalom,Male,Thriller Bark Pirates,pirate officer,Suke Suke no Mi,,invisibility and bazookas,Thriller Bark,,,,,has devil fruit,Does your character have a Devil Fruit power?,devil fruit,easy,https://onepiece.fandom.com/wiki/List_of_Canon_Characters
One Piece,Absalom,Male,Thriller Bark Pirates,pirate officer,Suke Suke no Mi,,invisibility and bazookas,Thriller Bark,,,,,fighting style invisibility and bazookas,Does your character use invisibility and bazookas?,fighting style,medium,https://onepiece.fandom.com/wiki/List_of_Canon_Characters
One Piece,Absalom,Male,Thriller Bark Pirates,pirate officer,Suke Suke no Mi,,invisibility and bazookas,Thriller Bark,,,,,gender male,Is your character male?,gender,easy,https://onepiece.fandom.com/wiki/List_of_Canon_Characters
One Piece,Absalom,Male,Thriller Bark Pirates,pirate officer,Suke Suke no Mi,,invisibility and bazookas,Thriller Bark,,,,,role pirate officer,Is your character a pirate officer?,role,easy,https://onepiece.fandom.com/wiki/List_of_Canon_Characters
One Piece,Absalom,Male,Thriller Bark Pirates,pirate officer,Suke Suke no Mi,,invisibility and bazookas,Thriller Bark,,,,,signature absalom,Is your character the modified man with a lion jaw who formerly used the Clear-Clear Fruit?,signature fact,hard,https://onepiece.fandom.com/wiki/List_of_Canon_Characters
One Piece,Absalom,Male,Thriller Bark Pirates,pirate officer,Suke Suke no Mi,,invisibility and bazookas,Thriller Bark,,,,,species modified human,Is your character a modified human?,species,easy,https://onepiece.fandom.com/wiki/List_of_Canon_Characters
One Piece,Aisa,Female,Shandia,child and mantra user,,Observation Haki,,Skypiea,,,,,affiliation shandia,Is your character affiliated with Shandia?,affiliation,easy,https://onepiece.fandom.com/wiki/List_of_Canon_Characters
One Piece,Aisa,Female,Shandia,child and mantra user,,Observation Haki,,Skypiea,,,,,arc skypiea,Is your character shown during the Skypiea arc?,arc appearance,medium,https://onepiece.fandom.com/wiki/List_of_Canon_Characters
One Piece,Aisa,Female,Shandia,child and mantra user,,Observation Haki,,Skypiea,,,,,gender female,Is your character female?,gender,easy,https://onepiece.fandom.com/wiki/List_of_Canon_Characters
One Piece,Aisa,Female,Shandia,child and mantra user,,Observation Haki,,Skypiea,,,,,observation haki,Does your character use Observation Haki?,haki,easy,https://onepiece.fandom.com/wiki/List_of_Canon_Characters
One Piece,Aisa,Female,Shandia,child and mantra user,,Observation Haki,,Skypiea,,,,,uses haki,Does your character use Haki?,haki,easy,https://onepiece.fandom.com/wiki/List_of_Canon_Characters
One Piece,Aisa,Female,Shandia,child and mantra user,,Observation Haki,,Skypiea,,,,,role child and mantra user,Is your character a child and mantra user?,role,easy,https://onepiece.fandom.com/wiki/List_of_Canon_Characters
One Piece,Aisa,Female,Shandia,child and mantra user,,Observation Haki,,Skypiea,,,,,signature aisa,Is your character the Shandian child born with the ability known as Mantra?,signature fact,hard,https://onepiece.fandom.com/wiki/List_of_Canon_Characters
One Piece,Aisa,Female,Shandia,child and mantra user,,Observation Haki,,Skypiea,,,,,species shandian,Is your character a Shandian?,species,easy,https://onepiece.fandom.com/wiki/List_of_Canon_Characters
One Piece,Alvida,Female,Alvida Pirates,pirate captain,Sube Sube no Mi,,iron mace,East Blue;Loguetown,,,,,affiliation alvida pirates,Is your character affiliated with Alvida Pirates?,affiliation,easy,https://onepiece.fandom.com/wiki/List_of_Canon_Characters
One Piece,Alvida,Female,Alvida Pirates,pirate captain,Sube Sube no Mi,,iron mace,East Blue;Loguetown,,,,,arc loguetown,Is your character shown during the Loguetown arc?,arc appearance,medium,https://onepiece.fandom.com/wiki/List_of_Canon_Characters
One Piece,Alvida,Female,Alvida Pirates,pirate captain,Sube Sube no Mi,,iron mace,East Blue;Loguetown,,,,,saga east blue,Is your character shown during the East Blue saga?,arc appearance,medium,https://onepiece.fandom.com/wiki/List_of_Canon_Characters
One Piece,Alvida,Female,Alvida Pirates,pirate captain,Sube Sube no Mi,,iron mace,East Blue;Loguetown,,,,,devil fruit sube sube no mi,Does your character use Sube Sube no Mi?,devil fruit,medium,https://onepiece.fandom.com/wiki/List_of_Canon_Characters
One Piece,Alvida,Female,Alvida Pirates,pirate captain,Sube Sube no Mi,,iron mace,East Blue;Loguetown,,,,,devil fruit user,Does your character use a Devil Fruit?,devil fruit,easy,https://onepiece.fandom.com/wiki/List_of_Canon_Characters
One Piece,Alvida,Female,Alvida Pirates,pirate captain,Sube Sube no Mi,,iron mace,East Blue;Loguetown,,,,,has devil fruit,Does your character have a Devil Fruit power?,devil fruit,easy,https://onepiece.fandom.com/wiki/List_of_Canon_Characters
One Piece,Alvida,Female,Alvida Pirates,pirate captain,Sube Sube no Mi,,iron mace,East Blue;Loguetown,,,,,fighting style iron mace,Does your character use iron mace?,fighting style,medium,https://onepiece.fandom.com/wiki/List_of_Canon_Characters
One Piece,Alvida,Female,Alvida Pirates,pirate captain,Sube Sube no Mi,,iron mace,East Blue;Loguetown,,,,,gender female,Is your character female?,gender,easy,https://onepiece.fandom.com/wiki/List_of_Canon_Characters
One Piece,Alvida,Female,Alvida Pirates,pirate captain,Sube Sube no Mi,,iron mace,East Blue;Loguetown,,,,,role pirate captain,Is your character a pirate captain?,role,easy,https://onepiece.fandom.com/wiki/List_of_Canon_Characters
One Piece,Alvida,Female,Alvida Pirates,pirate captain,Sube Sube no Mi,,iron mace,East Blue;Loguetown,,,,,signature alvida,Is your character the female pirate captain who uses the Sube Sube no Mi and carries an iron mace?,signature fact,hard,https://onepiece.fandom.com/wiki/List_of_Canon_Characters
One Piece,Arlong,Male,Arlong Pirates,pirate captain,,,saw sword and fish-man strength,East Blue,,,,,affiliation arlong pirates,Is your character affiliated with Arlong Pirates?,affiliation,easy,https://onepiece.fandom.com/wiki/List_of_Canon_Characters
One Piece,Arlong,Male,Arlong Pirates,pirate captain,,,saw sword and fish-man strength,East Blue,,,,,saga east blue,Is your character shown during the East Blue saga?,arc appearance,medium,https://onepiece.fandom.com/wiki/List_of_Canon_Characters
One Piece,Arlong,Male,Arlong Pirates,pirate captain,,,saw sword and fish-man strength,East Blue,,,,,fighting style saw sword and fish-man strength,Does your character use saw sword and fish-man strength?,fighting style,medium,https://onepiece.fandom.com/wiki/List_of_Canon_Characters
One Piece,Arlong,Male,Arlong Pirates,pirate captain,,,saw sword and fish-man strength,East Blue,,,,,gender male,Is your character male?,gender,easy,https://onepiece.fandom.com/wiki/List_of_Canon_Characters
One Piece,Arlong,Male,Arlong Pirates,pirate captain,,,saw sword and fish-man strength,East Blue,,,,,role pirate captain,Is your character a pirate captain?,role,easy,https://onepiece.fandom.com/wiki/List_of_Canon_Characters
One Piece,Arlong,Male,Arlong Pirates,pirate captain,,,saw sword and fish-man strength,East Blue,,,,,signature arlong,Is your character the sawshark fish-man captain of the Arlong Pirates?,signature fact,hard,https://onepiece.fandom.com/wiki/List_of_Canon_Characters
One Piece,Arlong,Male,Arlong Pirates,pirate captain,,,saw sword and fish-man strength,East Blue,,,,,species sawshark fish-man,Is your character a sawshark fish-man?,species,easy,https://onepiece.fandom.com/wiki/List_of_Canon_Characters
One Piece,Axe-Hand Morgan,Male,Marines,former marine captain,,,axe hand,East Blue,,,,,affiliation marines,Is your character affiliated with Marines?,affiliation,easy,https://onepiece.fandom.com/wiki/List_of_Canon_Characters
One Piece,Axe-Hand Morgan,Male,Marines,former marine captain,,,axe hand,East Blue,,,,,saga east blue,Is your character shown during the East Blue saga?,arc appearance,medium,https://onepiece.fandom.com/wiki/List_of_Canon_Characters
One Piece,Axe-Hand Morgan,Male,Marines,former marine captain,,,axe hand,East Blue,,,,,fighting style axe hand,Does your character use axe hand?,fighting style,medium,https://onepiece.fandom.com/wiki/List_of_Canon_Characters
One Piece,Axe-Hand Morgan,Male,Marines,former marine captain,,,axe hand,East Blue,,,,,gender male,Is your character male?,gender,easy,https://onepiece.fandom.com/wiki/List_of_Canon_Characters
One Piece,Axe-Hand Morgan,Male,Marines,former marine captain,,,axe hand,East Blue,,,,,role former marine captain,Is your character a former marine captain?,role,easy,https://onepiece.fandom.com/wiki/List_of_Canon_Characters
One Piece,Axe-Hand Morgan,Male,Marines,former marine captain,,,axe hand,East Blue,,,,,signature axe hand morgan,Is your character a former Marine captain with a large axe replacing one hand?,signature fact,hard,https://onepiece.fandom.com/wiki/List_of_Canon_Characters
One Piece,Babe,Male,Baroque Works,former Baroque Works agent,,,baseball bat,Alabasta,,,,,affiliation baroque works,Is your character affiliated with Baroque Works?,affiliation,easy,https://onepiece.fandom.com/wiki/List_of_Canon_Characters
One Piece,Babe,Male,Baroque Works,former Baroque Works agent,,,baseball bat,Alabasta,,,,,arc alabasta,Is your character shown during the Alabasta arc?,arc appearance,medium,https://onepiece.fandom.com/wiki/List_of_Canon_Characters
One Piece,Babe,Male,Baroque Works,former Baroque Works agent,,,baseball bat,Alabasta,,,,,fighting style baseball bat,Does your character use baseball bat?,fighting style,medium,https://onepiece.fandom.com/wiki/List_of_Canon_Characters
One Piece,Babe,Male,Baroque Works,former Baroque Works agent,,,baseball bat,Alabasta,,,,,gender male,Is your character male?,gender,easy,https://onepiece.fandom.com/wiki/List_of_Canon_Characters
One Piece,Babe,Male,Baroque Works,former Baroque Works agent,,,baseball bat,Alabasta,,,,,role former baroque works agent,Is your character a former Baroque Works agent?,role,easy,https://onepiece.fandom.com/wiki/List_of_Canon_Characters
One Piece,Babe,Male,Baroque Works,former Baroque Works agent,,,baseball bat,Alabasta,,,,,signature babe,Is your character the large Baroque Works agent who swings a four-ton baseball bat?,signature fact,hard,https://onepiece.fandom.com/wiki/List_of_Canon_Characters
One Piece,Bartholomew Kuma,Male,Revolutionary Army,Former Warlord,Nikyu Nikyu no Mi,Armament,Repel powers,"Thriller Bark, Egghead",,,,,affiliation revolutionary army,Is your character affiliated with Revolutionary Army?,affiliation,easy,User-provided One Piece table dated 2025-11-02
One Piece,Bartholomew Kuma,Male,Revolutionary Army,Former Warlord,Nikyu Nikyu no Mi,Armament,Repel powers,"Thriller Bark, Egghead",,,,,arc egghead,Is your character shown during the Egghead arc?,arc appearance,medium,User-provided One Piece table dated 2025-11-02
One Piece,Bartholomew Kuma,Male,Revolutionary Army,Former Warlord,Nikyu Nikyu no Mi,Armament,Repel powers,"Thriller Bark, Egghead",,,,,arc thriller bark,Is your character shown during the Thriller Bark arc?,arc appearance,medium,User-provided One Piece table dated 2025-11-02
One Piece,Bartholomew Kuma,Male,Revolutionary Army,Former Warlord,Nikyu Nikyu no Mi,Armament,Repel powers,"Thriller Bark, Egghead",,,,,devil fruit nikyu nikyu no mi,Does your character use Nikyu Nikyu no Mi?,devil fruit,medium,User-provided One Piece table dated 2025-11-02
One Piece,Bartholomew Kuma,Male,Revolutionary Army,Former Warlord,Nikyu Nikyu no Mi,Armament,Repel powers,"Thriller Bark, Egghead",,,,,devil fruit user,Does your character use a Devil Fruit?,devil fruit,easy,User-provided One Piece table dated 2025-11-02
One Piece,Bartholomew Kuma,Male,Revolutionary Army,Former Warlord,Nikyu Nikyu no Mi,Armament,Repel powers,"Thriller Bark, Egghead",,,,,has devil fruit,Does your character have a Devil Fruit power?,devil fruit,easy,User-provided One Piece table dated 2025-11-02
One Piece,Bartholomew Kuma,Male,Revolutionary Army,Former Warlord,Nikyu Nikyu no Mi,Armament,Repel powers,"Thriller Bark, Egghead",,,,,fighting style repel powers,Can your character repel things with their powers?,fighting style,medium,User-provided One Piece table dated 2025-11-02
One Piece,Bartholomew Kuma,Male,Revolutionary Army,Former Warlord,Nikyu Nikyu no Mi,Armament,Repel powers,"Thriller Bark, Egghead",,,,,gender male,Is your character male?,gender,easy,User-provided One Piece table dated 2025-11-02
One Piece,Bartholomew Kuma,Male,Revolutionary Army,Former Warlord,Nikyu Nikyu no Mi,Armament,Repel powers,"Thriller Bark, Egghead",,,,,armament haki,Does your character use Armament Haki?,haki,easy,User-provided One Piece table dated 2025-11-02
One Piece,Bartholomew Kuma,Male,Revolutionary Army,Former Warlord,Nikyu Nikyu no Mi,Armament,Repel powers,"Thriller Bark, Egghead",,,,,uses haki,Does your character use Haki?,haki,easy,User-provided One Piece table dated 2025-11-02
One Piece,Bartholomew Kuma,Male,Revolutionary Army,Former Warlord,Nikyu Nikyu no Mi,Armament,Repel powers,"Thriller Bark, Egghead",,,,,role former warlord,Is your character a former warlord?,role,easy,User-provided One Piece table dated 2025-11-02
One Piece,Bartholomew Kuma,Male,Revolutionary Army,Former Warlord,Nikyu Nikyu no Mi,Armament,Repel powers,"Thriller Bark, Egghead",,,,,signature bartholomew kuma,Is your character a former warlord in the Revolutionary Army who uses the Nikyu Nikyu no Mi?,signature fact,medium,User-provided One Piece table dated 2025-11-02
One Piece,Bartolomeo,Male,Barto Club,pirate captain,Bari Bari no Mi,,barrier creation,Dressrosa,,,,,affiliation barto club,Is your character affiliated with Barto Club?,affiliation,easy,https://onepiece.fandom.com/wiki/List_of_Canon_Characters
One Piece,Bartolomeo,Male,Barto Club,pirate captain,Bari Bari no Mi,,barrier creation,Dressrosa,,,,,arc dressrosa,Is your character shown during the Dressrosa arc?,arc appearance,medium,https://onepiece.fandom.com/wiki/List_of_Canon_Characters
One Piece,Bartolomeo,Male,Barto Club,pirate captain,Bari Bari no Mi,,barrier creation,Dressrosa,,,,,devil fruit bari bari no mi,Does your character use Bari Bari no Mi?,devil fruit,medium,https://onepiece.fandom.com/wiki/List_of_Canon_Characters
One Piece,Bartolomeo,Male,Barto Club,pirate captain,Bari Bari no Mi,,barrier creation,Dressrosa,,,,,devil fruit user,Does your character use a Devil Fruit?,devil fruit,easy,https://onepiece.fandom.com/wiki/List_of_Canon_Characters
One Piece,Bartolomeo,Male,Barto Club,pirate captain,Bari Bari no Mi,,barrier creation,Dressrosa,,,,,has devil fruit,Does your character have a Devil Fruit power?,devil fruit,easy,https://onepiece.fandom.com/wiki/List_of_Canon_Characters
One Piece,Bartolomeo,Male,Barto Club,pirate captain,Bari Bari no Mi,,barrier creation,Dressrosa,,,,,fighting style barrier creation,Does your character use barrier creation?,fighting style,medium,https://onepiece.fandom.com/wiki/List_of_Canon_Characters
One Piece,Bartolomeo,Male,Barto Club,pirate captain,Bari Bari no Mi,,barrier creation,Dressrosa,,,,,gender male,Is your character male?,gender,easy,https://onepiece.fandom.com/wiki/List_of_Canon_Characters
One Piece,Bartolomeo,Male,Barto Club,pirate captain,Bari Bari no Mi,,barrier creation,Dressrosa,,,,,role pirate captain,Is your character a pirate captain?,role,easy,https://onepiece.fandom.com/wiki/List_of_Canon_Characters
One Piece,Bartolomeo,Male,Barto Club,pirate captain,Bari Bari no Mi,,barrier creation,Dressrosa,,,,,signature bartolomeo,Is your character the green-haired pirate captain who creates unbreakable barriers?,signature fact,hard,https://onepiece.fandom.com/wiki/List_of_Canon_Characters
One Piece,Basil Hawkins,Male,Hawkins Pirates,Pirate Captain,Wara Wara no Mi,"Armament, Observation",Straw combat,Wano,,,,,affiliation hawkins pirates,Is your character affiliated with Hawkins Pirates?,affiliation,easy,User-provided One Piece table dated 2025-11-02
One Piece,Basil Hawkins,Male,Hawkins Pirates,Pirate Captain,Wara Wara no Mi,"Armament, Observation",Straw combat,Wano,,,,,arc wano country,Is your character shown during the Wano Country arc?,arc appearance,medium,User-provided One Piece table dated 2025-11-02
One Piece,Basil Hawkins,Male,Hawkins Pirates,Pirate Captain,Wara Wara no Mi,"Armament, Observation",Straw combat,Wano,,,,,devil fruit user,Does your character use a Devil Fruit?,devil fruit,easy,User-provided One Piece table dated 2025-11-02
One Piece,Basil Hawkins,Male,Hawkins Pirates,Pirate Captain,Wara Wara no Mi,"Armament, Observation",Straw combat,Wano,,,,,devil fruit wara wara no mi,Does your character use Wara Wara no Mi?,devil fruit,medium,User-provided One Piece table dated 2025-11-02
One Piece,Basil Hawkins,Male,Hawkins Pirates,Pirate Captain,Wara Wara no Mi,"Armament, Observation",Straw combat,Wano,,,,,has devil fruit,Does your character have a Devil Fruit power?,devil fruit,easy,User-provided One Piece table dated 2025-11-02
One Piece,Basil Hawkins,Male,Hawkins Pirates,Pirate Captain,Wara Wara no Mi,"Armament, Observation",Straw combat,Wano,,,,,fighting style straw combat,Does your character use straw-based combat?,fighting style,medium,User-provided One Piece table dated 2025-11-02
One Piece,Basil Hawkins,Male,Hawkins Pirates,Pirate Captain,Wara Wara no Mi,"Armament, Observation",Straw combat,Wano,,,,,gender male,Is your character male?,gender,easy,User-provided One Piece table dated 2025-11-02
One Piece,Basil Hawkins,Male,Hawkins Pirates,Pirate Captain,Wara Wara no Mi,"Armament, Observation",Straw combat,Wano,,,,,armament haki,Does your character use Armament Haki?,haki,easy,User-provided One Piece table dated 2025-11-02
One Piece,Basil Hawkins,Male,Hawkins Pirates,Pirate Captain,Wara Wara no Mi,"Armament, Observation",Straw combat,Wano,,,,,observation haki,Does your character use Observation Haki?,haki,easy,User-provided One Piece table dated 2025-11-02
One Piece,Basil Hawkins,Male,Hawkins Pirates,Pirate Captain,Wara Wara no Mi,"Armament, Observation",Straw combat,Wano,,,,,uses haki,Does your character use Haki?,haki,easy,User-provided One Piece table dated 2025-11-02
One Piece,Basil Hawkins,Male,Hawkins Pirates,Pirate Captain,Wara Wara no Mi,"Armament, Observation",Straw combat,Wano,,,,,role pirate captain,Is your character a pirate captain?,role,easy,User-provided One Piece table dated 2025-11-02
One Piece,Basil Hawkins,Male,Hawkins Pirates,Pirate Captain,Wara Wara no Mi,"Armament, Observation",Straw combat,Wano,,,,,signature basil hawkins,Is your character the Hawkins Pirates captain who uses the Wara Wara no Mi?,signature fact,medium,User-provided One Piece table dated 2025-11-02
One Piece,Bell-mere,Female,Marines / Cocoyasi Village,former marine and mother,,,rifle,East Blue,,,,,affiliation cocoyasi village,Is your character affiliated with Cocoyasi Village?,affiliation,easy,https://onepiece.fandom.com/wiki/List_of_Canon_Characters
One Piece,Bell-mere,Female,Marines / Cocoyasi Village,former marine and mother,,,rifle,East Blue,,,,,affiliation marines,Is your character affiliated with Marines?,affiliation,easy,https://onepiece.fandom.com/wiki/List_of_Canon_Characters
One Piece,Bell-mere,Female,Marines / Cocoyasi Village,former marine and mother,,,rifle,East Blue,,,,,saga east blue,Is your character shown during the East Blue saga?,arc appearance,medium,https://onepiece.fandom.com/wiki/List_of_Canon_Characters
One Piece,Bell-mere,Female,Marines / Cocoyasi Village,former marine and mother,,,rifle,East Blue,,,,,fighting style rifle,Does your character use rifle?,fighting style,medium,https://onepiece.fandom.com/wiki/List_of_Canon_Characters
One Piece,Bell-mere,Female,Marines / Cocoyasi Village,former marine and mother,,,rifle,East Blue,,,,,gender female,Is your character female?,gender,easy,https://onepiece.fandom.com/wiki/List_of_Canon_Characters
One Piece,Bell-mere,Female,Marines / Cocoyasi Village,former marine and mother,,,rifle,East Blue,,,,,role former marine and mother,Is your character a former marine and mother?,role,easy,https://onepiece.fandom.com/wiki/List_of_Canon_Characters
One Piece,Bell-mere,Female,Marines / Cocoyasi Village,former marine and mother,,,rifle,East Blue,,,,,signature bell mere,Is your character a former Marine who became the adoptive mother of two girls in Cocoyasi Village?,signature fact,hard,https://onepiece.fandom.com/wiki/List_of_Canon_Characters
One Piece,Bentham,Male,Baroque Works / Newkama Land,former Baroque Works agent,Mane Mane no Mi,,Okama Kenpo,Alabasta;Impel Down,,,,,affiliation baroque works,Is your character affiliated with Baroque Works?,affiliation,easy,https://onepiece.fandom.com/wiki/List_of_Canon_Characters
One Piece,Bentham,Male,Baroque Works / Newkama Land,former Baroque Works agent,Mane Mane no Mi,,Okama Kenpo,Alabasta;Impel Down,,,,,affiliation newkama land,Is your character affiliated with Newkama Land?,affiliation,easy,https://onepiece.fandom.com/wiki/List_of_Canon_Characters
One Piece,Bentham,Male,Baroque Works / Newkama Land,former Baroque Works agent,Mane Mane no Mi,,Okama Kenpo,Alabasta;Impel Down,,,,,arc alabasta,Is your character shown during the Alabasta arc?,arc appearance,medium,https://onepiece.fandom.com/wiki/List_of_Canon_Characters
One Piece,Bentham,Male,Baroque Works / Newkama Land,former Baroque Works agent,Mane Mane no Mi,,Okama Kenpo,Alabasta;Impel Down,,,,,arc impel down,Is your character shown during the Impel Down arc?,arc appearance,medium,https://onepiece.fandom.com/wiki/List_of_Canon_Characters
One Piece,Bentham,Male,Baroque Works / Newkama Land,former Baroque Works agent,Mane Mane no Mi,,Okama Kenpo,Alabasta;Impel Down,,,,,devil fruit mane mane no mi,Does your character use Mane Mane no Mi?,devil fruit,medium,https://onepiece.fandom.com/wiki/List_of_Canon_Characters
One Piece,Bentham,Male,Baroque Works / Newkama Land,former Baroque Works agent,Mane Mane no Mi,,Okama Kenpo,Alabasta;Impel Down,,,,,devil fruit user,Does your character use a Devil Fruit?,devil fruit,easy,https://onepiece.fandom.com/wiki/List_of_Canon_Characters
One Piece,Bentham,Male,Baroque Works / Newkama Land,former Baroque Works agent,Mane Mane no Mi,,Okama Kenpo,Alabasta;Impel Down,,,,,has devil fruit,Does your character have a Devil Fruit power?,devil fruit,easy,https://onepiece.fandom.com/wiki/List_of_Canon_Characters
One Piece,Bentham,Male,Baroque Works / Newkama Land,former Baroque Works agent,Mane Mane no Mi,,Okama Kenpo,Alabasta;Impel Down,,,,,fighting style okama kenpo,Does your character use Okama Kenpo?,fighting style,medium,https://onepiece.fandom.com/wiki/List_of_Canon_Characters
One Piece,Bentham,Male,Baroque Works / Newkama Land,former Baroque Works agent,Mane Mane no Mi,,Okama Kenpo,Alabasta;Impel Down,,,,,gender male,Is your character male?,gender,easy,https://onepiece.fandom.com/wiki/List_of_Canon_Characters
One Piece,Bentham,Male,Baroque Works / Newkama Land,former Baroque Works agent,Mane Mane no Mi,,Okama Kenpo,Alabasta;Impel Down,,,,,role former baroque works agent,Is your character a former Baroque Works agent?,role,easy,https://onepiece.fandom.com/wiki/List_of_Canon_Characters
One Piece,Bentham,Male,Baroque Works / Newkama Land,former Baroque Works agent,Mane Mane no Mi,,Okama Kenpo,Alabasta;Impel Down,,,,,signature bentham,Is your character the former Baroque Works agent who copies faces and uses Okama Kenpo?,signature fact,hard,https://onepiece.fandom.com/wiki/List_of_Canon_Characters
One Piece,Bepo,Male,Heart Pirates,navigator,,,martial arts and Sulong,Sabaody;Zou;Wano,,,,,affiliation heart pirates,Is your character affiliated with Heart Pirates?,affiliation,easy,https://onepiece.fandom.com/wiki/List_of_Canon_Characters
One Piece,Bepo,Male,Heart Pirates,navigator,,,martial arts and Sulong,Sabaody;Zou;Wano,,,,,arc sabaody archipelago,Is your character shown during the Sabaody Archipelago arc?,arc appearance,medium,https://onepiece.fandom.com/wiki/List_of_Canon_Characters
One Piece,Bepo,Male,Heart Pirates,navigator,,,martial arts and Sulong,Sabaody;Zou;Wano,,,,,arc wano country,Is your character shown during the Wano Country arc?,arc appearance,medium,https://onepiece.fandom.com/wiki/List_of_Canon_Characters
One Piece,Bepo,Male,Heart Pirates,navigator,,,martial arts and Sulong,Sabaody;Zou;Wano,,,,,arc zou,Is your character shown during the Zou arc?,arc appearance,medium,https://onepiece.fandom.com/wiki/List_of_Canon_Characters
One Piece,Bepo,Male,Heart Pirates,navigator,,,martial arts and Sulong,Sabaody;Zou;Wano,,,,,fighting style martial arts and sulong,Does your character use martial arts and Sulong?,fighting style,medium,https://onepiece.fandom.com/wiki/List_of_Canon_Characters
One Piece,Bepo,Male,Heart Pirates,navigator,,,martial arts and Sulong,Sabaody;Zou;Wano,,,,,gender male,Is your character male?,gender,easy,https://onepiece.fandom.com/wiki/List_of_Canon_Characters
One Piece,Bepo,Male,Heart Pirates,navigator,,,martial arts and Sulong,Sabaody;Zou;Wano,,,,,role navigator,Is your character a navigator?,role,easy,https://onepiece.fandom.com/wiki/List_of_Canon_Characters
One Piece,Bepo,Male,Heart Pirates,navigator,,,martial arts and Sulong,Sabaody;Zou;Wano,,,,,signature bepo,Is your character the polar-bear mink navigator of the Heart Pirates?,signature fact,hard,https://onepiece.fandom.com/wiki/List_of_Canon_Characters
One Piece,Bepo,Male,Heart Pirates,navigator,,,martial arts and Sulong,Sabaody;Zou;Wano,,,,,species polar bear mink,Is your character a polar bear mink?,species,easy,https://onepiece.fandom.com/wiki/List_of_Canon_Characters
One Piece,Boa Hancock,Female,Kuja Pirates,Pirate Captain,Mero Mero no Mi,All 3,Martial arts + petrification,"Amazon Lily, Marineford",,,,,affiliation kuja pirates,Is your character affiliated with Kuja Pirates?,affiliation,easy,User-provided One Piece table dated 2025-11-02
One Piece,Boa Hancock,Female,Kuja Pirates,Pirate Captain,Mero Mero no Mi,All 3,Martial arts + petrification,"Amazon Lily, Marineford",,,,,arc amazon lily,Is your character shown during the Amazon Lily arc?,arc appearance,medium,User-provided One Piece table dated 2025-11-02
One Piece,Boa Hancock,Female,Kuja Pirates,Pirate Captain,Mero Mero no Mi,All 3,Martial arts + petrification,"Amazon Lily, Marineford",,,,,arc marineford,Is your character shown during the Marineford arc?,arc appearance,medium,User-provided One Piece table dated 2025-11-02
One Piece,Boa Hancock,Female,Kuja Pirates,Pirate Captain,Mero Mero no Mi,All 3,Martial arts + petrification,"Amazon Lily, Marineford",,,,,devil fruit mero mero no mi,Does your character use Mero Mero no Mi?,devil fruit,medium,User-provided One Piece table dated 2025-11-02
One Piece,Boa Hancock,Female,Kuja Pirates,Pirate Captain,Mero Mero no Mi,All 3,Martial arts + petrification,"Amazon Lily, Marineford",,,,,devil fruit user,Does your character use a Devil Fruit?,devil fruit,easy,User-provided One Piece table dated 2025-11-02
One Piece,Boa Hancock,Female,Kuja Pirates,Pirate Captain,Mero Mero no Mi,All 3,Martial arts + petrification,"Amazon Lily, Marineford",,,,,has devil fruit,Does your character have a Devil Fruit power?,devil fruit,easy,User-provided One Piece table dated 2025-11-02
One Piece,Boa Hancock,Female,Kuja Pirates,Pirate Captain,Mero Mero no Mi,All 3,Martial arts + petrification,"Amazon Lily, Marineford",,,,,fighting style martial arts + petrification,Does your character combine martial arts with petrification?,fighting style,medium,User-provided One Piece table dated 2025-11-02
One Piece,Boa Hancock,Female,Kuja Pirates,Pirate Captain,Mero Mero no Mi,All 3,Martial arts + petrification,"Amazon Lily, Marineford",,,,,gender female,Is your character female?,gender,easy,User-provided One Piece table dated 2025-11-02
One Piece,Boa Hancock,Female,Kuja Pirates,Pirate Captain,Mero Mero no Mi,All 3,Martial arts + petrification,"Amazon Lily, Marineford",,,,,all three haki types,Does your character use all three types of Haki?,haki,easy,User-provided One Piece table dated 2025-11-02
One Piece,Boa Hancock,Female,Kuja Pirates,Pirate Captain,Mero Mero no Mi,All 3,Martial arts + petrification,"Amazon Lily, Marineford",,,,,armament haki,Does your character use Armament Haki?,haki,easy,User-provided One Piece table dated 2025-11-02
One Piece,Boa Hancock,Female,Kuja Pirates,Pirate Captain,Mero Mero no Mi,All 3,Martial arts + petrification,"Amazon Lily, Marineford",,,,,conquerors haki,Does your character use Conqueror's Haki?,haki,easy,User-provided One Piece table dated 2025-11-02
One Piece,Boa Hancock,Female,Kuja Pirates,Pirate Captain,Mero Mero no Mi,All 3,Martial arts + petrification,"Amazon Lily, Marineford",,,,,observation haki,Does your character use Observation Haki?,haki,easy,User-provided One Piece table dated 2025-11-02
One Piece,Boa Hancock,Female,Kuja Pirates,Pirate Captain,Mero Mero no Mi,All 3,Martial arts + petrification,"Amazon Lily, Marineford",,,,,uses haki,Does your character use Haki?,haki,easy,User-provided One Piece table dated 2025-11-02
One Piece,Boa Hancock,Female,Kuja Pirates,Pirate Captain,Mero Mero no Mi,All 3,Martial arts + petrification,"Amazon Lily, Marineford",,,,,role pirate captain,Is your character a pirate captain?,role,easy,User-provided One Piece table dated 2025-11-02
One Piece,Boa Hancock,Female,Kuja Pirates,Pirate Captain,Mero Mero no Mi,All 3,Martial arts + petrification,"Amazon Lily, Marineford",,,,,signature boa hancock,Is your character the female captain of the Kuja Pirates who uses the Mero Mero no Mi?,signature fact,medium,User-provided One Piece table dated 2025-11-02
One Piece,Borsalino (Kizaru),Male,Marines,Admiral,Pika Pika no Mi,"Armament, Observation",Light attacks,"Sabaody, Marineford",,,,,affiliation marines,Is your character affiliated with Marines?,affiliation,easy,User-provided One Piece table dated 2025-11-02
One Piece,Borsalino (Kizaru),Male,Marines,Admiral,Pika Pika no Mi,"Armament, Observation",Light attacks,"Sabaody, Marineford",,,,,arc marineford,Is your character shown during the Marineford arc?,arc appearance,medium,User-provided One Piece table dated 2025-11-02
One Piece,Borsalino (Kizaru),Male,Marines,Admiral,Pika Pika no Mi,"Armament, Observation",Light attacks,"Sabaody, Marineford",,,,,arc sabaody archipelago,Is your character shown during the Sabaody Archipelago arc?,arc appearance,medium,User-provided One Piece table dated 2025-11-02
One Piece,Borsalino (Kizaru),Male,Marines,Admiral,Pika Pika no Mi,"Armament, Observation",Light attacks,"Sabaody, Marineford",,,,,devil fruit pika pika no mi,Does your character use Pika Pika no Mi?,devil fruit,medium,User-provided One Piece table dated 2025-11-02
One Piece,Borsalino (Kizaru),Male,Marines,Admiral,Pika Pika no Mi,"Armament, Observation",Light attacks,"Sabaody, Marineford",,,,,devil fruit user,Does your character use a Devil Fruit?,devil fruit,easy,User-provided One Piece table dated 2025-11-02
One Piece,Borsalino (Kizaru),Male,Marines,Admiral,Pika Pika no Mi,"Armament, Observation",Light attacks,"Sabaody, Marineford",,,,,has devil fruit,Does your character have a Devil Fruit power?,devil fruit,easy,User-provided One Piece table dated 2025-11-02
One Piece,Borsalino (Kizaru),Male,Marines,Admiral,Pika Pika no Mi,"Armament, Observation",Light attacks,"Sabaody, Marineford",,,,,fighting style light attacks,Does your character use light-based attacks?,fighting style,medium,User-provided One Piece table dated 2025-11-02
One Piece,Borsalino (Kizaru),Male,Marines,Admiral,Pika Pika no Mi,"Armament, Observation",Light attacks,"Sabaody, Marineford",,,,,gender male,Is your character male?,gender,easy,User-provided One Piece table dated 2025-11-02
One Piece,Borsalino (Kizaru),Male,Marines,Admiral,Pika Pika no Mi,"Armament, Observation",Light attacks,"Sabaody, Marineford",,,,,armament haki,Does your character use Armament Haki?,haki,easy,User-provided One Piece table dated 2025-11-02
One Piece,Borsalino (Kizaru),Male,Marines,Admiral,Pika Pika no Mi,"Armament, Observation",Light attacks,"Sabaody, Marineford",,,,,observation haki,Does your character use Observation Haki?,haki,easy,User-provided One Piece table dated 2025-11-02
One Piece,Borsalino (Kizaru),Male,Marines,Admiral,Pika Pika no Mi,"Armament, Observation",Light attacks,"Sabaody, Marineford",,,,,uses haki,Does your character use Haki?,haki,easy,User-provided One Piece table dated 2025-11-02
One Piece,Borsalino (Kizaru),Male,Marines,Admiral,Pika Pika no Mi,"Armament, Observation",Light attacks,"Sabaody, Marineford",,,,,role admiral,Is your character a admiral?,role,easy,User-provided One Piece table dated 2025-11-02
One Piece,Borsalino (Kizaru),Male,Marines,Admiral,Pika Pika no Mi,"Armament, Observation",Light attacks,"Sabaody, Marineford",,,,,signature borsalino kizaru,Is your character a Marine admiral who uses the Pika Pika no Mi?,signature fact,medium,User-provided One Piece table dated 2025-11-02
One Piece,Brook,Male,Straw Hat Pirates,Musician,Yomi Yomi no Mi,None,Sword + music attacks,"Thriller Bark, Wano",,,,,affiliation straw hat pirates,Is your character affiliated with Straw Hat Pirates?,affiliation,easy,User-provided One Piece table dated 2025-11-02
One Piece,Brook,Male,Straw Hat Pirates,Musician,Yomi Yomi no Mi,None,Sword + music attacks,"Thriller Bark, Wano",,,,,arc thriller bark,Is your character shown during the Thriller Bark arc?,arc appearance,medium,User-provided One Piece table dated 2025-11-02
One Piece,Brook,Male,Straw Hat Pirates,Musician,Yomi Yomi no Mi,None,Sword + music attacks,"Thriller Bark, Wano",,,,,arc wano country,Is your character shown during the Wano Country arc?,arc appearance,medium,User-provided One Piece table dated 2025-11-02
One Piece,Brook,Male,Straw Hat Pirates,Musician,Yomi Yomi no Mi,None,Sword + music attacks,"Thriller Bark, Wano",,,,,devil fruit user,Does your character use a Devil Fruit?,devil fruit,easy,User-provided One Piece table dated 2025-11-02
One Piece,Brook,Male,Straw Hat Pirates,Musician,Yomi Yomi no Mi,None,Sword + music attacks,"Thriller Bark, Wano",,,,,devil fruit yomi yomi no mi,Does your character use Yomi Yomi no Mi?,devil fruit,medium,User-provided One Piece table dated 2025-11-02
One Piece,Brook,Male,Straw Hat Pirates,Musician,Yomi Yomi no Mi,None,Sword + music attacks,"Thriller Bark, Wano",,,,,has devil fruit,Does your character have a Devil Fruit power?,devil fruit,easy,User-provided One Piece table dated 2025-11-02
One Piece,Brook,Male,Straw Hat Pirates,Musician,Yomi Yomi no Mi,None,Sword + music attacks,"Thriller Bark, Wano",,,,,fighting style sword + music attacks,Does your character combine sword attacks with music?,fighting style,medium,User-provided One Piece table dated 2025-11-02
One Piece,Brook,Male,Straw Hat Pirates,Musician,Yomi Yomi no Mi,None,Sword + music attacks,"Thriller Bark, Wano",,,,,gender male,Is your character male?,gender,easy,User-provided One Piece table dated 2025-11-02
One Piece,Brook,Male,Straw Hat Pirates,Musician,Yomi Yomi no Mi,None,Sword + music attacks,"Thriller Bark, Wano",,,,,role musician,Is your character a musician?,role,easy,User-provided One Piece table dated 2025-11-02
One Piece,Brook,Male,Straw Hat Pirates,Musician,Yomi Yomi no Mi,None,Sword + music attacks,"Thriller Bark, Wano",,,,,signature brook,Is your character the skeleton musician of the Straw Hat Pirates who uses the Yomi Yomi no Mi?,signature fact,medium,User-provided One Piece table dated 2025-11-02
One Piece,Brook,Male,Straw Hat Pirates,Musician,Yomi Yomi no Mi,None,Sword + music attacks,"Thriller Bark, Wano",,,,,species skeleton,Is your character a skeleton?,species,easy,User-provided One Piece table dated 2025-11-02
One Piece,Buggy,Male,Cross Guild,Pirate Captain / Cross Guild,Bara Bara no Mi,None,Disassembly combat,"East Blue, Marineford",,,,,affiliation cross guild,Is your character affiliated with Cross Guild?,affiliation,easy,User-provided One Piece table dated 2025-11-02
One Piece,Buggy,Male,Cross Guild,Pirate Captain / Cross Guild,Bara Bara no Mi,None,Disassembly combat,"East Blue, Marineford",,,,,arc marineford,Is your character shown during the Marineford arc?,arc appearance,medium,User-provided One Piece table dated 2025-11-02
One Piece,Buggy,Male,Cross Guild,Pirate Captain / Cross Guild,Bara Bara no Mi,None,Disassembly combat,"East Blue, Marineford",,,,,saga east blue,Is your character shown during the East Blue saga?,arc appearance,medium,User-provided One Piece table dated 2025-11-02
One Piece,Buggy,Male,Cross Guild,Pirate Captain / Cross Guild,Bara Bara no Mi,None,Disassembly combat,"East Blue, Marineford",,,,,devil fruit bara bara no mi,Does your character use Bara Bara no Mi?,devil fruit,medium,User-provided One Piece table dated 2025-11-02
One Piece,Buggy,Male,Cross Guild,Pirate Captain / Cross Guild,Bara Bara no Mi,None,Disassembly combat,"East Blue, Marineford",,,,,devil fruit user,Does your character use a Devil Fruit?,devil fruit,easy,User-provided One Piece table dated 2025-11-02
One Piece,Buggy,Male,Cross Guild,Pirate Captain / Cross Guild,Bara Bara no Mi,None,Disassembly combat,"East Blue, Marineford",,,,,has devil fruit,Does your character have a Devil Fruit power?,devil fruit,easy,User-provided One Piece table dated 2025-11-02
One Piece,Buggy,Male,Cross Guild,Pirate Captain / Cross Guild,Bara Bara no Mi,None,Disassembly combat,"East Blue, Marineford",,,,,fighting style disassembly combat,Can your character separate their body into pieces during combat?,fighting style,medium,User-provided One Piece table dated 2025-11-02
One Piece,Buggy,Male,Cross Guild,Pirate Captain / Cross Guild,Bara Bara no Mi,None,Disassembly combat,"East Blue, Marineford",,,,,gender male,Is your character male?,gender,easy,User-provided One Piece table dated 2025-11-02
One Piece,Buggy,Male,Cross Guild,Pirate Captain / Cross Guild,Bara Bara no Mi,None,Disassembly combat,"East Blue, Marineford",,,,,role cross guild,Is your character a cross guild?,role,easy,User-provided One Piece table dated 2025-11-02
One Piece,Buggy,Male,Cross Guild,Pirate Captain / Cross Guild,Bara Bara no Mi,None,Disassembly combat,"East Blue, Marineford",,,,,role pirate captain,Is your character a pirate captain?,role,easy,User-provided One Piece table dated 2025-11-02
One Piece,Buggy,Male,Cross Guild,Pirate Captain / Cross Guild,Bara Bara no Mi,None,Disassembly combat,"East Blue, Marineford",,,,,signature buggy,Is your character the Cross Guild pirate captain who uses the Bara Bara no Mi?,signature fact,medium,User-provided One Piece table dated 2025-11-02
One Piece,Camie,Female,Mermaid Cafe,fashion designer apprentice,,,swimming,Sabaody;Fish-Man Island,,,,,affiliation mermaid cafe,Is your character affiliated with Mermaid Cafe?,affiliation,easy,https://onepiece.fandom.com/wiki/List_of_Canon_Characters
One Piece,Camie,Female,Mermaid Cafe,fashion designer apprentice,,,swimming,Sabaody;Fish-Man Island,,,,,arc fish-man island,Is your character shown during the Fish-Man Island arc?,arc appearance,medium,https://onepiece.fandom.com/wiki/List_of_Canon_Characters
One Piece,Camie,Female,Mermaid Cafe,fashion designer apprentice,,,swimming,Sabaody;Fish-Man Island,,,,,arc sabaody archipelago,Is your character shown during the Sabaody Archipelago arc?,arc appearance,medium,https://onepiece.fandom.com/wiki/List_of_Canon_Characters
One Piece,Camie,Female,Mermaid Cafe,fashion designer apprentice,,,swimming,Sabaody;Fish-Man Island,,,,,fighting style swimming,Does your character use swimming?,fighting style,medium,https://onepiece.fandom.com/wiki/List_of_Canon_Characters
One Piece,Camie,Female,Mermaid Cafe,fashion designer apprentice,,,swimming,Sabaody;Fish-Man Island,,,,,gender female,Is your character female?,gender,easy,https://onepiece.fandom.com/wiki/List_of_Canon_Characters
One Piece,Camie,Female,Mermaid Cafe,fashion designer apprentice,,,swimming,Sabaody;Fish-Man Island,,,,,role fashion designer apprentice,Is your character a fashion designer apprentice?,role,easy,https://onepiece.fandom.com/wiki/List_of_Canon_Characters
One Piece,Camie,Female,Mermaid Cafe,fashion designer apprentice,,,swimming,Sabaody;Fish-Man Island,,,,,signature camie,Is your character the young mermaid who wants to become a fashion designer?,signature fact,hard,https://onepiece.fandom.com/wiki/List_of_Canon_Characters
One Piece,Camie,Female,Mermaid Cafe,fashion designer apprentice,,,swimming,Sabaody;Fish-Man Island,,,,,species mermaid,Is your character a mermaid?,species,easy,https://onepiece.fandom.com/wiki/List_of_Canon_Characters
One Piece,Capone Bege,Male,Fire Tank Pirates,Pirate Captain,Shiro Shiro no Mi,Armament,Castle defense,Whole Cake,,,,,affiliation fire tank pirates,Is your character affiliated with Fire Tank Pirates?,affiliation,easy,User-provided One Piece table dated 2025-11-02
One Piece,Capone Bege,Male,Fire Tank Pirates,Pirate Captain,Shiro Shiro no Mi,Armament,Castle defense,Whole Cake,,,,,arc whole cake island,Is your character shown during the Whole Cake Island arc?,arc appearance,medium,User-provided One Piece table dated 2025-11-02
One Piece,Capone Bege,Male,Fire Tank Pirates,Pirate Captain,Shiro Shiro no Mi,Armament,Castle defense,Whole Cake,,,,,devil fruit shiro shiro no mi,Does your character use Shiro Shiro no Mi?,devil fruit,medium,User-provided One Piece table dated 2025-11-02
One Piece,Capone Bege,Male,Fire Tank Pirates,Pirate Captain,Shiro Shiro no Mi,Armament,Castle defense,Whole Cake,,,,,devil fruit user,Does your character use a Devil Fruit?,devil fruit,easy,User-provided One Piece table dated 2025-11-02
One Piece,Capone Bege,Male,Fire Tank Pirates,Pirate Captain,Shiro Shiro no Mi,Armament,Castle defense,Whole Cake,,,,,has devil fruit,Does your character have a Devil Fruit power?,devil fruit,easy,User-provided One Piece table dated 2025-11-02
One Piece,Capone Bege,Male,Fire Tank Pirates,Pirate Captain,Shiro Shiro no Mi,Armament,Castle defense,Whole Cake,,,,,fighting style castle defense,Can your character turn their body into a castle?,fighting style,medium,User-provided One Piece table dated 2025-11-02
One Piece,Capone Bege,Male,Fire Tank Pirates,Pirate Captain,Shiro Shiro no Mi,Armament,Castle defense,Whole Cake,,,,,gender male,Is your character male?,gender,easy,User-provided One Piece table dated 2025-11-02
One Piece,Capone Bege,Male,Fire Tank Pirates,Pirate Captain,Shiro Shiro no Mi,Armament,Castle defense,Whole Cake,,,,,armament haki,Does your character use Armament Haki?,haki,easy,User-provided One Piece table dated 2025-11-02
One Piece,Capone Bege,Male,Fire Tank Pirates,Pirate Captain,Shiro Shiro no Mi,Armament,Castle defense,Whole Cake,,,,,uses haki,Does your character use Haki?,haki,easy,User-provided One Piece table dated 2025-11-02
One Piece,Capone Bege,Male,Fire Tank Pirates,Pirate Captain,Shiro Shiro no Mi,Armament,Castle defense,Whole Cake,,,,,role pirate captain,Is your character a pirate captain?,role,easy,User-provided One Piece table dated 2025-11-02
One Piece,Capone Bege,Male,Fire Tank Pirates,Pirate Captain,Shiro Shiro no Mi,Armament,Castle defense,Whole Cake,,,,,signature capone bege,Is your character the Fire Tank Pirates captain who uses the Shiro Shiro no Mi?,signature fact,medium,User-provided One Piece table dated 2025-11-02
One Piece,Carne,Male,Baratie,cook,,,kitchen combat,Baratie,,,,,affiliation baratie,Is your character affiliated with Baratie?,affiliation,easy,https://onepiece.fandom.com/wiki/List_of_Canon_Characters
One Piece,Carne,Male,Baratie,cook,,,kitchen combat,Baratie,,,,,arc baratie,Is your character shown during the Baratie arc?,arc appearance,medium,https://onepiece.fandom.com/wiki/List_of_Canon_Characters
One Piece,Carne,Male,Baratie,cook,,,kitchen combat,Baratie,,,,,fighting style kitchen combat,Does your character use kitchen combat?,fighting style,medium,https://onepiece.fandom.com/wiki/List_of_Canon_Characters
One Piece,Carne,Male,Baratie,cook,,,kitchen combat,Baratie,,,,,gender male,Is your character male?,gender,easy,https://onepiece.fandom.com/wiki/List_of_Canon_Characters
One Piece,Carne,Male,Baratie,cook,,,kitchen combat,Baratie,,,,,role cook,Is your character a cook?,role,easy,https://onepiece.fandom.com/wiki/List_of_Canon_Characters
One Piece,Carne,Male,Baratie,cook,,,kitchen combat,Baratie,,,,,signature carne,Is your character the Baratie cook who commonly works beside the mustached cook?,signature fact,hard,https://onepiece.fandom.com/wiki/List_of_Canon_Characters
One Piece,Cavendish,Male,Beautiful Pirates,pirate captain,,Armament Haki;Observation Haki,swordsmanship and alternate persona,Dressrosa,,,,,affiliation beautiful pirates,Is your character affiliated with Beautiful Pirates?,affiliation,easy,https://onepiece.fandom.com/wiki/List_of_Canon_Characters
One Piece,Cavendish,Male,Beautiful Pirates,pirate captain,,Armament Haki;Observation Haki,swordsmanship and alternate persona,Dressrosa,,,,,arc dressrosa,Is your character shown during the Dressrosa arc?,arc appearance,medium,https://onepiece.fandom.com/wiki/List_of_Canon_Characters
One Piece,Cavendish,Male,Beautiful Pirates,pirate captain,,Armament Haki;Observation Haki,swordsmanship and alternate persona,Dressrosa,,,,,fighting style swordsmanship and alternate persona,Does your character use swordsmanship and alternate persona?,fighting style,medium,https://onepiece.fandom.com/wiki/List_of_Canon_Characters
One Piece,Cavendish,Male,Beautiful Pirates,pirate captain,,Armament Haki;Observation Haki,swordsmanship and alternate persona,Dressrosa,,,,,gender male,Is your character male?,gender,easy,https://onepiece.fandom.com/wiki/List_of_Canon_Characters
One Piece,Cavendish,Male,Beautiful Pirates,pirate captain,,Armament Haki;Observation Haki,swordsmanship and alternate persona,Dressrosa,,,,,armament haki,Does your character use Armament Haki?,haki,easy,https://onepiece.fandom.com/wiki/List_of_Canon_Characters
One Piece,Cavendish,Male,Beautiful Pirates,pirate captain,,Armament Haki;Observation Haki,swordsmanship and alternate persona,Dressrosa,,,,,observation haki,Does your character use Observation Haki?,haki,easy,https://onepiece.fandom.com/wiki/List_of_Canon_Characters
One Piece,Cavendish,Male,Beautiful Pirates,pirate captain,,Armament Haki;Observation Haki,swordsmanship and alternate persona,Dressrosa,,,,,uses haki,Does your character use Haki?,haki,easy,https://onepiece.fandom.com/wiki/List_of_Canon_Characters
One Piece,Cavendish,Male,Beautiful Pirates,pirate captain,,Armament Haki;Observation Haki,swordsmanship and alternate persona,Dressrosa,,,,,role pirate captain,Is your character a pirate captain?,role,easy,https://onepiece.fandom.com/wiki/List_of_Canon_Characters
One Piece,Cavendish,Male,Beautiful Pirates,pirate captain,,Armament Haki;Observation Haki,swordsmanship and alternate persona,Dressrosa,,,,,signature cavendish,Is your character the blond pirate captain whose sleeping alter ego is called Hakuba?,signature fact,hard,https://onepiece.fandom.com/wiki/List_of_Canon_Characters
One Piece,Chaka,Male,Arabasta Kingdom,royal guard,Inu Inu no Mi: Model Jackal,,jackal transformation,Alabasta,,,,,affiliation arabasta kingdom,Is your character affiliated with Arabasta Kingdom?,affiliation,easy,https://onepiece.fandom.com/wiki/List_of_Canon_Characters
One Piece,Chaka,Male,Arabasta Kingdom,royal guard,Inu Inu no Mi: Model Jackal,,jackal transformation,Alabasta,,,,,arc alabasta,Is your character shown during the Alabasta arc?,arc appearance,medium,https://onepiece.fandom.com/wiki/List_of_Canon_Characters
One Piece,Chaka,Male,Arabasta Kingdom,royal guard,Inu Inu no Mi: Model Jackal,,jackal transformation,Alabasta,,,,,devil fruit inu inu no mi: model jackal,Does your character use Inu Inu no Mi: Model Jackal?,devil fruit,medium,https://onepiece.fandom.com/wiki/List_of_Canon_Characters
One Piece,Chaka,Male,Arabasta Kingdom,royal guard,Inu Inu no Mi: Model Jackal,,jackal transformation,Alabasta,,,,,devil fruit user,Does your character use a Devil Fruit?,devil fruit,easy,https://onepiece.fandom.com/wiki/List_of_Canon_Characters
One Piece,Chaka,Male,Arabasta Kingdom,royal guard,Inu Inu no Mi: Model Jackal,,jackal transformation,Alabasta,,,,,has devil fruit,Does your character have a Devil Fruit power?,devil fruit,easy,https://onepiece.fandom.com/wiki/List_of_Canon_Characters
One Piece,Chaka,Male,Arabasta Kingdom,royal guard,Inu Inu no Mi: Model Jackal,,jackal transformation,Alabasta,,,,,fighting style jackal transformation,Does your character use jackal transformation?,fighting style,medium,https://onepiece.fandom.com/wiki/List_of_Canon_Characters
One Piece,Chaka,Male,Arabasta Kingdom,royal guard,Inu Inu no Mi: Model Jackal,,jackal transformation,Alabasta,,,,,gender male,Is your character male?,gender,easy,https://onepiece.fandom.com/wiki/List_of_Canon_Characters
One Piece,Chaka,Male,Arabasta Kingdom,royal guard,Inu Inu no Mi: Model Jackal,,jackal transformation,Alabasta,,,,,role royal guard,Is your character a royal guard?,role,easy,https://onepiece.fandom.com/wiki/List_of_Canon_Characters
One Piece,Chaka,Male,Arabasta Kingdom,royal guard,Inu Inu no Mi: Model Jackal,,jackal transformation,Alabasta,,,,,signature chaka,Is your character an Arabasta royal guard who transforms into a jackal?,signature fact,hard,https://onepiece.fandom.com/wiki/List_of_Canon_Characters
One Piece,Charlotte Katakuri,Male,Big Mom Pirates,sweet commander,Mochi Mochi no Mi,All 3,trident and mochi combat,Whole Cake Island,,,,,affiliation big mom pirates,Is your character affiliated with Big Mom Pirates?,affiliation,easy,https://onepiece.fandom.com/wiki/List_of_Canon_Characters
One Piece,Charlotte Katakuri,Male,Big Mom Pirates,sweet commander,Mochi Mochi no Mi,All 3,trident and mochi combat,Whole Cake Island,,,,,arc whole cake island,Is your character shown during the Whole Cake Island arc?,arc appearance,medium,https://onepiece.fandom.com/wiki/List_of_Canon_Characters
One Piece,Charlotte Katakuri,Male,Big Mom Pirates,sweet commander,Mochi Mochi no Mi,All 3,trident and mochi combat,Whole Cake Island,,,,,devil fruit mochi mochi no mi,Does your character use Mochi Mochi no Mi?,devil fruit,medium,https://onepiece.fandom.com/wiki/List_of_Canon_Characters
One Piece,Charlotte Katakuri,Male,Big Mom Pirates,sweet commander,Mochi Mochi no Mi,All 3,trident and mochi combat,Whole Cake Island,,,,,devil fruit user,Does your character use a Devil Fruit?,devil fruit,easy,https://onepiece.fandom.com/wiki/List_of_Canon_Characters
One Piece,Charlotte Katakuri,Male,Big Mom Pirates,sweet commander,Mochi Mochi no Mi,All 3,trident and mochi combat,Whole Cake Island,,,,,has devil fruit,Does your character have a Devil Fruit power?,devil fruit,easy,https://onepiece.fandom.com/wiki/List_of_Canon_Characters
One Piece,Charlotte Katakuri,Male,Big Mom Pirates,sweet commander,Mochi Mochi no Mi,All 3,trident and mochi combat,Whole Cake Island,,,,,fighting style trident and mochi combat,Does your character use trident and mochi combat?,fighting style,medium,https://onepiece.fandom.com/wiki/List_of_Canon_Characters
One Piece,Charlotte Katakuri,Male,Big Mom Pirates,sweet commander,Mochi Mochi no Mi,All 3,trident and mochi combat,Whole Cake Island,,,,,gender male,Is your character male?,gender,easy,https://onepiece.fandom.com/wiki/List_of_Canon_Characters
One Piece,Charlotte Katakuri,Male,Big Mom Pirates,sweet commander,Mochi Mochi no Mi,All 3,trident and mochi combat,Whole Cake Island,,,,,all three haki types,Does your character use all three types of Haki?,haki,easy,https://onepiece.fandom.com/wiki/List_of_Canon_Characters
One Piece,Charlotte Katakuri,Male,Big Mom Pirates,sweet commander,Mochi Mochi no Mi,All 3,trident and mochi combat,Whole Cake Island,,,,,uses haki,Does your character use Haki?,haki,easy,https://onepiece.fandom.com/wiki/List_of_Canon_Characters
One Piece,Charlotte Katakuri,Male,Big Mom Pirates,sweet commander,Mochi Mochi no Mi,All 3,trident and mochi combat,Whole Cake Island,,,,,role sweet commander,Is your character a sweet commander?,role,easy,https://onepiece.fandom.com/wiki/List_of_Canon_Characters
One Piece,Charlotte Katakuri,Male,Big Mom Pirates,sweet commander,Mochi Mochi no Mi,All 3,trident and mochi combat,Whole Cake Island,,,,,signature charlotte katakuri,Is your character the Big Mom Pirates commander who uses mochi and carries a trident named Mogura?,signature fact,hard,https://onepiece.fandom.com/wiki/List_of_Canon_Characters
One Piece,Charlotte Linlin (Big Mom),Female,Big Mom Pirates,Pirate Captain (Yonko),Soru Soru no Mi,All 3,Strength + soul manipulation,"Whole Cake, Wano",,,,,affiliation big mom pirates,Is your character affiliated with Big Mom Pirates?,affiliation,easy,User-provided One Piece table dated 2025-11-02
One Piece,Charlotte Linlin (Big Mom),Female,Big Mom Pirates,Pirate Captain (Yonko),Soru Soru no Mi,All 3,Strength + soul manipulation,"Whole Cake, Wano",,,,,arc wano country,Is your character shown during the Wano Country arc?,arc appearance,medium,User-provided One Piece table dated 2025-11-02
One Piece,Charlotte Linlin (Big Mom),Female,Big Mom Pirates,Pirate Captain (Yonko),Soru Soru no Mi,All 3,Strength + soul manipulation,"Whole Cake, Wano",,,,,arc whole cake island,Is your character shown during the Whole Cake Island arc?,arc appearance,medium,User-provided One Piece table dated 2025-11-02
One Piece,Charlotte Linlin (Big Mom),Female,Big Mom Pirates,Pirate Captain (Yonko),Soru Soru no Mi,All 3,Strength + soul manipulation,"Whole Cake, Wano",,,,,devil fruit soru soru no mi,Does your character use Soru Soru no Mi?,devil fruit,medium,User-provided One Piece table dated 2025-11-02
One Piece,Charlotte Linlin (Big Mom),Female,Big Mom Pirates,Pirate Captain (Yonko),Soru Soru no Mi,All 3,Strength + soul manipulation,"Whole Cake, Wano",,,,,devil fruit user,Does your character use a Devil Fruit?,devil fruit,easy,User-provided One Piece table dated 2025-11-02
One Piece,Charlotte Linlin (Big Mom),Female,Big Mom Pirates,Pirate Captain (Yonko),Soru Soru no Mi,All 3,Strength + soul manipulation,"Whole Cake, Wano",,,,,has devil fruit,Does your character have a Devil Fruit power?,devil fruit,easy,User-provided One Piece table dated 2025-11-02
One Piece,Charlotte Linlin (Big Mom),Female,Big Mom Pirates,Pirate Captain (Yonko),Soru Soru no Mi,All 3,Strength + soul manipulation,"Whole Cake, Wano",,,,,fighting style strength + soul manipulation,Does your character manipulate souls in combat?,fighting style,medium,User-provided One Piece table dated 2025-11-02
One Piece,Charlotte Linlin (Big Mom),Female,Big Mom Pirates,Pirate Captain (Yonko),Soru Soru no Mi,All 3,Strength + soul manipulation,"Whole Cake, Wano",,,,,gender female,Is your character female?,gender,easy,User-provided One Piece table dated 2025-11-02
One Piece,Charlotte Linlin (Big Mom),Female,Big Mom Pirates,Pirate Captain (Yonko),Soru Soru no Mi,All 3,Strength + soul manipulation,"Whole Cake, Wano",,,,,all three haki types,Does your character use all three types of Haki?,haki,easy,User-provided One Piece table dated 2025-11-02
One Piece,Charlotte Linlin (Big Mom),Female,Big Mom Pirates,Pirate Captain (Yonko),Soru Soru no Mi,All 3,Strength + soul manipulation,"Whole Cake, Wano",,,,,armament haki,Does your character use Armament Haki?,haki,easy,User-provided One Piece table dated 2025-11-02
One Piece,Charlotte Linlin (Big Mom),Female,Big Mom Pirates,Pirate Captain (Yonko),Soru Soru no Mi,All 3,Strength + soul manipulation,"Whole Cake, Wano",,,,,conquerors haki,Does your character use Conqueror's Haki?,haki,easy,User-provided One Piece table dated 2025-11-02
One Piece,Charlotte Linlin (Big Mom),Female,Big Mom Pirates,Pirate Captain (Yonko),Soru Soru no Mi,All 3,Strength + soul manipulation,"Whole Cake, Wano",,,,,observation haki,Does your character use Observation Haki?,haki,easy,User-provided One Piece table dated 2025-11-02
One Piece,Charlotte Linlin (Big Mom),Female,Big Mom Pirates,Pirate Captain (Yonko),Soru Soru no Mi,All 3,Strength + soul manipulation,"Whole Cake, Wano",,,,,uses haki,Does your character use Haki?,haki,easy,User-provided One Piece table dated 2025-11-02
One Piece,Charlotte Linlin (Big Mom),Female,Big Mom Pirates,Pirate Captain (Yonko),Soru Soru no Mi,All 3,Strength + soul manipulation,"Whole Cake, Wano",,,,,role pirate captain,Is your character a pirate captain?,role,easy,User-provided One Piece table dated 2025-11-02
One Piece,Charlotte Linlin (Big Mom),Female,Big Mom Pirates,Pirate Captain (Yonko),Soru Soru no Mi,All 3,Strength + soul manipulation,"Whole Cake, Wano",,,,,role yonko,Is your character a yonko?,role,easy,User-provided One Piece table dated 2025-11-02
One Piece,Charlotte Linlin (Big Mom),Female,Big Mom Pirates,Pirate Captain (Yonko),Soru Soru no Mi,All 3,Strength + soul manipulation,"Whole Cake, Wano",,,,,signature charlotte linlin big mom,Is your character the female captain of the Big Mom Pirates who uses the Soru Soru no Mi?,signature fact,medium,User-provided One Piece table dated 2025-11-02
One Piece,Chew,Male,Arlong Pirates,pirate officer,,,water bullets,East Blue,,,,,affiliation arlong pirates,Is your character affiliated with Arlong Pirates?,affiliation,easy,https://onepiece.fandom.com/wiki/List_of_Canon_Characters
One Piece,Chew,Male,Arlong Pirates,pirate officer,,,water bullets,East Blue,,,,,saga east blue,Is your character shown during the East Blue saga?,arc appearance,medium,https://onepiece.fandom.com/wiki/List_of_Canon_Characters
One Piece,Chew,Male,Arlong Pirates,pirate officer,,,water bullets,East Blue,,,,,fighting style water bullets,Does your character use water bullets?,fighting style,medium,https://onepiece.fandom.com/wiki/List_of_Canon_Characters
One Piece,Chew,Male,Arlong Pirates,pirate officer,,,water bullets,East Blue,,,,,gender male,Is your character male?,gender,easy,https://onepiece.fandom.com/wiki/List_of_Canon_Characters
One Piece,Chew,Male,Arlong Pirates,pirate officer,,,water bullets,East Blue,,,,,role pirate officer,Is your character a pirate officer?,role,easy,https://onepiece.fandom.com/wiki/List_of_Canon_Characters
One Piece,Chew,Male,Arlong Pirates,pirate officer,,,water bullets,East Blue,,,,,signature chew,Is your character the fish-man officer of the Arlong Pirates who shoots water from his mouth?,signature fact,hard,https://onepiece.fandom.com/wiki/List_of_Canon_Characters
One Piece,Chew,Male,Arlong Pirates,pirate officer,,,water bullets,East Blue,,,,,species smelt-whiting fish-man,Is your character a smelt-whiting fish-man?,species,easy,https://onepiece.fandom.com/wiki/List_of_Canon_Characters
One Piece,Chimney,Female,Sea Train,child,,,swimming and tracking,Water 7;Enies Lobby,,,,,affiliation sea train,Is your character affiliated with Sea Train?,affiliation,easy,https://onepiece.fandom.com/wiki/List_of_Canon_Characters
One Piece,Chimney,Female,Sea Train,child,,,swimming and tracking,Water 7;Enies Lobby,,,,,arc enies lobby,Is your character shown during the Enies Lobby arc?,arc appearance,medium,https://onepiece.fandom.com/wiki/List_of_Canon_Characters
One Piece,Chimney,Female,Sea Train,child,,,swimming and tracking,Water 7;Enies Lobby,,,,,arc water 7,Is your character shown during the Water 7 arc?,arc appearance,medium,https://onepiece.fandom.com/wiki/List_of_Canon_Characters
One Piece,Chimney,Female,Sea Train,child,,,swimming and tracking,Water 7;Enies Lobby,,,,,fighting style swimming and tracking,Does your character use swimming and tracking?,fighting style,medium,https://onepiece.fandom.com/wiki/List_of_Canon_Characters
One Piece,Chimney,Female,Sea Train,child,,,swimming and tracking,Water 7;Enies Lobby,,,,,gender female,Is your character female?,gender,easy,https://onepiece.fandom.com/wiki/List_of_Canon_Characters
One Piece,Chimney,Female,Sea Train,child,,,swimming and tracking,Water 7;Enies Lobby,,,,,role child,Is your character a child?,role,easy,https://onepiece.fandom.com/wiki/List_of_Canon_Characters
One Piece,Chimney,Female,Sea Train,child,,,swimming and tracking,Water 7;Enies Lobby,,,,,signature chimney,Is your character the young granddaughter of the sea-train stationmaster who follows the crew to Enies Lobby?,signature fact,hard,https://onepiece.fandom.com/wiki/List_of_Canon_Characters
One Piece,Chimney,Female,Sea Train,child,,,swimming and tracking,Water 7;Enies Lobby,,,,,species quarter-mermaid,Is your character a quarter-mermaid?,species,easy,https://onepiece.fandom.com/wiki/List_of_Canon_Characters
One Piece,Cindry,Female,Thriller Bark Pirates,zombie servant,,,plate throwing,Thriller Bark,,,,,affiliation thriller bark pirates,Is your character affiliated with Thriller Bark Pirates?,affiliation,easy,https://onepiece.fandom.com/wiki/List_of_Canon_Characters
One Piece,Cindry,Female,Thriller Bark Pirates,zombie servant,,,plate throwing,Thriller Bark,,,,,arc thriller bark,Is your character shown during the Thriller Bark arc?,arc appearance,medium,https://onepiece.fandom.com/wiki/List_of_Canon_Characters
One Piece,Cindry,Female,Thriller Bark Pirates,zombie servant,,,plate throwing,Thriller Bark,,,,,fighting style plate throwing,Does your character use plate throwing?,fighting style,medium,https://onepiece.fandom.com/wiki/List_of_Canon_Characters
One Piece,Cindry,Female,Thriller Bark Pirates,zombie servant,,,plate throwing,Thriller Bark,,,,,gender female,Is your character female?,gender,easy,https://onepiece.fandom.com/wiki/List_of_Canon_Characters
One Piece,Cindry,Female,Thriller Bark Pirates,zombie servant,,,plate throwing,Thriller Bark,,,,,role zombie servant,Is your character a zombie servant?,role,easy,https://onepiece.fandom.com/wiki/List_of_Canon_Characters
One Piece,Cindry,Female,Thriller Bark Pirates,zombie servant,,,plate throwing,Thriller Bark,,,,,signature cindry,Is your character the actress whose corpse became a plate-throwing zombie servant?,signature fact,hard,https://onepiece.fandom.com/wiki/List_of_Canon_Characters
One Piece,Cindry,Female,Thriller Bark Pirates,zombie servant,,,plate throwing,Thriller Bark,,,,,species human zombie,Is your character a human zombie?,species,easy,https://onepiece.fandom.com/wiki/List_of_Canon_Characters
One Piece,Conis,Female,Skypiea,civilian and musician,,,harp,Skypiea,,,,,affiliation skypiea,Is your character affiliated with Skypiea?,affiliation,easy,https://onepiece.fandom.com/wiki/List_of_Canon_Characters
One Piece,Conis,Female,Skypiea,civilian and musician,,,harp,Skypiea,,,,,arc skypiea,Is your character shown during the Skypiea arc?,arc appearance,medium,https://onepiece.fandom.com/wiki/List_of_Canon_Characters
One Piece,Conis,Female,Skypiea,civilian and musician,,,harp,Skypiea,,,,,fighting style harp,Does your character use harp?,fighting style,medium,https://onepiece.fandom.com/wiki/List_of_Canon_Characters
One Piece,Conis,Female,Skypiea,civilian and musician,,,harp,Skypiea,,,,,gender female,Is your character female?,gender,easy,https://onepiece.fandom.com/wiki/List_of_Canon_Characters
One Piece,Conis,Female,Skypiea,civilian and musician,,,harp,Skypiea,,,,,role civilian and musician,Is your character a civilian and musician?,role,easy,https://onepiece.fandom.com/wiki/List_of_Canon_Characters
One Piece,Conis,Female,Skypiea,civilian and musician,,,harp,Skypiea,,,,,signature conis,Is your character the Skypiean woman who plays a harp and helps the Straw Hat crew?,signature fact,hard,https://onepiece.fandom.com/wiki/List_of_Canon_Characters
One Piece,Conis,Female,Skypiea,civilian and musician,,,harp,Skypiea,,,,,species skypiean,Is your character a Skypiean?,species,easy,https://onepiece.fandom.com/wiki/List_of_Canon_Characters
One Piece,Crocodile,Male,Baroque Works,Former Warlord,Suna Suna no Mi,"Armament, Observation",Sand manipulation,Alabasta,,,,,affiliation baroque works,Is your character affiliated with Baroque Works?,affiliation,easy,User-provided One Piece table dated 2025-11-02
One Piece,Crocodile,Male,Baroque Works,Former Warlord,Suna Suna no Mi,"Armament, Observation",Sand manipulation,Alabasta,,,,,arc alabasta,Is your character shown during the Alabasta arc?,arc appearance,medium,User-provided One Piece table dated 2025-11-02
One Piece,Crocodile,Male,Baroque Works,Former Warlord,Suna Suna no Mi,"Armament, Observation",Sand manipulation,Alabasta,,,,,devil fruit suna suna no mi,Does your character use Suna Suna no Mi?,devil fruit,medium,User-provided One Piece table dated 2025-11-02
One Piece,Crocodile,Male,Baroque Works,Former Warlord,Suna Suna no Mi,"Armament, Observation",Sand manipulation,Alabasta,,,,,devil fruit user,Does your character use a Devil Fruit?,devil fruit,easy,User-provided One Piece table dated 2025-11-02
One Piece,Crocodile,Male,Baroque Works,Former Warlord,Suna Suna no Mi,"Armament, Observation",Sand manipulation,Alabasta,,,,,has devil fruit,Does your character have a Devil Fruit power?,devil fruit,easy,User-provided One Piece table dated 2025-11-02
One Piece,Crocodile,Male,Baroque Works,Former Warlord,Suna Suna no Mi,"Armament, Observation",Sand manipulation,Alabasta,,,,,fighting style sand manipulation,Does your character manipulate sand?,fighting style,medium,User-provided One Piece table dated 2025-11-02
One Piece,Crocodile,Male,Baroque Works,Former Warlord,Suna Suna no Mi,"Armament, Observation",Sand manipulation,Alabasta,,,,,gender male,Is your character male?,gender,easy,User-provided One Piece table dated 2025-11-02
One Piece,Crocodile,Male,Baroque Works,Former Warlord,Suna Suna no Mi,"Armament, Observation",Sand manipulation,Alabasta,,,,,armament haki,Does your character use Armament Haki?,haki,easy,User-provided One Piece table dated 2025-11-02
One Piece,Crocodile,Male,Baroque Works,Former Warlord,Suna Suna no Mi,"Armament, Observation",Sand manipulation,Alabasta,,,,,observation haki,Does your character use Observation Haki?,haki,easy,User-provided One Piece table dated 2025-11-02
One Piece,Crocodile,Male,Baroque Works,Former Warlord,Suna Suna no Mi,"Armament, Observation",Sand manipulation,Alabasta,,,,,uses haki,Does your character use Haki?,haki,easy,User-provided One Piece table dated 2025-11-02
One Piece,Crocodile,Male,Baroque Works,Former Warlord,Suna Suna no Mi,"Armament, Observation",Sand manipulation,Alabasta,,,,,role former warlord,Is your character a former warlord?,role,easy,User-provided One Piece table dated 2025-11-02
One Piece,Crocodile,Male,Baroque Works,Former Warlord,Suna Suna no Mi,"Armament, Observation",Sand manipulation,Alabasta,,,,,signature crocodile,Is your character a former warlord affiliated with Baroque Works who uses the Suna Suna no Mi?,signature fact,medium,User-provided One Piece table dated 2025-11-02
One Piece,Dalton,Male,Sakura Kingdom,king and former guard,Ushi Ushi no Mi: Model Bison,,bison transformation,Drum Island,,,,,affiliation sakura kingdom,Is your character affiliated with Sakura Kingdom?,affiliation,easy,https://onepiece.fandom.com/wiki/List_of_Canon_Characters
One Piece,Dalton,Male,Sakura Kingdom,king and former guard,Ushi Ushi no Mi: Model Bison,,bison transformation,Drum Island,,,,,arc drum island,Is your character shown during the Drum Island arc?,arc appearance,medium,https://onepiece.fandom.com/wiki/List_of_Canon_Characters
One Piece,Dalton,Male,Sakura Kingdom,king and former guard,Ushi Ushi no Mi: Model Bison,,bison transformation,Drum Island,,,,,devil fruit user,Does your character use a Devil Fruit?,devil fruit,easy,https://onepiece.fandom.com/wiki/List_of_Canon_Characters
One Piece,Dalton,Male,Sakura Kingdom,king and former guard,Ushi Ushi no Mi: Model Bison,,bison transformation,Drum Island,,,,,devil fruit ushi ushi no mi: model bison,Does your character use Ushi Ushi no Mi: Model Bison?,devil fruit,medium,https://onepiece.fandom.com/wiki/List_of_Canon_Characters
One Piece,Dalton,Male,Sakura Kingdom,king and former guard,Ushi Ushi no Mi: Model Bison,,bison transformation,Drum Island,,,,,has devil fruit,Does your character have a Devil Fruit power?,devil fruit,easy,https://onepiece.fandom.com/wiki/List_of_Canon_Characters
One Piece,Dalton,Male,Sakura Kingdom,king and former guard,Ushi Ushi no Mi: Model Bison,,bison transformation,Drum Island,,,,,fighting style bison transformation,Does your character use bison transformation?,fighting style,medium,https://onepiece.fandom.com/wiki/List_of_Canon_Characters
One Piece,Dalton,Male,Sakura Kingdom,king and former guard,Ushi Ushi no Mi: Model Bison,,bison transformation,Drum Island,,,,,gender male,Is your character male?,gender,easy,https://onepiece.fandom.com/wiki/List_of_Canon_Characters
One Piece,Dalton,Male,Sakura Kingdom,king and former guard,Ushi Ushi no Mi: Model Bison,,bison transformation,Drum Island,,,,,role king and former guard,Is your character a king and former guard?,role,easy,https://onepiece.fandom.com/wiki/List_of_Canon_Characters
One Piece,Dalton,Male,Sakura Kingdom,king and former guard,Ushi Ushi no Mi: Model Bison,,bison transformation,Drum Island,,,,,signature dalton,Is your character the ruler of Sakura Kingdom who transforms into a bison?,signature fact,hard,https://onepiece.fandom.com/wiki/List_of_Canon_Characters
One Piece,Daz Bones,Male,Baroque Works,assassin,Supa Supa no Mi,,body blades,Alabasta;Marineford,,,,,affiliation baroque works,Is your character affiliated with Baroque Works?,affiliation,easy,https://onepiece.fandom.com/wiki/List_of_Canon_Characters
One Piece,Daz Bones,Male,Baroque Works,assassin,Supa Supa no Mi,,body blades,Alabasta;Marineford,,,,,arc alabasta,Is your character shown during the Alabasta arc?,arc appearance,medium,https://onepiece.fandom.com/wiki/List_of_Canon_Characters
One Piece,Daz Bones,Male,Baroque Works,assassin,Supa Supa no Mi,,body blades,Alabasta;Marineford,,,,,arc marineford,Is your character shown during the Marineford arc?,arc appearance,medium,https://onepiece.fandom.com/wiki/List_of_Canon_Characters
One Piece,Daz Bones,Male,Baroque Works,assassin,Supa Supa no Mi,,body blades,Alabasta;Marineford,,,,,devil fruit supa supa no mi,Does your character use Supa Supa no Mi?,devil fruit,medium,https://onepiece.fandom.com/wiki/List_of_Canon_Characters
One Piece,Daz Bones,Male,Baroque Works,assassin,Supa Supa no Mi,,body blades,Alabasta;Marineford,,,,,devil fruit user,Does your character use a Devil Fruit?,devil fruit,easy,https://onepiece.fandom.com/wiki/List_of_Canon_Characters
One Piece,Daz Bones,Male,Baroque Works,assassin,Supa Supa no Mi,,body blades,Alabasta;Marineford,,,,,has devil fruit,Does your character have a Devil Fruit power?,devil fruit,easy,https://onepiece.fandom.com/wiki/List_of_Canon_Characters
One Piece,Daz Bones,Male,Baroque Works,assassin,Supa Supa no Mi,,body blades,Alabasta;Marineford,,,,,fighting style body blades,Does your character use body blades?,fighting style,medium,https://onepiece.fandom.com/wiki/List_of_Canon_Characters
One Piece,Daz Bones,Male,Baroque Works,assassin,Supa Supa no Mi,,body blades,Alabasta;Marineford,,,,,gender male,Is your character male?,gender,easy,https://onepiece.fandom.com/wiki/List_of_Canon_Characters
One Piece,Daz Bones,Male,Baroque Works,assassin,Supa Supa no Mi,,body blades,Alabasta;Marineford,,,,,role assassin,Is your character a assassin?,role,easy,https://onepiece.fandom.com/wiki/List_of_Canon_Characters
One Piece,Daz Bones,Male,Baroque Works,assassin,Supa Supa no Mi,,body blades,Alabasta;Marineford,,,,,signature daz bones,Is your character the Baroque Works assassin who turns his body into steel blades?,signature fact,hard,https://onepiece.fandom.com/wiki/List_of_Canon_Characters
One Piece,Disco,Male,Human Auctioning House,auction house manager,,,business management,Sabaody,,,,,affiliation human auctioning house,Is your character affiliated with Human Auctioning House?,affiliation,easy,https://onepiece.fandom.com/wiki/List_of_Canon_Characters
One Piece,Disco,Male,Human Auctioning House,auction house manager,,,business management,Sabaody,,,,,arc sabaody archipelago,Is your character shown during the Sabaody Archipelago arc?,arc appearance,medium,https://onepiece.fandom.com/wiki/List_of_Canon_Characters
One Piece,Disco,Male,Human Auctioning House,auction house manager,,,business management,Sabaody,,,,,fighting style business management,Does your character use business management?,fighting style,medium,https://onepiece.fandom.com/wiki/List_of_Canon_Characters
One Piece,Disco,Male,Human Auctioning House,auction house manager,,,business management,Sabaody,,,,,gender male,Is your character male?,gender,easy,https://onepiece.fandom.com/wiki/List_of_Canon_Characters
One Piece,Disco,Male,Human Auctioning House,auction house manager,,,business management,Sabaody,,,,,role auction house manager,Is your character a auction house manager?,role,easy,https://onepiece.fandom.com/wiki/List_of_Canon_Characters
One Piece,Disco,Male,Human Auctioning House,auction house manager,,,business management,Sabaody,,,,,signature disco,Is your character the manager of the human auction house in the Sabaody Archipelago?,signature fact,hard,https://onepiece.fandom.com/wiki/List_of_Canon_Characters
One Piece,Don Krieg,Male,Krieg Pirates,pirate captain,,,weapon armor,Baratie,,,,,affiliation krieg pirates,Is your character affiliated with Krieg Pirates?,affiliation,easy,https://onepiece.fandom.com/wiki/List_of_Canon_Characters
One Piece,Don Krieg,Male,Krieg Pirates,pirate captain,,,weapon armor,Baratie,,,,,arc baratie,Is your character shown during the Baratie arc?,arc appearance,medium,https://onepiece.fandom.com/wiki/List_of_Canon_Characters
One Piece,Don Krieg,Male,Krieg Pirates,pirate captain,,,weapon armor,Baratie,,,,,fighting style weapon armor,Does your character use weapon armor?,fighting style,medium,https://onepiece.fandom.com/wiki/List_of_Canon_Characters
One Piece,Don Krieg,Male,Krieg Pirates,pirate captain,,,weapon armor,Baratie,,,,,gender male,Is your character male?,gender,easy,https://onepiece.fandom.com/wiki/List_of_Canon_Characters
One Piece,Don Krieg,Male,Krieg Pirates,pirate captain,,,weapon armor,Baratie,,,,,role pirate captain,Is your character a pirate captain?,role,easy,https://onepiece.fandom.com/wiki/List_of_Canon_Characters
One Piece,Don Krieg,Male,Krieg Pirates,pirate captain,,,weapon armor,Baratie,,,,,signature don krieg,Is your character the Krieg Pirates captain who fights with weapon-filled armor?,signature fact,hard,https://onepiece.fandom.com/wiki/List_of_Canon_Characters
One Piece,Donquixote Doflamingo,Male,Donquixote Family,Pirate / Broker,Ito Ito no Mi,All 3,String control,Dressrosa,,,,,affiliation donquixote family,Is your character affiliated with Donquixote Family?,affiliation,easy,User-provided One Piece table dated 2025-11-02
One Piece,Donquixote Doflamingo,Male,Donquixote Family,Pirate / Broker,Ito Ito no Mi,All 3,String control,Dressrosa,,,,,arc dressrosa,Is your character shown during the Dressrosa arc?,arc appearance,medium,User-provided One Piece table dated 2025-11-02
One Piece,Donquixote Doflamingo,Male,Donquixote Family,Pirate / Broker,Ito Ito no Mi,All 3,String control,Dressrosa,,,,,devil fruit ito ito no mi,Does your character use Ito Ito no Mi?,devil fruit,medium,User-provided One Piece table dated 2025-11-02
One Piece,Donquixote Doflamingo,Male,Donquixote Family,Pirate / Broker,Ito Ito no Mi,All 3,String control,Dressrosa,,,,,devil fruit user,Does your character use a Devil Fruit?,devil fruit,easy,User-provided One Piece table dated 2025-11-02
One Piece,Donquixote Doflamingo,Male,Donquixote Family,Pirate / Broker,Ito Ito no Mi,All 3,String control,Dressrosa,,,,,has devil fruit,Does your character have a Devil Fruit power?,devil fruit,easy,User-provided One Piece table dated 2025-11-02
One Piece,Donquixote Doflamingo,Male,Donquixote Family,Pirate / Broker,Ito Ito no Mi,All 3,String control,Dressrosa,,,,,fighting style string control,Does your character control strings in combat?,fighting style,medium,User-provided One Piece table dated 2025-11-02
One Piece,Donquixote Doflamingo,Male,Donquixote Family,Pirate / Broker,Ito Ito no Mi,All 3,String control,Dressrosa,,,,,gender male,Is your character male?,gender,easy,User-provided One Piece table dated 2025-11-02
One Piece,Donquixote Doflamingo,Male,Donquixote Family,Pirate / Broker,Ito Ito no Mi,All 3,String control,Dressrosa,,,,,all three haki types,Does your character use all three types of Haki?,haki,easy,User-provided One Piece table dated 2025-11-02
One Piece,Donquixote Doflamingo,Male,Donquixote Family,Pirate / Broker,Ito Ito no Mi,All 3,String control,Dressrosa,,,,,armament haki,Does your character use Armament Haki?,haki,easy,User-provided One Piece table dated 2025-11-02
One Piece,Donquixote Doflamingo,Male,Donquixote Family,Pirate / Broker,Ito Ito no Mi,All 3,String control,Dressrosa,,,,,conquerors haki,Does your character use Conqueror's Haki?,haki,easy,User-provided One Piece table dated 2025-11-02
One Piece,Donquixote Doflamingo,Male,Donquixote Family,Pirate / Broker,Ito Ito no Mi,All 3,String control,Dressrosa,,,,,observation haki,Does your character use Observation Haki?,haki,easy,User-provided One Piece table dated 2025-11-02
One Piece,Donquixote Doflamingo,Male,Donquixote Family,Pirate / Broker,Ito Ito no Mi,All 3,String control,Dressrosa,,,,,uses haki,Does your character use Haki?,haki,easy,User-provided One Piece table dated 2025-11-02
One Piece,Donquixote Doflamingo,Male,Donquixote Family,Pirate / Broker,Ito Ito no Mi,All 3,String control,Dressrosa,,,,,role broker,Is your character a broker?,role,easy,User-provided One Piece table dated 2025-11-02
One Piece,Donquixote Doflamingo,Male,Donquixote Family,Pirate / Broker,Ito Ito no Mi,All 3,String control,Dressrosa,,,,,role pirate,Is your character a pirate?,role,easy,User-provided One Piece table dated 2025-11-02
One Piece,Donquixote Doflamingo,Male,Donquixote Family,Pirate / Broker,Ito Ito no Mi,All 3,String control,Dressrosa,,,,,signature donquixote doflamingo,Is your character the Donquixote Family broker who controls strings with the Ito Ito no Mi?,signature fact,medium,User-provided One Piece table dated 2025-11-02
One Piece,Donquixote Rosinante (Corazon),Male,Marines,Marine spy,Nagi Nagi no Mi,None,Stealth / rescue,Dressrosa,,,,,affiliation marines,Is your character affiliated with Marines?,affiliation,easy,User-provided One Piece table dated 2025-11-02
One Piece,Donquixote Rosinante (Corazon),Male,Marines,Marine spy,Nagi Nagi no Mi,None,Stealth / rescue,Dressrosa,,,,,arc dressrosa,Is your character shown during the Dressrosa arc?,arc appearance,medium,User-provided One Piece table dated 2025-11-02
One Piece,Donquixote Rosinante (Corazon),Male,Marines,Marine spy,Nagi Nagi no Mi,None,Stealth / rescue,Dressrosa,,,,,devil fruit nagi nagi no mi,Does your character use Nagi Nagi no Mi?,devil fruit,medium,User-provided One Piece table dated 2025-11-02
One Piece,Donquixote Rosinante (Corazon),Male,Marines,Marine spy,Nagi Nagi no Mi,None,Stealth / rescue,Dressrosa,,,,,devil fruit user,Does your character use a Devil Fruit?,devil fruit,easy,User-provided One Piece table dated 2025-11-02
One Piece,Donquixote Rosinante (Corazon),Male,Marines,Marine spy,Nagi Nagi no Mi,None,Stealth / rescue,Dressrosa,,,,,has devil fruit,Does your character have a Devil Fruit power?,devil fruit,easy,User-provided One Piece table dated 2025-11-02
One Piece,Donquixote Rosinante (Corazon),Male,Marines,Marine spy,Nagi Nagi no Mi,None,Stealth / rescue,Dressrosa,,,,,fighting style stealth rescue,Is your character's listed fighting approach stealth and rescue?,fighting style,medium,User-provided One Piece table dated 2025-11-02
One Piece,Donquixote Rosinante (Corazon),Male,Marines,Marine spy,Nagi Nagi no Mi,None,Stealth / rescue,Dressrosa,,,,,gender male,Is your character male?,gender,easy,User-provided One Piece table dated 2025-11-02
One Piece,Donquixote Rosinante (Corazon),Male,Marines,Marine spy,Nagi Nagi no Mi,None,Stealth / rescue,Dressrosa,,,,,role marine spy,Is your character a marine spy?,role,easy,User-provided One Piece table dated 2025-11-02
One Piece,Dr. Kureha,Female,Sakura Kingdom,doctor,,,medicine,Drum Island,,,,,affiliation sakura kingdom,Is your character affiliated with Sakura Kingdom?,affiliation,easy,https://onepiece.fandom.com/wiki/List_of_Canon_Characters
One Piece,Dr. Kureha,Female,Sakura Kingdom,doctor,,,medicine,Drum Island,,,,,arc drum island,Is your character shown during the Drum Island arc?,arc appearance,medium,https://onepiece.fandom.com/wiki/List_of_Canon_Characters
One Piece,Dr. Kureha,Female,Sakura Kingdom,doctor,,,medicine,Drum Island,,,,,fighting style medicine,Does your character use medicine?,fighting style,medium,https://onepiece.fandom.com/wiki/List_of_Canon_Characters
One Piece,Dr. Kureha,Female,Sakura Kingdom,doctor,,,medicine,Drum Island,,,,,gender female,Is your character female?,gender,easy,https://onepiece.fandom.com/wiki/List_of_Canon_Characters
One Piece,Dr. Kureha,Female,Sakura Kingdom,doctor,,,medicine,Drum Island,,,,,role doctor,Is your character a doctor?,role,easy,https://onepiece.fandom.com/wiki/List_of_Canon_Characters
One Piece,Dr. Kureha,Female,Sakura Kingdom,doctor,,,medicine,Drum Island,,,,,signature dr kureha,Is your character the elderly doctor who trained the reindeer doctor of the Straw Hat Pirates?,signature fact,hard,https://onepiece.fandom.com/wiki/List_of_Canon_Characters
One Piece,Dracule Mihawk,Male,Former Shichibukai,Swordsman,None,"Observation, Armament",Swordsmanship,Marineford,,,,,affiliation former shichibukai,Is your character affiliated with Former Shichibukai?,affiliation,easy,User-provided One Piece table dated 2025-11-02
One Piece,Dracule Mihawk,Male,Former Shichibukai,Swordsman,None,"Observation, Armament",Swordsmanship,Marineford,,,,,arc marineford,Is your character shown during the Marineford arc?,arc appearance,medium,User-provided One Piece table dated 2025-11-02
One Piece,Dracule Mihawk,Male,Former Shichibukai,Swordsman,None,"Observation, Armament",Swordsmanship,Marineford,,,,,fighting style swordsmanship,Does your character fight with a sword?,fighting style,medium,User-provided One Piece table dated 2025-11-02
One Piece,Dracule Mihawk,Male,Former Shichibukai,Swordsman,None,"Observation, Armament",Swordsmanship,Marineford,,,,,gender male,Is your character male?,gender,easy,User-provided One Piece table dated 2025-11-02
One Piece,Dracule Mihawk,Male,Former Shichibukai,Swordsman,None,"Observation, Armament",Swordsmanship,Marineford,,,,,armament haki,Does your character use Armament Haki?,haki,easy,User-provided One Piece table dated 2025-11-02
One Piece,Dracule Mihawk,Male,Former Shichibukai,Swordsman,None,"Observation, Armament",Swordsmanship,Marineford,,,,,observation haki,Does your character use Observation Haki?,haki,easy,User-provided One Piece table dated 2025-11-02
One Piece,Dracule Mihawk,Male,Former Shichibukai,Swordsman,None,"Observation, Armament",Swordsmanship,Marineford,,,,,uses haki,Does your character use Haki?,haki,easy,User-provided One Piece table dated 2025-11-02
One Piece,Dracule Mihawk,Male,Former Shichibukai,Swordsman,None,"Observation, Armament",Swordsmanship,Marineford,,,,,role swordsman,Is your character a swordsman?,role,easy,User-provided One Piece table dated 2025-11-02
One Piece,Dracule Mihawk,Male,Former Shichibukai,Swordsman,None,"Observation, Armament",Swordsmanship,Marineford,,,,,signature dracule mihawk,Is your character a former Shichibukai known for swordsmanship and carrying a large black blade?,signature clue,medium,User-provided One Piece table dated 2025-11-02
One Piece,Drophy,Female,Baroque Works,former Baroque Works agent,Mogu Mogu no Mi,,mole transformation,Alabasta,,,,,affiliation baroque works,Is your character affiliated with Baroque Works?,affiliation,easy,https://onepiece.fandom.com/wiki/List_of_Canon_Characters
One Piece,Drophy,Female,Baroque Works,former Baroque Works agent,Mogu Mogu no Mi,,mole transformation,Alabasta,,,,,arc alabasta,Is your character shown during the Alabasta arc?,arc appearance,medium,https://onepiece.fandom.com/wiki/List_of_Canon_Characters
One Piece,Drophy,Female,Baroque Works,former Baroque Works agent,Mogu Mogu no Mi,,mole transformation,Alabasta,,,,,devil fruit mogu mogu no mi,Does your character use Mogu Mogu no Mi?,devil fruit,medium,https://onepiece.fandom.com/wiki/List_of_Canon_Characters
One Piece,Drophy,Female,Baroque Works,former Baroque Works agent,Mogu Mogu no Mi,,mole transformation,Alabasta,,,,,devil fruit user,Does your character use a Devil Fruit?,devil fruit,easy,https://onepiece.fandom.com/wiki/List_of_Canon_Characters
One Piece,Drophy,Female,Baroque Works,former Baroque Works agent,Mogu Mogu no Mi,,mole transformation,Alabasta,,,,,has devil fruit,Does your character have a Devil Fruit power?,devil fruit,easy,https://onepiece.fandom.com/wiki/List_of_Canon_Characters
One Piece,Drophy,Female,Baroque Works,former Baroque Works agent,Mogu Mogu no Mi,,mole transformation,Alabasta,,,,,fighting style mole transformation,Does your character use mole transformation?,fighting style,medium,https://onepiece.fandom.com/wiki/List_of_Canon_Characters
One Piece,Drophy,Female,Baroque Works,former Baroque Works agent,Mogu Mogu no Mi,,mole transformation,Alabasta,,,,,gender female,Is your character female?,gender,easy,https://onepiece.fandom.com/wiki/List_of_Canon_Characters
One Piece,Drophy,Female,Baroque Works,former Baroque Works agent,Mogu Mogu no Mi,,mole transformation,Alabasta,,,,,role former baroque works agent,Is your character a former Baroque Works agent?,role,easy,https://onepiece.fandom.com/wiki/List_of_Canon_Characters
One Piece,Drophy,Female,Baroque Works,former Baroque Works agent,Mogu Mogu no Mi,,mole transformation,Alabasta,,,,,signature drophy,Is your character the female Baroque Works agent who transforms into a mole?,signature fact,hard,https://onepiece.fandom.com/wiki/List_of_Canon_Characters
One Piece,Duval,Male,Rosy Life Riders,rider gang leader,,,harpoon and bison mount,Sabaody,,,,,affiliation rosy life riders,Is your character affiliated with Rosy Life Riders?,affiliation,easy,https://onepiece.fandom.com/wiki/List_of_Canon_Characters
One Piece,Duval,Male,Rosy Life Riders,rider gang leader,,,harpoon and bison mount,Sabaody,,,,,arc sabaody archipelago,Is your character shown during the Sabaody Archipelago arc?,arc appearance,medium,https://onepiece.fandom.com/wiki/List_of_Canon_Characters
One Piece,Duval,Male,Rosy Life Riders,rider gang leader,,,harpoon and bison mount,Sabaody,,,,,fighting style harpoon and bison mount,Does your character use harpoon and bison mount?,fighting style,medium,https://onepiece.fandom.com/wiki/List_of_Canon_Characters
One Piece,Duval,Male,Rosy Life Riders,rider gang leader,,,harpoon and bison mount,Sabaody,,,,,gender male,Is your character male?,gender,easy,https://onepiece.fandom.com/wiki/List_of_Canon_Characters
One Piece,Duval,Male,Rosy Life Riders,rider gang leader,,,harpoon and bison mount,Sabaody,,,,,role rider gang leader,Is your character a rider gang leader?,role,easy,https://onepiece.fandom.com/wiki/List_of_Canon_Characters
One Piece,Duval,Male,Rosy Life Riders,rider gang leader,,,harpoon and bison mount,Sabaody,,,,,signature duval,Is your character the masked rider-gang leader whose face was changed by repeated kicks?,signature fact,hard,https://onepiece.fandom.com/wiki/List_of_Canon_Characters
One Piece,Edward Newgate (Whitebeard),Male,Whitebeard Pirates,Pirate Captain (Yonko),Gura Gura no Mi,All 3,Tremor powers,Marineford,,,,,affiliation whitebeard pirates,Is your character affiliated with Whitebeard Pirates?,affiliation,easy,User-provided One Piece table dated 2025-11-02
One Piece,Edward Newgate (Whitebeard),Male,Whitebeard Pirates,Pirate Captain (Yonko),Gura Gura no Mi,All 3,Tremor powers,Marineford,,,,,arc marineford,Is your character shown during the Marineford arc?,arc appearance,medium,User-provided One Piece table dated 2025-11-02
One Piece,Edward Newgate (Whitebeard),Male,Whitebeard Pirates,Pirate Captain (Yonko),Gura Gura no Mi,All 3,Tremor powers,Marineford,,,,,devil fruit gura gura no mi,Does your character use Gura Gura no Mi?,devil fruit,medium,User-provided One Piece table dated 2025-11-02
One Piece,Edward Newgate (Whitebeard),Male,Whitebeard Pirates,Pirate Captain (Yonko),Gura Gura no Mi,All 3,Tremor powers,Marineford,,,,,devil fruit user,Does your character use a Devil Fruit?,devil fruit,easy,User-provided One Piece table dated 2025-11-02
One Piece,Edward Newgate (Whitebeard),Male,Whitebeard Pirates,Pirate Captain (Yonko),Gura Gura no Mi,All 3,Tremor powers,Marineford,,,,,has devil fruit,Does your character have a Devil Fruit power?,devil fruit,easy,User-provided One Piece table dated 2025-11-02
One Piece,Edward Newgate (Whitebeard),Male,Whitebeard Pirates,Pirate Captain (Yonko),Gura Gura no Mi,All 3,Tremor powers,Marineford,,,,,fighting style tremor powers,Does your character fight using tremor powers?,fighting style,medium,User-provided One Piece table dated 2025-11-02
One Piece,Edward Newgate (Whitebeard),Male,Whitebeard Pirates,Pirate Captain (Yonko),Gura Gura no Mi,All 3,Tremor powers,Marineford,,,,,gender male,Is your character male?,gender,easy,User-provided One Piece table dated 2025-11-02
One Piece,Edward Newgate (Whitebeard),Male,Whitebeard Pirates,Pirate Captain (Yonko),Gura Gura no Mi,All 3,Tremor powers,Marineford,,,,,all three haki types,Does your character use all three types of Haki?,haki,easy,User-provided One Piece table dated 2025-11-02
One Piece,Edward Newgate (Whitebeard),Male,Whitebeard Pirates,Pirate Captain (Yonko),Gura Gura no Mi,All 3,Tremor powers,Marineford,,,,,armament haki,Does your character use Armament Haki?,haki,easy,User-provided One Piece table dated 2025-11-02
One Piece,Edward Newgate (Whitebeard),Male,Whitebeard Pirates,Pirate Captain (Yonko),Gura Gura no Mi,All 3,Tremor powers,Marineford,,,,,conquerors haki,Does your character use Conqueror's Haki?,haki,easy,User-provided One Piece table dated 2025-11-02
One Piece,Edward Newgate (Whitebeard),Male,Whitebeard Pirates,Pirate Captain (Yonko),Gura Gura no Mi,All 3,Tremor powers,Marineford,,,,,observation haki,Does your character use Observation Haki?,haki,easy,User-provided One Piece table dated 2025-11-02
One Piece,Edward Newgate (Whitebeard),Male,Whitebeard Pirates,Pirate Captain (Yonko),Gura Gura no Mi,All 3,Tremor powers,Marineford,,,,,uses haki,Does your character use Haki?,haki,easy,User-provided One Piece table dated 2025-11-02
One Piece,Edward Newgate (Whitebeard),Male,Whitebeard Pirates,Pirate Captain (Yonko),Gura Gura no Mi,All 3,Tremor powers,Marineford,,,,,role pirate captain,Is your character a pirate captain?,role,easy,User-provided One Piece table dated 2025-11-02
One Piece,Edward Newgate (Whitebeard),Male,Whitebeard Pirates,Pirate Captain (Yonko),Gura Gura no Mi,All 3,Tremor powers,Marineford,,,,,role yonko,Is your character a yonko?,role,easy,User-provided One Piece table dated 2025-11-02
One Piece,Edward Newgate (Whitebeard),Male,Whitebeard Pirates,Pirate Captain (Yonko),Gura Gura no Mi,All 3,Tremor powers,Marineford,,,,,signature edward newgate whitebeard,Is your character the Whitebeard Pirates captain who uses the Gura Gura no Mi?,signature fact,medium,User-provided One Piece table dated 2025-11-02
One Piece,Emporio Ivankov,Male,Revolutionary Army,Commander,Horu Horu no Mi,Armament,Hormone combat,Impel Down,,,,,affiliation revolutionary army,Is your character affiliated with Revolutionary Army?,affiliation,easy,User-provided One Piece table dated 2025-11-02
One Piece,Emporio Ivankov,Male,Revolutionary Army,Commander,Horu Horu no Mi,Armament,Hormone combat,Impel Down,,,,,arc impel down,Is your character shown during the Impel Down arc?,arc appearance,medium,User-provided One Piece table dated 2025-11-02
One Piece,Emporio Ivankov,Male,Revolutionary Army,Commander,Horu Horu no Mi,Armament,Hormone combat,Impel Down,,,,,devil fruit horu horu no mi,Does your character use Horu Horu no Mi?,devil fruit,medium,User-provided One Piece table dated 2025-11-02
One Piece,Emporio Ivankov,Male,Revolutionary Army,Commander,Horu Horu no Mi,Armament,Hormone combat,Impel Down,,,,,devil fruit user,Does your character use a Devil Fruit?,devil fruit,easy,User-provided One Piece table dated 2025-11-02
One Piece,Emporio Ivankov,Male,Revolutionary Army,Commander,Horu Horu no Mi,Armament,Hormone combat,Impel Down,,,,,has devil fruit,Does your character have a Devil Fruit power?,devil fruit,easy,User-provided One Piece table dated 2025-11-02
One Piece,Emporio Ivankov,Male,Revolutionary Army,Commander,Horu Horu no Mi,Armament,Hormone combat,Impel Down,,,,,fighting style hormone combat,Does your character use hormone-based powers in combat?,fighting style,medium,User-provided One Piece table dated 2025-11-02
One Piece,Emporio Ivankov,Male,Revolutionary Army,Commander,Horu Horu no Mi,Armament,Hormone combat,Impel Down,,,,,gender male,Is your character male?,gender,easy,User-provided One Piece table dated 2025-11-02
One Piece,Emporio Ivankov,Male,Revolutionary Army,Commander,Horu Horu no Mi,Armament,Hormone combat,Impel Down,,,,,armament haki,Does your character use Armament Haki?,haki,easy,User-provided One Piece table dated 2025-11-02
One Piece,Emporio Ivankov,Male,Revolutionary Army,Commander,Horu Horu no Mi,Armament,Hormone combat,Impel Down,,,,,uses haki,Does your character use Haki?,haki,easy,User-provided One Piece table dated 2025-11-02
One Piece,Emporio Ivankov,Male,Revolutionary Army,Commander,Horu Horu no Mi,Armament,Hormone combat,Impel Down,,,,,role commander,Is your character a commander?,role,easy,User-provided One Piece table dated 2025-11-02
One Piece,Emporio Ivankov,Male,Revolutionary Army,Commander,Horu Horu no Mi,Armament,Hormone combat,Impel Down,,,,,signature emporio ivankov,Is your character a Revolutionary Army commander who uses the Horu Horu no Mi?,signature fact,medium,User-provided One Piece table dated 2025-11-02
One Piece,Enel,Male,Skypiea,God of Skypiea,Goro Goro no Mi,Observation,Lightning control,Skypiea,,,,,affiliation skypiea,Is your character affiliated with Skypiea?,affiliation,easy,User-provided One Piece table dated 2025-11-02
One Piece,Enel,Male,Skypiea,God of Skypiea,Goro Goro no Mi,Observation,Lightning control,Skypiea,,,,,arc skypiea,Is your character shown during the Skypiea arc?,arc appearance,medium,User-provided One Piece table dated 2025-11-02
One Piece,Enel,Male,Skypiea,God of Skypiea,Goro Goro no Mi,Observation,Lightning control,Skypiea,,,,,devil fruit goro goro no mi,Does your character use Goro Goro no Mi?,devil fruit,medium,User-provided One Piece table dated 2025-11-02
One Piece,Enel,Male,Skypiea,God of Skypiea,Goro Goro no Mi,Observation,Lightning control,Skypiea,,,,,devil fruit user,Does your character use a Devil Fruit?,devil fruit,easy,User-provided One Piece table dated 2025-11-02
One Piece,Enel,Male,Skypiea,God of Skypiea,Goro Goro no Mi,Observation,Lightning control,Skypiea,,,,,has devil fruit,Does your character have a Devil Fruit power?,devil fruit,easy,User-provided One Piece table dated 2025-11-02
One Piece,Enel,Male,Skypiea,God of Skypiea,Goro Goro no Mi,Observation,Lightning control,Skypiea,,,,,fighting style lightning control,Does your character control lightning?,fighting style,medium,User-provided One Piece table dated 2025-11-02
One Piece,Enel,Male,Skypiea,God of Skypiea,Goro Goro no Mi,Observation,Lightning control,Skypiea,,,,,gender male,Is your character male?,gender,easy,User-provided One Piece table dated 2025-11-02
One Piece,Enel,Male,Skypiea,God of Skypiea,Goro Goro no Mi,Observation,Lightning control,Skypiea,,,,,observation haki,Does your character use Observation Haki?,haki,easy,User-provided One Piece table dated 2025-11-02
One Piece,Enel,Male,Skypiea,God of Skypiea,Goro Goro no Mi,Observation,Lightning control,Skypiea,,,,,uses haki,Does your character use Haki?,haki,easy,User-provided One Piece table dated 2025-11-02
One Piece,Enel,Male,Skypiea,God of Skypiea,Goro Goro no Mi,Observation,Lightning control,Skypiea,,,,,role god of skypiea,Is your character a god of skypiea?,role,easy,User-provided One Piece table dated 2025-11-02
One Piece,Enel,Male,Skypiea,God of Skypiea,Goro Goro no Mi,Observation,Lightning control,Skypiea,,,,,signature enel,Is your character the ruler called the God of Skypiea who uses the Goro Goro no Mi?,signature fact,medium,User-provided One Piece table dated 2025-11-02
One Piece,Eustass Kid,Male,Kid Pirates,Pirate Captain,Jiki Jiki no Mi,"Armament, Conqueror's",Magnetic melee,Wano,,,,,affiliation kid pirates,Is your character affiliated with Kid Pirates?,affiliation,easy,User-provided One Piece table dated 2025-11-02
One Piece,Eustass Kid,Male,Kid Pirates,Pirate Captain,Jiki Jiki no Mi,"Armament, Conqueror's",Magnetic melee,Wano,,,,,arc wano country,Is your character shown during the Wano Country arc?,arc appearance,medium,User-provided One Piece table dated 2025-11-02
One Piece,Eustass Kid,Male,Kid Pirates,Pirate Captain,Jiki Jiki no Mi,"Armament, Conqueror's",Magnetic melee,Wano,,,,,devil fruit jiki jiki no mi,Does your character use Jiki Jiki no Mi?,devil fruit,medium,User-provided One Piece table dated 2025-11-02
One Piece,Eustass Kid,Male,Kid Pirates,Pirate Captain,Jiki Jiki no Mi,"Armament, Conqueror's",Magnetic melee,Wano,,,,,devil fruit user,Does your character use a Devil Fruit?,devil fruit,easy,User-provided One Piece table dated 2025-11-02
One Piece,Eustass Kid,Male,Kid Pirates,Pirate Captain,Jiki Jiki no Mi,"Armament, Conqueror's",Magnetic melee,Wano,,,,,has devil fruit,Does your character have a Devil Fruit power?,devil fruit,easy,User-provided One Piece table dated 2025-11-02
One Piece,Eustass Kid,Male,Kid Pirates,Pirate Captain,Jiki Jiki no Mi,"Armament, Conqueror's",Magnetic melee,Wano,,,,,fighting style magnetic melee,Does your character use magnetism in close combat?,fighting style,medium,User-provided One Piece table dated 2025-11-02
One Piece,Eustass Kid,Male,Kid Pirates,Pirate Captain,Jiki Jiki no Mi,"Armament, Conqueror's",Magnetic melee,Wano,,,,,gender male,Is your character male?,gender,easy,User-provided One Piece table dated 2025-11-02
One Piece,Eustass Kid,Male,Kid Pirates,Pirate Captain,Jiki Jiki no Mi,"Armament, Conqueror's",Magnetic melee,Wano,,,,,armament haki,Does your character use Armament Haki?,haki,easy,User-provided One Piece table dated 2025-11-02
One Piece,Eustass Kid,Male,Kid Pirates,Pirate Captain,Jiki Jiki no Mi,"Armament, Conqueror's",Magnetic melee,Wano,,,,,conquerors haki,Does your character use Conqueror's Haki?,haki,easy,User-provided One Piece table dated 2025-11-02
One Piece,Eustass Kid,Male,Kid Pirates,Pirate Captain,Jiki Jiki no Mi,"Armament, Conqueror's",Magnetic melee,Wano,,,,,uses haki,Does your character use Haki?,haki,easy,User-provided One Piece table dated 2025-11-02
One Piece,Eustass Kid,Male,Kid Pirates,Pirate Captain,Jiki Jiki no Mi,"Armament, Conqueror's",Magnetic melee,Wano,,,,,role pirate captain,Is your character a pirate captain?,role,easy,User-provided One Piece table dated 2025-11-02
One Piece,Eustass Kid,Male,Kid Pirates,Pirate Captain,Jiki Jiki no Mi,"Armament, Conqueror's",Magnetic melee,Wano,,,,,signature eustass kid,Is your character the Kid Pirates captain who uses magnetic powers?,signature fact,medium,User-provided One Piece table dated 2025-11-02
One Piece,Franky,Male,Straw Hat Pirates,Shipwright,None,None,Cyborg enhancements,"Water 7, Wano",,,,,affiliation straw hat pirates,Is your character affiliated with Straw Hat Pirates?,affiliation,easy,User-provided One Piece table dated 2025-11-02
One Piece,Franky,Male,Straw Hat Pirates,Shipwright,None,None,Cyborg enhancements,"Water 7, Wano",,,,,arc wano country,Is your character shown during the Wano Country arc?,arc appearance,medium,User-provided One Piece table dated 2025-11-02
One Piece,Franky,Male,Straw Hat Pirates,Shipwright,None,None,Cyborg enhancements,"Water 7, Wano",,,,,arc water 7,Is your character shown during the Water 7 arc?,arc appearance,medium,User-provided One Piece table dated 2025-11-02
One Piece,Franky,Male,Straw Hat Pirates,Shipwright,None,None,Cyborg enhancements,"Water 7, Wano",,,,,fighting style cyborg enhancements,Does your character fight using cyborg enhancements?,fighting style,medium,User-provided One Piece table dated 2025-11-02
One Piece,Franky,Male,Straw Hat Pirates,Shipwright,None,None,Cyborg enhancements,"Water 7, Wano",,,,,gender male,Is your character male?,gender,easy,User-provided One Piece table dated 2025-11-02
One Piece,Franky,Male,Straw Hat Pirates,Shipwright,None,None,Cyborg enhancements,"Water 7, Wano",,,,,role shipwright,Is your character a shipwright?,role,easy,User-provided One Piece table dated 2025-11-02
One Piece,Franky,Male,Straw Hat Pirates,Shipwright,None,None,Cyborg enhancements,"Water 7, Wano",,,,,signature franky,Is your character the cyborg shipwright of the Straw Hat Pirates?,signature fact,medium,User-provided One Piece table dated 2025-11-02
One Piece,Galdino,Male,Cross Guild / former Baroque Works,pirate and former Baroque Works agent,Doru Doru no Mi,,wax creation,Little Garden;Impel Down,,,,,affiliation cross guild,Is your character affiliated with Cross Guild?,affiliation,easy,https://onepiece.fandom.com/wiki/List_of_Canon_Characters
One Piece,Galdino,Male,Cross Guild / former Baroque Works,pirate and former Baroque Works agent,Doru Doru no Mi,,wax creation,Little Garden;Impel Down,,,,,affiliation former baroque works,Is your character affiliated with former Baroque Works?,affiliation,easy,https://onepiece.fandom.com/wiki/List_of_Canon_Characters
One Piece,Galdino,Male,Cross Guild / former Baroque Works,pirate and former Baroque Works agent,Doru Doru no Mi,,wax creation,Little Garden;Impel Down,,,,,arc impel down,Is your character shown during the Impel Down arc?,arc appearance,medium,https://onepiece.fandom.com/wiki/List_of_Canon_Characters
One Piece,Galdino,Male,Cross Guild / former Baroque Works,pirate and former Baroque Works agent,Doru Doru no Mi,,wax creation,Little Garden;Impel Down,,,,,arc little garden,Is your character shown during the Little Garden arc?,arc appearance,medium,https://onepiece.fandom.com/wiki/List_of_Canon_Characters
One Piece,Galdino,Male,Cross Guild / former Baroque Works,pirate and former Baroque Works agent,Doru Doru no Mi,,wax creation,Little Garden;Impel Down,,,,,devil fruit doru doru no mi,Does your character use Doru Doru no Mi?,devil fruit,medium,https://onepiece.fandom.com/wiki/List_of_Canon_Characters
One Piece,Galdino,Male,Cross Guild / former Baroque Works,pirate and former Baroque Works agent,Doru Doru no Mi,,wax creation,Little Garden;Impel Down,,,,,devil fruit user,Does your character use a Devil Fruit?,devil fruit,easy,https://onepiece.fandom.com/wiki/List_of_Canon_Characters
One Piece,Galdino,Male,Cross Guild / former Baroque Works,pirate and former Baroque Works agent,Doru Doru no Mi,,wax creation,Little Garden;Impel Down,,,,,has devil fruit,Does your character have a Devil Fruit power?,devil fruit,easy,https://onepiece.fandom.com/wiki/List_of_Canon_Characters
One Piece,Galdino,Male,Cross Guild / former Baroque Works,pirate and former Baroque Works agent,Doru Doru no Mi,,wax creation,Little Garden;Impel Down,,,,,fighting style wax creation,Does your character use wax creation?,fighting style,medium,https://onepiece.fandom.com/wiki/List_of_Canon_Characters
One Piece,Galdino,Male,Cross Guild / former Baroque Works,pirate and former Baroque Works agent,Doru Doru no Mi,,wax creation,Little Garden;Impel Down,,,,,gender male,Is your character male?,gender,easy,https://onepiece.fandom.com/wiki/List_of_Canon_Characters
One Piece,Galdino,Male,Cross Guild / former Baroque Works,pirate and former Baroque Works agent,Doru Doru no Mi,,wax creation,Little Garden;Impel Down,,,,,role pirate and former baroque works agent,Is your character a pirate and former Baroque Works agent?,role,easy,https://onepiece.fandom.com/wiki/List_of_Canon_Characters
One Piece,Galdino,Male,Cross Guild / former Baroque Works,pirate and former Baroque Works agent,Doru Doru no Mi,,wax creation,Little Garden;Impel Down,,,,,signature galdino,Is your character the former Baroque Works agent who creates and shapes candle wax?,signature fact,hard,https://onepiece.fandom.com/wiki/List_of_Canon_Characters
One Piece,Gan Fall,Male,Skypiea,former ruler and knight,,,lance riding Pierre,Skypiea,,,,,affiliation skypiea,Is your character affiliated with Skypiea?,affiliation,easy,https://onepiece.fandom.com/wiki/List_of_Canon_Characters
One Piece,Gan Fall,Male,Skypiea,former ruler and knight,,,lance riding Pierre,Skypiea,,,,,arc skypiea,Is your character shown during the Skypiea arc?,arc appearance,medium,https://onepiece.fandom.com/wiki/List_of_Canon_Characters
One Piece,Gan Fall,Male,Skypiea,former ruler and knight,,,lance riding Pierre,Skypiea,,,,,fighting style lance riding pierre,Does your character use lance riding Pierre?,fighting style,medium,https://onepiece.fandom.com/wiki/List_of_Canon_Characters
One Piece,Gan Fall,Male,Skypiea,former ruler and knight,,,lance riding Pierre,Skypiea,,,,,gender male,Is your character male?,gender,easy,https://onepiece.fandom.com/wiki/List_of_Canon_Characters
One Piece,Gan Fall,Male,Skypiea,former ruler and knight,,,lance riding Pierre,Skypiea,,,,,role former ruler and knight,Is your character a former ruler and knight?,role,easy,https://onepiece.fandom.com/wiki/List_of_Canon_Characters
One Piece,Gan Fall,Male,Skypiea,former ruler and knight,,,lance riding Pierre,Skypiea,,,,,signature gan fall,Is your character the former ruler of Skypiea who fights as a knight while riding a transforming bird?,signature fact,hard,https://onepiece.fandom.com/wiki/List_of_Canon_Characters
One Piece,Gan Fall,Male,Skypiea,former ruler and knight,,,lance riding Pierre,Skypiea,,,,,species skypiean,Is your character a Skypiean?,species,easy,https://onepiece.fandom.com/wiki/List_of_Canon_Characters
One Piece,Gecko Moria,Male,Thriller Bark Pirates,pirate captain and former warlord,Kage Kage no Mi,,shadow manipulation,Thriller Bark;Marineford,,,,,affiliation thriller bark pirates,Is your character affiliated with Thriller Bark Pirates?,affiliation,easy,https://onepiece.fandom.com/wiki/List_of_Canon_Characters
One Piece,Gecko Moria,Male,Thriller Bark Pirates,pirate captain and former warlord,Kage Kage no Mi,,shadow manipulation,Thriller Bark;Marineford,,,,,arc marineford,Is your character shown during the Marineford arc?,arc appearance,medium,https://onepiece.fandom.com/wiki/List_of_Canon_Characters
One Piece,Gecko Moria,Male,Thriller Bark Pirates,pirate captain and former warlord,Kage Kage no Mi,,shadow manipulation,Thriller Bark;Marineford,,,,,arc thriller bark,Is your character shown during the Thriller Bark arc?,arc appearance,medium,https://onepiece.fandom.com/wiki/List_of_Canon_Characters
One Piece,Gecko Moria,Male,Thriller Bark Pirates,pirate captain and former warlord,Kage Kage no Mi,,shadow manipulation,Thriller Bark;Marineford,,,,,devil fruit kage kage no mi,Does your character use Kage Kage no Mi?,devil fruit,medium,https://onepiece.fandom.com/wiki/List_of_Canon_Characters
One Piece,Gecko Moria,Male,Thriller Bark Pirates,pirate captain and former warlord,Kage Kage no Mi,,shadow manipulation,Thriller Bark;Marineford,,,,,devil fruit user,Does your character use a Devil Fruit?,devil fruit,easy,https://onepiece.fandom.com/wiki/List_of_Canon_Characters
One Piece,Gecko Moria,Male,Thriller Bark Pirates,pirate captain and former warlord,Kage Kage no Mi,,shadow manipulation,Thriller Bark;Marineford,,,,,has devil fruit,Does your character have a Devil Fruit power?,devil fruit,easy,https://onepiece.fandom.com/wiki/List_of_Canon_Characters
One Piece,Gecko Moria,Male,Thriller Bark Pirates,pirate captain and former warlord,Kage Kage no Mi,,shadow manipulation,Thriller Bark;Marineford,,,,,fighting style shadow manipulation,Does your character use shadow manipulation?,fighting style,medium,https://onepiece.fandom.com/wiki/List_of_Canon_Characters
One Piece,Gecko Moria,Male,Thriller Bark Pirates,pirate captain and former warlord,Kage Kage no Mi,,shadow manipulation,Thriller Bark;Marineford,,,,,gender male,Is your character male?,gender,easy,https://onepiece.fandom.com/wiki/List_of_Canon_Characters
One Piece,Gecko Moria,Male,Thriller Bark Pirates,pirate captain and former warlord,Kage Kage no Mi,,shadow manipulation,Thriller Bark;Marineford,,,,,role pirate captain and former warlord,Is your character a pirate captain and former warlord?,role,easy,https://onepiece.fandom.com/wiki/List_of_Canon_Characters
One Piece,Gecko Moria,Male,Thriller Bark Pirates,pirate captain and former warlord,Kage Kage no Mi,,shadow manipulation,Thriller Bark;Marineford,,,,,signature gecko moria,Is your character the former warlord who commands Thriller Bark and manipulates shadows?,signature fact,hard,https://onepiece.fandom.com/wiki/List_of_Canon_Characters
One Piece,Gedatsu,Male,Enel Priests / Blue Sea spa,former priest and spa owner,,Observation Haki,swamp clouds and dials,Skypiea,,,,,affiliation blue sea spa,Is your character affiliated with Blue Sea spa?,affiliation,easy,https://onepiece.fandom.com/wiki/List_of_Canon_Characters
One Piece,Gedatsu,Male,Enel Priests / Blue Sea spa,former priest and spa owner,,Observation Haki,swamp clouds and dials,Skypiea,,,,,affiliation enel priests,Is your character affiliated with Enel Priests?,affiliation,easy,https://onepiece.fandom.com/wiki/List_of_Canon_Characters
One Piece,Gedatsu,Male,Enel Priests / Blue Sea spa,former priest and spa owner,,Observation Haki,swamp clouds and dials,Skypiea,,,,,arc skypiea,Is your character shown during the Skypiea arc?,arc appearance,medium,https://onepiece.fandom.com/wiki/List_of_Canon_Characters
One Piece,Gedatsu,Male,Enel Priests / Blue Sea spa,former priest and spa owner,,Observation Haki,swamp clouds and dials,Skypiea,,,,,fighting style swamp clouds and dials,Does your character use swamp clouds and dials?,fighting style,medium,https://onepiece.fandom.com/wiki/List_of_Canon_Characters
One Piece,Gedatsu,Male,Enel Priests / Blue Sea spa,former priest and spa owner,,Observation Haki,swamp clouds and dials,Skypiea,,,,,gender male,Is your character male?,gender,easy,https://onepiece.fandom.com/wiki/List_of_Canon_Characters
One Piece,Gedatsu,Male,Enel Priests / Blue Sea spa,former priest and spa owner,,Observation Haki,swamp clouds and dials,Skypiea,,,,,observation haki,Does your character use Observation Haki?,haki,easy,https://onepiece.fandom.com/wiki/List_of_Canon_Characters
One Piece,Gedatsu,Male,Enel Priests / Blue Sea spa,former priest and spa owner,,Observation Haki,swamp clouds and dials,Skypiea,,,,,uses haki,Does your character use Haki?,haki,easy,https://onepiece.fandom.com/wiki/List_of_Canon_Characters
One Piece,Gedatsu,Male,Enel Priests / Blue Sea spa,former priest and spa owner,,Observation Haki,swamp clouds and dials,Skypiea,,,,,role former priest and spa owner,Is your character a former priest and spa owner?,role,easy,https://onepiece.fandom.com/wiki/List_of_Canon_Characters
One Piece,Gedatsu,Male,Enel Priests / Blue Sea spa,former priest and spa owner,,Observation Haki,swamp clouds and dials,Skypiea,,,,,signature gedatsu,Is your character the former Skypiean priest who later helps build a hot-spring resort in the Blue Sea?,signature fact,hard,https://onepiece.fandom.com/wiki/List_of_Canon_Characters
One Piece,Gedatsu,Male,Enel Priests / Blue Sea spa,former priest and spa owner,,Observation Haki,swamp clouds and dials,Skypiea,,,,,species skypiean,Is your character a Skypiean?,species,easy,https://onepiece.fandom.com/wiki/List_of_Canon_Characters
One Piece,Genzo,Male,Cocoyasi Village,sheriff,,,weapons and policing,East Blue,,,,,affiliation cocoyasi village,Is your character affiliated with Cocoyasi Village?,affiliation,easy,https://onepiece.fandom.com/wiki/List_of_Canon_Characters
One Piece,Genzo,Male,Cocoyasi Village,sheriff,,,weapons and policing,East Blue,,,,,saga east blue,Is your character shown during the East Blue saga?,arc appearance,medium,https://onepiece.fandom.com/wiki/List_of_Canon_Characters
One Piece,Genzo,Male,Cocoyasi Village,sheriff,,,weapons and policing,East Blue,,,,,fighting style weapons and policing,Does your character use weapons and policing?,fighting style,medium,https://onepiece.fandom.com/wiki/List_of_Canon_Characters
One Piece,Genzo,Male,Cocoyasi Village,sheriff,,,weapons and policing,East Blue,,,,,gender male,Is your character male?,gender,easy,https://onepiece.fandom.com/wiki/List_of_Canon_Characters
One Piece,Genzo,Male,Cocoyasi Village,sheriff,,,weapons and policing,East Blue,,,,,role sheriff,Is your character a sheriff?,role,easy,https://onepiece.fandom.com/wiki/List_of_Canon_Characters
One Piece,Genzo,Male,Cocoyasi Village,sheriff,,,weapons and policing,East Blue,,,,,signature genzo,Is your character the Cocoyasi Village sheriff who wears a pinwheel on his hat?,signature fact,hard,https://onepiece.fandom.com/wiki/List_of_Canon_Characters
One Piece,Gin,Male,Krieg Pirates,combat commander,,,tonfa,Baratie,,,,,affiliation krieg pirates,Is your character affiliated with Krieg Pirates?,affiliation,easy,https://onepiece.fandom.com/wiki/List_of_Canon_Characters
One Piece,Gin,Male,Krieg Pirates,combat commander,,,tonfa,Baratie,,,,,arc baratie,Is your character shown during the Baratie arc?,arc appearance,medium,https://onepiece.fandom.com/wiki/List_of_Canon_Characters
One Piece,Gin,Male,Krieg Pirates,combat commander,,,tonfa,Baratie,,,,,fighting style tonfa,Does your character use tonfa?,fighting style,medium,https://onepiece.fandom.com/wiki/List_of_Canon_Characters
One Piece,Gin,Male,Krieg Pirates,combat commander,,,tonfa,Baratie,,,,,gender male,Is your character male?,gender,easy,https://onepiece.fandom.com/wiki/List_of_Canon_Characters
One Piece,Gin,Male,Krieg Pirates,combat commander,,,tonfa,Baratie,,,,,role combat commander,Is your character a combat commander?,role,easy,https://onepiece.fandom.com/wiki/List_of_Canon_Characters
One Piece,Gin,Male,Krieg Pirates,combat commander,,,tonfa,Baratie,,,,,signature gin,Is your character the Krieg Pirates combat commander who fights with two metal tonfa?,signature fact,hard,https://onepiece.fandom.com/wiki/List_of_Canon_Characters
One Piece,Gol D. Roger,Male,Roger Pirates,Pirate King,None,All 3,Sword + Haki,"Flashbacks, Laugh Tale",,,,,affiliation roger pirates,Is your character affiliated with Roger Pirates?,affiliation,easy,User-provided One Piece table dated 2025-11-02
One Piece,Gol D. Roger,Male,Roger Pirates,Pirate King,None,All 3,Sword + Haki,"Flashbacks, Laugh Tale",,,,,fighting style sword + haki,Does your character combine a sword with Haki?,fighting style,medium,User-provided One Piece table dated 2025-11-02
One Piece,Gol D. Roger,Male,Roger Pirates,Pirate King,None,All 3,Sword + Haki,"Flashbacks, Laugh Tale",,,,,gender male,Is your character male?,gender,easy,User-provided One Piece table dated 2025-11-02
One Piece,Gol D. Roger,Male,Roger Pirates,Pirate King,None,All 3,Sword + Haki,"Flashbacks, Laugh Tale",,,,,all three haki types,Does your character use all three types of Haki?,haki,easy,User-provided One Piece table dated 2025-11-02
One Piece,Gol D. Roger,Male,Roger Pirates,Pirate King,None,All 3,Sword + Haki,"Flashbacks, Laugh Tale",,,,,armament haki,Does your character use Armament Haki?,haki,easy,User-provided One Piece table dated 2025-11-02
One Piece,Gol D. Roger,Male,Roger Pirates,Pirate King,None,All 3,Sword + Haki,"Flashbacks, Laugh Tale",,,,,conquerors haki,Does your character use Conqueror's Haki?,haki,easy,User-provided One Piece table dated 2025-11-02
One Piece,Gol D. Roger,Male,Roger Pirates,Pirate King,None,All 3,Sword + Haki,"Flashbacks, Laugh Tale",,,,,observation haki,Does your character use Observation Haki?,haki,easy,User-provided One Piece table dated 2025-11-02
One Piece,Gol D. Roger,Male,Roger Pirates,Pirate King,None,All 3,Sword + Haki,"Flashbacks, Laugh Tale",,,,,uses haki,Does your character use Haki?,haki,easy,User-provided One Piece table dated 2025-11-02
One Piece,Gol D. Roger,Male,Roger Pirates,Pirate King,None,All 3,Sword + Haki,"Flashbacks, Laugh Tale",,,,,role pirate king,Is your character a pirate king?,role,easy,User-provided One Piece table dated 2025-11-02
One Piece,Gol D. Roger,Male,Roger Pirates,Pirate King,None,All 3,Sword + Haki,"Flashbacks, Laugh Tale",,,,,signature gol d roger,Is your character the Pirate King and former captain of the Roger Pirates?,signature clue,medium,User-provided One Piece table dated 2025-11-02
One Piece,Gonbe,Female,Sea Train,pet,,,,Water 7;Enies Lobby,,,,,affiliation sea train,Is your character affiliated with Sea Train?,affiliation,easy,https://onepiece.fandom.com/wiki/List_of_Canon_Characters
One Piece,Gonbe,Female,Sea Train,pet,,,,Water 7;Enies Lobby,,,,,arc enies lobby,Is your character shown during the Enies Lobby arc?,arc appearance,medium,https://onepiece.fandom.com/wiki/List_of_Canon_Characters
One Piece,Gonbe,Female,Sea Train,pet,,,,Water 7;Enies Lobby,,,,,arc water 7,Is your character shown during the Water 7 arc?,arc appearance,medium,https://onepiece.fandom.com/wiki/List_of_Canon_Characters
One Piece,Gonbe,Female,Sea Train,pet,,,,Water 7;Enies Lobby,,,,,gender female,Is your character female?,gender,easy,https://onepiece.fandom.com/wiki/List_of_Canon_Characters
One Piece,Gonbe,Female,Sea Train,pet,,,,Water 7;Enies Lobby,,,,,role pet,Is your character a pet?,role,easy,https://onepiece.fandom.com/wiki/List_of_Canon_Characters
One Piece,Gonbe,Female,Sea Train,pet,,,,Water 7;Enies Lobby,,,,,signature gonbe,Is your character a rabbit that its young owner calls a cat?,signature fact,hard,https://onepiece.fandom.com/wiki/List_of_Canon_Characters
One Piece,Gonbe,Female,Sea Train,pet,,,,Water 7;Enies Lobby,,,,,species rabbit,Is your character a rabbit?,species,easy,https://onepiece.fandom.com/wiki/List_of_Canon_Characters
One Piece,Hannyabal,Male,Impel Down,chief warden,,,naginata,Impel Down,,,,,affiliation impel down,Is your character affiliated with Impel Down?,affiliation,easy,https://onepiece.fandom.com/wiki/List_of_Canon_Characters
One Piece,Hannyabal,Male,Impel Down,chief warden,,,naginata,Impel Down,,,,,arc impel down,Is your character shown during the Impel Down arc?,arc appearance,medium,https://onepiece.fandom.com/wiki/List_of_Canon_Characters
One Piece,Hannyabal,Male,Impel Down,chief warden,,,naginata,Impel Down,,,,,fighting style naginata,Does your character use naginata?,fighting style,medium,https://onepiece.fandom.com/wiki/List_of_Canon_Characters
One Piece,Hannyabal,Male,Impel Down,chief warden,,,naginata,Impel Down,,,,,gender male,Is your character male?,gender,easy,https://onepiece.fandom.com/wiki/List_of_Canon_Characters
One Piece,Hannyabal,Male,Impel Down,chief warden,,,naginata,Impel Down,,,,,role chief warden,Is your character a chief warden?,role,easy,https://onepiece.fandom.com/wiki/List_of_Canon_Characters
One Piece,Hannyabal,Male,Impel Down,chief warden,,,naginata,Impel Down,,,,,signature hannyabal,Is your character the current chief warden of Impel Down who fights with a double-bladed naginata?,signature fact,hard,https://onepiece.fandom.com/wiki/List_of_Canon_Characters
One Piece,Hatchan,Male,Arlong Pirates / Takoyaki 8,former pirate and takoyaki cook,,,six-sword style,East Blue;Sabaody,,,,,affiliation arlong pirates,Is your character affiliated with Arlong Pirates?,affiliation,easy,https://onepiece.fandom.com/wiki/List_of_Canon_Characters
One Piece,Hatchan,Male,Arlong Pirates / Takoyaki 8,former pirate and takoyaki cook,,,six-sword style,East Blue;Sabaody,,,,,affiliation takoyaki 8,Is your character affiliated with Takoyaki 8?,affiliation,easy,https://onepiece.fandom.com/wiki/List_of_Canon_Characters
One Piece,Hatchan,Male,Arlong Pirates / Takoyaki 8,former pirate and takoyaki cook,,,six-sword style,East Blue;Sabaody,,,,,arc sabaody archipelago,Is your character shown during the Sabaody Archipelago arc?,arc appearance,medium,https://onepiece.fandom.com/wiki/List_of_Canon_Characters
One Piece,Hatchan,Male,Arlong Pirates / Takoyaki 8,former pirate and takoyaki cook,,,six-sword style,East Blue;Sabaody,,,,,saga east blue,Is your character shown during the East Blue saga?,arc appearance,medium,https://onepiece.fandom.com/wiki/List_of_Canon_Characters
One Piece,Hatchan,Male,Arlong Pirates / Takoyaki 8,former pirate and takoyaki cook,,,six-sword style,East Blue;Sabaody,,,,,fighting style six-sword style,Does your character use six-sword style?,fighting style,medium,https://onepiece.fandom.com/wiki/List_of_Canon_Characters
One Piece,Hatchan,Male,Arlong Pirates / Takoyaki 8,former pirate and takoyaki cook,,,six-sword style,East Blue;Sabaody,,,,,gender male,Is your character male?,gender,easy,https://onepiece.fandom.com/wiki/List_of_Canon_Characters
One Piece,Hatchan,Male,Arlong Pirates / Takoyaki 8,former pirate and takoyaki cook,,,six-sword style,East Blue;Sabaody,,,,,role former pirate and takoyaki cook,Is your character a former pirate and takoyaki cook?,role,easy,https://onepiece.fandom.com/wiki/List_of_Canon_Characters
One Piece,Hatchan,Male,Arlong Pirates / Takoyaki 8,former pirate and takoyaki cook,,,six-sword style,East Blue;Sabaody,,,,,signature hatchan,Is your character an octopus fish-man who uses six swords and later runs a takoyaki shop?,signature fact,hard,https://onepiece.fandom.com/wiki/List_of_Canon_Characters
One Piece,Hatchan,Male,Arlong Pirates / Takoyaki 8,former pirate and takoyaki cook,,,six-sword style,East Blue;Sabaody,,,,,species octopus fish-man,Is your character a octopus fish-man?,species,easy,https://onepiece.fandom.com/wiki/List_of_Canon_Characters
One Piece,Helmeppo,Male,Marines / SWORD,marine officer,,,dual kukri swords,East Blue;Egghead,,,,,affiliation marines,Is your character affiliated with Marines?,affiliation,easy,https://onepiece.fandom.com/wiki/List_of_Canon_Characters
One Piece,Helmeppo,Male,Marines / SWORD,marine officer,,,dual kukri swords,East Blue;Egghead,,,,,affiliation sword,Is your character affiliated with SWORD?,affiliation,easy,https://onepiece.fandom.com/wiki/List_of_Canon_Characters
One Piece,Helmeppo,Male,Marines / SWORD,marine officer,,,dual kukri swords,East Blue;Egghead,,,,,arc egghead,Is your character shown during the Egghead arc?,arc appearance,medium,https://onepiece.fandom.com/wiki/List_of_Canon_Characters
One Piece,Helmeppo,Male,Marines / SWORD,marine officer,,,dual kukri swords,East Blue;Egghead,,,,,saga east blue,Is your character shown during the East Blue saga?,arc appearance,medium,https://onepiece.fandom.com/wiki/List_of_Canon_Characters
One Piece,Helmeppo,Male,Marines / SWORD,marine officer,,,dual kukri swords,East Blue;Egghead,,,,,fighting style dual kukri swords,Does your character use dual kukri swords?,fighting style,medium,https://onepiece.fandom.com/wiki/List_of_Canon_Characters
One Piece,Helmeppo,Male,Marines / SWORD,marine officer,,,dual kukri swords,East Blue;Egghead,,,,,gender male,Is your character male?,gender,easy,https://onepiece.fandom.com/wiki/List_of_Canon_Characters
One Piece,Helmeppo,Male,Marines / SWORD,marine officer,,,dual kukri swords,East Blue;Egghead,,,,,role marine officer,Is your character a marine officer?,role,easy,https://onepiece.fandom.com/wiki/List_of_Canon_Characters
One Piece,Helmeppo,Male,Marines / SWORD,marine officer,,,dual kukri swords,East Blue;Egghead,,,,,signature helmeppo,Is your character a blond Marine officer in SWORD who fights with two kukri-style swords?,signature fact,hard,https://onepiece.fandom.com/wiki/List_of_Canon_Characters
One Piece,Hody Jones,Male,New Fish-Man Pirates,pirate captain,,,fish-man karate and energy steroids,Fish-Man Island,,,,,affiliation new fish-man pirates,Is your character affiliated with New Fish-Man Pirates?,affiliation,easy,https://onepiece.fandom.com/wiki/List_of_Canon_Characters
One Piece,Hody Jones,Male,New Fish-Man Pirates,pirate captain,,,fish-man karate and energy steroids,Fish-Man Island,,,,,arc fish-man island,Is your character shown during the Fish-Man Island arc?,arc appearance,medium,https://onepiece.fandom.com/wiki/List_of_Canon_Characters
One Piece,Hody Jones,Male,New Fish-Man Pirates,pirate captain,,,fish-man karate and energy steroids,Fish-Man Island,,,,,fighting style fish-man karate and energy steroids,Does your character use fish-man karate and energy steroids?,fighting style,medium,https://onepiece.fandom.com/wiki/List_of_Canon_Characters
One Piece,Hody Jones,Male,New Fish-Man Pirates,pirate captain,,,fish-man karate and energy steroids,Fish-Man Island,,,,,gender male,Is your character male?,gender,easy,https://onepiece.fandom.com/wiki/List_of_Canon_Characters
One Piece,Hody Jones,Male,New Fish-Man Pirates,pirate captain,,,fish-man karate and energy steroids,Fish-Man Island,,,,,role pirate captain,Is your character a pirate captain?,role,easy,https://onepiece.fandom.com/wiki/List_of_Canon_Characters
One Piece,Hody Jones,Male,New Fish-Man Pirates,pirate captain,,,fish-man karate and energy steroids,Fish-Man Island,,,,,signature hody jones,Is your character the great-white-shark fish-man captain who used Energy Steroids?,signature fact,hard,https://onepiece.fandom.com/wiki/List_of_Canon_Characters
One Piece,Hody Jones,Male,New Fish-Man Pirates,pirate captain,,,fish-man karate and energy steroids,Fish-Man Island,,,,,species great white shark fish-man,Is your character a great white shark fish-man?,species,easy,https://onepiece.fandom.com/wiki/List_of_Canon_Characters
One Piece,Hogback,Male,Thriller Bark Pirates,surgeon,,,surgery and zombie creation,Thriller Bark,,,,,affiliation thriller bark pirates,Is your character affiliated with Thriller Bark Pirates?,affiliation,easy,https://onepiece.fandom.com/wiki/List_of_Canon_Characters
One Piece,Hogback,Male,Thriller Bark Pirates,surgeon,,,surgery and zombie creation,Thriller Bark,,,,,arc thriller bark,Is your character shown during the Thriller Bark arc?,arc appearance,medium,https://onepiece.fandom.com/wiki/List_of_Canon_Characters
One Piece,Hogback,Male,Thriller Bark Pirates,surgeon,,,surgery and zombie creation,Thriller Bark,,,,,fighting style surgery and zombie creation,Does your character use surgery and zombie creation?,fighting style,medium,https://onepiece.fandom.com/wiki/List_of_Canon_Characters
One Piece,Hogback,Male,Thriller Bark Pirates,surgeon,,,surgery and zombie creation,Thriller Bark,,,,,gender male,Is your character male?,gender,easy,https://onepiece.fandom.com/wiki/List_of_Canon_Characters
One Piece,Hogback,Male,Thriller Bark Pirates,surgeon,,,surgery and zombie creation,Thriller Bark,,,,,role surgeon,Is your character a surgeon?,role,easy,https://onepiece.fandom.com/wiki/List_of_Canon_Characters
One Piece,Hogback,Male,Thriller Bark Pirates,surgeon,,,surgery and zombie creation,Thriller Bark,,,,,signature hogback,Is your character the surgeon who created bodies for the zombies of Thriller Bark?,signature fact,hard,https://onepiece.fandom.com/wiki/List_of_Canon_Characters
One Piece,Iceburg,Male,Water 7 / Galley-La Company,mayor and company president,,,shipbuilding,Water 7,,,,,affiliation galley-la company,Is your character affiliated with Galley-La Company?,affiliation,easy,https://onepiece.fandom.com/wiki/List_of_Canon_Characters
One Piece,Iceburg,Male,Water 7 / Galley-La Company,mayor and company president,,,shipbuilding,Water 7,,,,,affiliation water 7,Is your character affiliated with Water 7?,affiliation,easy,https://onepiece.fandom.com/wiki/List_of_Canon_Characters
One Piece,Iceburg,Male,Water 7 / Galley-La Company,mayor and company president,,,shipbuilding,Water 7,,,,,arc water 7,Is your character shown during the Water 7 arc?,arc appearance,medium,https://onepiece.fandom.com/wiki/List_of_Canon_Characters
One Piece,Iceburg,Male,Water 7 / Galley-La Company,mayor and company president,,,shipbuilding,Water 7,,,,,fighting style shipbuilding,Does your character use shipbuilding?,fighting style,medium,https://onepiece.fandom.com/wiki/List_of_Canon_Characters
One Piece,Iceburg,Male,Water 7 / Galley-La Company,mayor and company president,,,shipbuilding,Water 7,,,,,gender male,Is your character male?,gender,easy,https://onepiece.fandom.com/wiki/List_of_Canon_Characters
One Piece,Iceburg,Male,Water 7 / Galley-La Company,mayor and company president,,,shipbuilding,Water 7,,,,,role mayor and company president,Is your character a mayor and company president?,role,easy,https://onepiece.fandom.com/wiki/List_of_Canon_Characters
One Piece,Iceburg,Male,Water 7 / Galley-La Company,mayor and company president,,,shipbuilding,Water 7,,,,,signature iceburg,Is your character the mayor of Water 7 and president of the Galley-La Company?,signature fact,hard,https://onepiece.fandom.com/wiki/List_of_Canon_Characters
One Piece,Igaram,Male,Arabasta Kingdom,royal guard captain,,,saxophone guns,Alabasta,,,,,affiliation arabasta kingdom,Is your character affiliated with Arabasta Kingdom?,affiliation,easy,https://onepiece.fandom.com/wiki/List_of_Canon_Characters
One Piece,Igaram,Male,Arabasta Kingdom,royal guard captain,,,saxophone guns,Alabasta,,,,,arc alabasta,Is your character shown during the Alabasta arc?,arc appearance,medium,https://onepiece.fandom.com/wiki/List_of_Canon_Characters
One Piece,Igaram,Male,Arabasta Kingdom,royal guard captain,,,saxophone guns,Alabasta,,,,,fighting style saxophone guns,Does your character use saxophone guns?,fighting style,medium,https://onepiece.fandom.com/wiki/List_of_Canon_Characters
One Piece,Igaram,Male,Arabasta Kingdom,royal guard captain,,,saxophone guns,Alabasta,,,,,gender male,Is your character male?,gender,easy,https://onepiece.fandom.com/wiki/List_of_Canon_Characters
One Piece,Igaram,Male,Arabasta Kingdom,royal guard captain,,,saxophone guns,Alabasta,,,,,role royal guard captain,Is your character a royal guard captain?,role,easy,https://onepiece.fandom.com/wiki/List_of_Canon_Characters
One Piece,Igaram,Male,Arabasta Kingdom,royal guard captain,,,saxophone guns,Alabasta,,,,,signature igaram,Is your character the Arabasta guard captain who hides guns in a saxophone-like hairstyle?,signature fact,hard,https://onepiece.fandom.com/wiki/List_of_Canon_Characters
One Piece,Imu,Unknown,World Government,World Leader,Unknown,Unknown,Unknown,"Reverie, Mary Geoise",,,,,affiliation world government,Is your character affiliated with World Government?,affiliation,easy,User-provided One Piece table dated 2025-11-02
One Piece,Imu,Unknown,World Government,World Leader,Unknown,Unknown,Unknown,"Reverie, Mary Geoise",,,,,arc levely,Is your character shown during the Levely (Reverie) arc?,arc appearance,medium,User-provided One Piece table dated 2025-11-02
One Piece,Imu,Unknown,World Government,World Leader,Unknown,Unknown,Unknown,"Reverie, Mary Geoise",,,,,unknown devil fruit,Is your character's Devil Fruit listed as unknown?,devil fruit,easy,User-provided One Piece table dated 2025-11-02
One Piece,Imu,Unknown,World Government,World Leader,Unknown,Unknown,Unknown,"Reverie, Mary Geoise",,,,,fighting style unknown,Is your character's fighting style listed as unknown?,fighting style,medium,User-provided One Piece table dated 2025-11-02
One Piece,Imu,Unknown,World Government,World Leader,Unknown,Unknown,Unknown,"Reverie, Mary Geoise",,,,,gender unknown,Is your character's gender listed as unknown?,gender,easy,User-provided One Piece table dated 2025-11-02
One Piece,Imu,Unknown,World Government,World Leader,Unknown,Unknown,Unknown,"Reverie, Mary Geoise",,,,,unknown haki,Is your character's Haki listed as unknown?,haki,easy,User-provided One Piece table dated 2025-11-02
One Piece,Imu,Unknown,World Government,World Leader,Unknown,Unknown,Unknown,"Reverie, Mary Geoise",,,,,role world leader,Is your character a world leader?,role,easy,User-provided One Piece table dated 2025-11-02
One Piece,Imu,Unknown,World Government,World Leader,Unknown,Unknown,Unknown,"Reverie, Mary Geoise",,,,,signature imu,"Is your character the World Government leader whose Devil Fruit, Haki, and fighting style are all listed as unknown?",signature fact,medium,User-provided One Piece table dated 2025-11-02
One Piece,Inuarashi,Male,Minks,Leader,None,"Armament, Observation",Sword combat + Sulong,"Zou, Wano",,,,,affiliation minks,Is your character affiliated with Minks?,affiliation,easy,User-provided One Piece table dated 2025-11-02
One Piece,Inuarashi,Male,Minks,Leader,None,"Armament, Observation",Sword combat + Sulong,"Zou, Wano",,,,,arc wano country,Is your character shown during the Wano Country arc?,arc appearance,medium,User-provided One Piece table dated 2025-11-02
One Piece,Inuarashi,Male,Minks,Leader,None,"Armament, Observation",Sword combat + Sulong,"Zou, Wano",,,,,arc zou,Is your character shown during the Zou arc?,arc appearance,medium,User-provided One Piece table dated 2025-11-02
One Piece,Inuarashi,Male,Minks,Leader,None,"Armament, Observation",Sword combat + Sulong,"Zou, Wano",,,,,fighting style sword combat + sulong,Does your character combine sword combat with a Sulong form?,fighting style,medium,User-provided One Piece table dated 2025-11-02
One Piece,Inuarashi,Male,Minks,Leader,None,"Armament, Observation",Sword combat + Sulong,"Zou, Wano",,,,,gender male,Is your character male?,gender,easy,User-provided One Piece table dated 2025-11-02
One Piece,Inuarashi,Male,Minks,Leader,None,"Armament, Observation",Sword combat + Sulong,"Zou, Wano",,,,,armament haki,Does your character use Armament Haki?,haki,easy,User-provided One Piece table dated 2025-11-02
One Piece,Inuarashi,Male,Minks,Leader,None,"Armament, Observation",Sword combat + Sulong,"Zou, Wano",,,,,observation haki,Does your character use Observation Haki?,haki,easy,User-provided One Piece table dated 2025-11-02
One Piece,Inuarashi,Male,Minks,Leader,None,"Armament, Observation",Sword combat + Sulong,"Zou, Wano",,,,,uses haki,Does your character use Haki?,haki,easy,User-provided One Piece table dated 2025-11-02
One Piece,Inuarashi,Male,Minks,Leader,None,"Armament, Observation",Sword combat + Sulong,"Zou, Wano",,,,,role leader,Is your character a leader?,role,easy,User-provided One Piece table dated 2025-11-02
One Piece,Inuarashi,Male,Minks,Leader,None,"Armament, Observation",Sword combat + Sulong,"Zou, Wano",,,,,signature inuarashi,Is your character a mink leader who uses a sword and a Sulong form?,signature fact,medium,User-provided One Piece table dated 2025-11-02
One Piece,Inuarashi,Male,Minks,Leader,None,"Armament, Observation",Sword combat + Sulong,"Zou, Wano",,,,,species mink,Is your character a mink?,species,easy,User-provided One Piece table dated 2025-11-02
One Piece,Issho (Fujitora),Male,Marines,admiral,Zushi Zushi no Mi,Armament Haki;Observation Haki,swordsmanship and gravity,Dressrosa;Reverie,,,,,affiliation marines,Is your character affiliated with Marines?,affiliation,easy,https://onepiece.fandom.com/wiki/List_of_Canon_Characters
One Piece,Issho (Fujitora),Male,Marines,admiral,Zushi Zushi no Mi,Armament Haki;Observation Haki,swordsmanship and gravity,Dressrosa;Reverie,,,,,arc dressrosa,Is your character shown during the Dressrosa arc?,arc appearance,medium,https://onepiece.fandom.com/wiki/List_of_Canon_Characters
One Piece,Issho (Fujitora),Male,Marines,admiral,Zushi Zushi no Mi,Armament Haki;Observation Haki,swordsmanship and gravity,Dressrosa;Reverie,,,,,arc levely,Is your character shown during the Levely (Reverie) arc?,arc appearance,medium,https://onepiece.fandom.com/wiki/List_of_Canon_Characters
One Piece,Issho (Fujitora),Male,Marines,admiral,Zushi Zushi no Mi,Armament Haki;Observation Haki,swordsmanship and gravity,Dressrosa;Reverie,,,,,devil fruit user,Does your character use a Devil Fruit?,devil fruit,easy,https://onepiece.fandom.com/wiki/List_of_Canon_Characters
One Piece,Issho (Fujitora),Male,Marines,admiral,Zushi Zushi no Mi,Armament Haki;Observation Haki,swordsmanship and gravity,Dressrosa;Reverie,,,,,devil fruit zushi zushi no mi,Does your character use Zushi Zushi no Mi?,devil fruit,medium,https://onepiece.fandom.com/wiki/List_of_Canon_Characters
One Piece,Issho (Fujitora),Male,Marines,admiral,Zushi Zushi no Mi,Armament Haki;Observation Haki,swordsmanship and gravity,Dressrosa;Reverie,,,,,has devil fruit,Does your character have a Devil Fruit power?,devil fruit,easy,https://onepiece.fandom.com/wiki/List_of_Canon_Characters
One Piece,Issho (Fujitora),Male,Marines,admiral,Zushi Zushi no Mi,Armament Haki;Observation Haki,swordsmanship and gravity,Dressrosa;Reverie,,,,,fighting style swordsmanship and gravity,Does your character use swordsmanship and gravity?,fighting style,medium,https://onepiece.fandom.com/wiki/List_of_Canon_Characters
One Piece,Issho (Fujitora),Male,Marines,admiral,Zushi Zushi no Mi,Armament Haki;Observation Haki,swordsmanship and gravity,Dressrosa;Reverie,,,,,gender male,Is your character male?,gender,easy,https://onepiece.fandom.com/wiki/List_of_Canon_Characters
One Piece,Issho (Fujitora),Male,Marines,admiral,Zushi Zushi no Mi,Armament Haki;Observation Haki,swordsmanship and gravity,Dressrosa;Reverie,,,,,armament haki,Does your character use Armament Haki?,haki,easy,https://onepiece.fandom.com/wiki/List_of_Canon_Characters
One Piece,Issho (Fujitora),Male,Marines,admiral,Zushi Zushi no Mi,Armament Haki;Observation Haki,swordsmanship and gravity,Dressrosa;Reverie,,,,,observation haki,Does your character use Observation Haki?,haki,easy,https://onepiece.fandom.com/wiki/List_of_Canon_Characters
One Piece,Issho (Fujitora),Male,Marines,admiral,Zushi Zushi no Mi,Armament Haki;Observation Haki,swordsmanship and gravity,Dressrosa;Reverie,,,,,uses haki,Does your character use Haki?,haki,easy,https://onepiece.fandom.com/wiki/List_of_Canon_Characters
One Piece,Issho (Fujitora),Male,Marines,admiral,Zushi Zushi no Mi,Armament Haki;Observation Haki,swordsmanship and gravity,Dressrosa;Reverie,,,,,role admiral,Is your character a admiral?,role,easy,https://onepiece.fandom.com/wiki/List_of_Canon_Characters
One Piece,Issho (Fujitora),Male,Marines,admiral,Zushi Zushi no Mi,Armament Haki;Observation Haki,swordsmanship and gravity,Dressrosa;Reverie,,,,,signature issho fujitora,Is your character the blind Marine admiral who controls gravity through the Zushi Zushi no Mi?,signature fact,hard,https://onepiece.fandom.com/wiki/List_of_Canon_Characters
One Piece,Izo,Male,Whitebeard Pirates / Wano,pirate commander and samurai,,Armament Haki;Observation Haki,two pistols,Marineford;Wano,,,,,affiliation wano,Is your character affiliated with Wano?,affiliation,easy,https://onepiece.fandom.com/wiki/List_of_Canon_Characters
One Piece,Izo,Male,Whitebeard Pirates / Wano,pirate commander and samurai,,Armament Haki;Observation Haki,two pistols,Marineford;Wano,,,,,affiliation whitebeard pirates,Is your character affiliated with Whitebeard Pirates?,affiliation,easy,https://onepiece.fandom.com/wiki/List_of_Canon_Characters
One Piece,Izo,Male,Whitebeard Pirates / Wano,pirate commander and samurai,,Armament Haki;Observation Haki,two pistols,Marineford;Wano,,,,,arc marineford,Is your character shown during the Marineford arc?,arc appearance,medium,https://onepiece.fandom.com/wiki/List_of_Canon_Characters
One Piece,Izo,Male,Whitebeard Pirates / Wano,pirate commander and samurai,,Armament Haki;Observation Haki,two pistols,Marineford;Wano,,,,,arc wano country,Is your character shown during the Wano Country arc?,arc appearance,medium,https://onepiece.fandom.com/wiki/List_of_Canon_Characters
One Piece,Izo,Male,Whitebeard Pirates / Wano,pirate commander and samurai,,Armament Haki;Observation Haki,two pistols,Marineford;Wano,,,,,fighting style two pistols,Does your character use two pistols?,fighting style,medium,https://onepiece.fandom.com/wiki/List_of_Canon_Characters
One Piece,Izo,Male,Whitebeard Pirates / Wano,pirate commander and samurai,,Armament Haki;Observation Haki,two pistols,Marineford;Wano,,,,,gender male,Is your character male?,gender,easy,https://onepiece.fandom.com/wiki/List_of_Canon_Characters
One Piece,Izo,Male,Whitebeard Pirates / Wano,pirate commander and samurai,,Armament Haki;Observation Haki,two pistols,Marineford;Wano,,,,,armament haki,Does your character use Armament Haki?,haki,easy,https://onepiece.fandom.com/wiki/List_of_Canon_Characters
One Piece,Izo,Male,Whitebeard Pirates / Wano,pirate commander and samurai,,Armament Haki;Observation Haki,two pistols,Marineford;Wano,,,,,observation haki,Does your character use Observation Haki?,haki,easy,https://onepiece.fandom.com/wiki/List_of_Canon_Characters
One Piece,Izo,Male,Whitebeard Pirates / Wano,pirate commander and samurai,,Armament Haki;Observation Haki,two pistols,Marineford;Wano,,,,,uses haki,Does your character use Haki?,haki,easy,https://onepiece.fandom.com/wiki/List_of_Canon_Characters
One Piece,Izo,Male,Whitebeard Pirates / Wano,pirate commander and samurai,,Armament Haki;Observation Haki,two pistols,Marineford;Wano,,,,,role pirate commander and samurai,Is your character a pirate commander and samurai?,role,easy,https://onepiece.fandom.com/wiki/List_of_Canon_Characters
One Piece,Izo,Male,Whitebeard Pirates / Wano,pirate commander and samurai,,Armament Haki;Observation Haki,two pistols,Marineford;Wano,,,,,signature izo,Is your character the Wano-born Whitebeard commander who fights with two pistols?,signature fact,hard,https://onepiece.fandom.com/wiki/List_of_Canon_Characters
One Piece,Jango,Male,Marines / former Black Cat Pirates,marine officer and hypnotist,,,chakram and hypnosis,East Blue;Marineford,,,,,affiliation former black cat pirates,Is your character affiliated with former Black Cat Pirates?,affiliation,easy,https://onepiece.fandom.com/wiki/List_of_Canon_Characters
One Piece,Jango,Male,Marines / former Black Cat Pirates,marine officer and hypnotist,,,chakram and hypnosis,East Blue;Marineford,,,,,affiliation marines,Is your character affiliated with Marines?,affiliation,easy,https://onepiece.fandom.com/wiki/List_of_Canon_Characters
One Piece,Jango,Male,Marines / former Black Cat Pirates,marine officer and hypnotist,,,chakram and hypnosis,East Blue;Marineford,,,,,arc marineford,Is your character shown during the Marineford arc?,arc appearance,medium,https://onepiece.fandom.com/wiki/List_of_Canon_Characters
One Piece,Jango,Male,Marines / former Black Cat Pirates,marine officer and hypnotist,,,chakram and hypnosis,East Blue;Marineford,,,,,saga east blue,Is your character shown during the East Blue saga?,arc appearance,medium,https://onepiece.fandom.com/wiki/List_of_Canon_Characters
One Piece,Jango,Male,Marines / former Black Cat Pirates,marine officer and hypnotist,,,chakram and hypnosis,East Blue;Marineford,,,,,fighting style chakram and hypnosis,Does your character use chakram and hypnosis?,fighting style,medium,https://onepiece.fandom.com/wiki/List_of_Canon_Characters
One Piece,Jango,Male,Marines / former Black Cat Pirates,marine officer and hypnotist,,,chakram and hypnosis,East Blue;Marineford,,,,,gender male,Is your character male?,gender,easy,https://onepiece.fandom.com/wiki/List_of_Canon_Characters
One Piece,Jango,Male,Marines / former Black Cat Pirates,marine officer and hypnotist,,,chakram and hypnosis,East Blue;Marineford,,,,,role marine officer and hypnotist,Is your character a marine officer and hypnotist?,role,easy,https://onepiece.fandom.com/wiki/List_of_Canon_Characters
One Piece,Jango,Male,Marines / former Black Cat Pirates,marine officer and hypnotist,,,chakram and hypnosis,East Blue;Marineford,,,,,signature jango,Is your character a hypnotist who left the Black Cat Pirates and later joined the Marines?,signature fact,hard,https://onepiece.fandom.com/wiki/List_of_Canon_Characters
One Piece,Jean Bart,Male,Heart Pirates,helmsman and former captain,,,physical combat,Sabaody;Wano,,,,,affiliation heart pirates,Is your character affiliated with Heart Pirates?,affiliation,easy,https://onepiece.fandom.com/wiki/List_of_Canon_Characters
One Piece,Jean Bart,Male,Heart Pirates,helmsman and former captain,,,physical combat,Sabaody;Wano,,,,,arc sabaody archipelago,Is your character shown during the Sabaody Archipelago arc?,arc appearance,medium,https://onepiece.fandom.com/wiki/List_of_Canon_Characters
One Piece,Jean Bart,Male,Heart Pirates,helmsman and former captain,,,physical combat,Sabaody;Wano,,,,,arc wano country,Is your character shown during the Wano Country arc?,arc appearance,medium,https://onepiece.fandom.com/wiki/List_of_Canon_Characters
One Piece,Jean Bart,Male,Heart Pirates,helmsman and former captain,,,physical combat,Sabaody;Wano,,,,,fighting style physical combat,Does your character use physical combat?,fighting style,medium,https://onepiece.fandom.com/wiki/List_of_Canon_Characters
One Piece,Jean Bart,Male,Heart Pirates,helmsman and former captain,,,physical combat,Sabaody;Wano,,,,,gender male,Is your character male?,gender,easy,https://onepiece.fandom.com/wiki/List_of_Canon_Characters
One Piece,Jean Bart,Male,Heart Pirates,helmsman and former captain,,,physical combat,Sabaody;Wano,,,,,role helmsman and former captain,Is your character a helmsman and former captain?,role,easy,https://onepiece.fandom.com/wiki/List_of_Canon_Characters
One Piece,Jean Bart,Male,Heart Pirates,helmsman and former captain,,,physical combat,Sabaody;Wano,,,,,signature jean bart,Is your character the very large former slave who became the Heart Pirates’ helmsman?,signature fact,hard,https://onepiece.fandom.com/wiki/List_of_Canon_Characters
One Piece,Jewelry Bonney,Female,Bonney Pirates,Pirate Captain,Toshi Toshi no Mi,None,Age manipulation,"Sabaody, Egghead",,,,,affiliation bonney pirates,Is your character affiliated with Bonney Pirates?,affiliation,easy,User-provided One Piece table dated 2025-11-02
One Piece,Jewelry Bonney,Female,Bonney Pirates,Pirate Captain,Toshi Toshi no Mi,None,Age manipulation,"Sabaody, Egghead",,,,,arc egghead,Is your character shown during the Egghead arc?,arc appearance,medium,User-provided One Piece table dated 2025-11-02
One Piece,Jewelry Bonney,Female,Bonney Pirates,Pirate Captain,Toshi Toshi no Mi,None,Age manipulation,"Sabaody, Egghead",,,,,arc sabaody archipelago,Is your character shown during the Sabaody Archipelago arc?,arc appearance,medium,User-provided One Piece table dated 2025-11-02
One Piece,Jewelry Bonney,Female,Bonney Pirates,Pirate Captain,Toshi Toshi no Mi,None,Age manipulation,"Sabaody, Egghead",,,,,devil fruit toshi toshi no mi,Does your character use Toshi Toshi no Mi?,devil fruit,medium,User-provided One Piece table dated 2025-11-02
One Piece,Jewelry Bonney,Female,Bonney Pirates,Pirate Captain,Toshi Toshi no Mi,None,Age manipulation,"Sabaody, Egghead",,,,,devil fruit user,Does your character use a Devil Fruit?,devil fruit,easy,User-provided One Piece table dated 2025-11-02
One Piece,Jewelry Bonney,Female,Bonney Pirates,Pirate Captain,Toshi Toshi no Mi,None,Age manipulation,"Sabaody, Egghead",,,,,has devil fruit,Does your character have a Devil Fruit power?,devil fruit,easy,User-provided One Piece table dated 2025-11-02
One Piece,Jewelry Bonney,Female,Bonney Pirates,Pirate Captain,Toshi Toshi no Mi,None,Age manipulation,"Sabaody, Egghead",,,,,fighting style age manipulation,Can your character manipulate age?,fighting style,medium,User-provided One Piece table dated 2025-11-02
One Piece,Jewelry Bonney,Female,Bonney Pirates,Pirate Captain,Toshi Toshi no Mi,None,Age manipulation,"Sabaody, Egghead",,,,,gender female,Is your character female?,gender,easy,User-provided One Piece table dated 2025-11-02
One Piece,Jewelry Bonney,Female,Bonney Pirates,Pirate Captain,Toshi Toshi no Mi,None,Age manipulation,"Sabaody, Egghead",,,,,role pirate captain,Is your character a pirate captain?,role,easy,User-provided One Piece table dated 2025-11-02
One Piece,Jewelry Bonney,Female,Bonney Pirates,Pirate Captain,Toshi Toshi no Mi,None,Age manipulation,"Sabaody, Egghead",,,,,signature jewelry bonney,Is your character the female captain of the Bonney Pirates who manipulates age?,signature fact,medium,User-provided One Piece table dated 2025-11-02
One Piece,Jinbe,Male,Straw Hat Pirates,Helmsman,None,"Armament, Observation",Fishman Karate,"Fishman Island, Wano",,,,,affiliation straw hat pirates,Is your character affiliated with Straw Hat Pirates?,affiliation,easy,User-provided One Piece table dated 2025-11-02
One Piece,Jinbe,Male,Straw Hat Pirates,Helmsman,None,"Armament, Observation",Fishman Karate,"Fishman Island, Wano",,,,,arc fish-man island,Is your character shown during the Fish-Man Island arc?,arc appearance,medium,User-provided One Piece table dated 2025-11-02
One Piece,Jinbe,Male,Straw Hat Pirates,Helmsman,None,"Armament, Observation",Fishman Karate,"Fishman Island, Wano",,,,,arc wano country,Is your character shown during the Wano Country arc?,arc appearance,medium,User-provided One Piece table dated 2025-11-02
One Piece,Jinbe,Male,Straw Hat Pirates,Helmsman,None,"Armament, Observation",Fishman Karate,"Fishman Island, Wano",,,,,fighting style fishman karate,Does your character use Fish-Man Karate?,fighting style,medium,User-provided One Piece table dated 2025-11-02
One Piece,Jinbe,Male,Straw Hat Pirates,Helmsman,None,"Armament, Observation",Fishman Karate,"Fishman Island, Wano",,,,,gender male,Is your character male?,gender,easy,User-provided One Piece table dated 2025-11-02
One Piece,Jinbe,Male,Straw Hat Pirates,Helmsman,None,"Armament, Observation",Fishman Karate,"Fishman Island, Wano",,,,,armament haki,Does your character use Armament Haki?,haki,easy,User-provided One Piece table dated 2025-11-02
One Piece,Jinbe,Male,Straw Hat Pirates,Helmsman,None,"Armament, Observation",Fishman Karate,"Fishman Island, Wano",,,,,observation haki,Does your character use Observation Haki?,haki,easy,User-provided One Piece table dated 2025-11-02
One Piece,Jinbe,Male,Straw Hat Pirates,Helmsman,None,"Armament, Observation",Fishman Karate,"Fishman Island, Wano",,,,,uses haki,Does your character use Haki?,haki,easy,User-provided One Piece table dated 2025-11-02
One Piece,Jinbe,Male,Straw Hat Pirates,Helmsman,None,"Armament, Observation",Fishman Karate,"Fishman Island, Wano",,,,,role helmsman,Is your character a helmsman?,role,easy,User-provided One Piece table dated 2025-11-02
One Piece,Jinbe,Male,Straw Hat Pirates,Helmsman,None,"Armament, Observation",Fishman Karate,"Fishman Island, Wano",,,,,signature jinbe,Is your character the fish-man helmsman of the Straw Hat Pirates who uses Fish-Man Karate?,signature fact,medium,User-provided One Piece table dated 2025-11-02
One Piece,Jinbe,Male,Straw Hat Pirates,Helmsman,None,"Armament, Observation",Fishman Karate,"Fishman Island, Wano",,,,,species fishman,Is your character a fish-man?,species,easy,User-provided One Piece table dated 2025-11-02
One Piece,Jozu,Male,Whitebeard Pirates,pirate commander,Kira Kira no Mi,Armament Haki;Observation Haki,diamond body,Marineford,,,,,affiliation whitebeard pirates,Is your character affiliated with Whitebeard Pirates?,affiliation,easy,https://onepiece.fandom.com/wiki/List_of_Canon_Characters
One Piece,Jozu,Male,Whitebeard Pirates,pirate commander,Kira Kira no Mi,Armament Haki;Observation Haki,diamond body,Marineford,,,,,arc marineford,Is your character shown during the Marineford arc?,arc appearance,medium,https://onepiece.fandom.com/wiki/List_of_Canon_Characters
One Piece,Jozu,Male,Whitebeard Pirates,pirate commander,Kira Kira no Mi,Armament Haki;Observation Haki,diamond body,Marineford,,,,,devil fruit kira kira no mi,Does your character use Kira Kira no Mi?,devil fruit,medium,https://onepiece.fandom.com/wiki/List_of_Canon_Characters
One Piece,Jozu,Male,Whitebeard Pirates,pirate commander,Kira Kira no Mi,Armament Haki;Observation Haki,diamond body,Marineford,,,,,devil fruit user,Does your character use a Devil Fruit?,devil fruit,easy,https://onepiece.fandom.com/wiki/List_of_Canon_Characters
One Piece,Jozu,Male,Whitebeard Pirates,pirate commander,Kira Kira no Mi,Armament Haki;Observation Haki,diamond body,Marineford,,,,,has devil fruit,Does your character have a Devil Fruit power?,devil fruit,easy,https://onepiece.fandom.com/wiki/List_of_Canon_Characters
One Piece,Jozu,Male,Whitebeard Pirates,pirate commander,Kira Kira no Mi,Armament Haki;Observation Haki,diamond body,Marineford,,,,,fighting style diamond body,Does your character use diamond body?,fighting style,medium,https://onepiece.fandom.com/wiki/List_of_Canon_Characters
One Piece,Jozu,Male,Whitebeard Pirates,pirate commander,Kira Kira no Mi,Armament Haki;Observation Haki,diamond body,Marineford,,,,,gender male,Is your character male?,gender,easy,https://onepiece.fandom.com/wiki/List_of_Canon_Characters
One Piece,Jozu,Male,Whitebeard Pirates,pirate commander,Kira Kira no Mi,Armament Haki;Observation Haki,diamond body,Marineford,,,,,armament haki,Does your character use Armament Haki?,haki,easy,https://onepiece.fandom.com/wiki/List_of_Canon_Characters
One Piece,Jozu,Male,Whitebeard Pirates,pirate commander,Kira Kira no Mi,Armament Haki;Observation Haki,diamond body,Marineford,,,,,observation haki,Does your character use Observation Haki?,haki,easy,https://onepiece.fandom.com/wiki/List_of_Canon_Characters
One Piece,Jozu,Male,Whitebeard Pirates,pirate commander,Kira Kira no Mi,Armament Haki;Observation Haki,diamond body,Marineford,,,,,uses haki,Does your character use Haki?,haki,easy,https://onepiece.fandom.com/wiki/List_of_Canon_Characters
One Piece,Jozu,Male,Whitebeard Pirates,pirate commander,Kira Kira no Mi,Armament Haki;Observation Haki,diamond body,Marineford,,,,,role pirate commander,Is your character a pirate commander?,role,easy,https://onepiece.fandom.com/wiki/List_of_Canon_Characters
One Piece,Jozu,Male,Whitebeard Pirates,pirate commander,Kira Kira no Mi,Armament Haki;Observation Haki,diamond body,Marineford,,,,,signature jozu,Is your character the Whitebeard commander who turns his body into diamond?,signature fact,hard,https://onepiece.fandom.com/wiki/List_of_Canon_Characters
One Piece,Kaido,Male,Beasts Pirates,Pirate Captain (Yonko),Uo Uo no Mi: Model Azure Dragon,All 3,Club combat + dragon form,Wano,,,,,affiliation beasts pirates,Is your character affiliated with Beasts Pirates?,affiliation,easy,User-provided One Piece table dated 2025-11-02
One Piece,Kaido,Male,Beasts Pirates,Pirate Captain (Yonko),Uo Uo no Mi: Model Azure Dragon,All 3,Club combat + dragon form,Wano,,,,,arc wano country,Is your character shown during the Wano Country arc?,arc appearance,medium,User-provided One Piece table dated 2025-11-02
One Piece,Kaido,Male,Beasts Pirates,Pirate Captain (Yonko),Uo Uo no Mi: Model Azure Dragon,All 3,Club combat + dragon form,Wano,,,,,devil fruit uo uo no mi: model azure dragon,Does your character use Uo Uo no Mi: Model Azure Dragon?,devil fruit,medium,User-provided One Piece table dated 2025-11-02
One Piece,Kaido,Male,Beasts Pirates,Pirate Captain (Yonko),Uo Uo no Mi: Model Azure Dragon,All 3,Club combat + dragon form,Wano,,,,,devil fruit user,Does your character use a Devil Fruit?,devil fruit,easy,User-provided One Piece table dated 2025-11-02
One Piece,Kaido,Male,Beasts Pirates,Pirate Captain (Yonko),Uo Uo no Mi: Model Azure Dragon,All 3,Club combat + dragon form,Wano,,,,,has devil fruit,Does your character have a Devil Fruit power?,devil fruit,easy,User-provided One Piece table dated 2025-11-02
One Piece,Kaido,Male,Beasts Pirates,Pirate Captain (Yonko),Uo Uo no Mi: Model Azure Dragon,All 3,Club combat + dragon form,Wano,,,,,fighting style club combat + dragon form,Does your character fight with a club and a dragon form?,fighting style,medium,User-provided One Piece table dated 2025-11-02
One Piece,Kaido,Male,Beasts Pirates,Pirate Captain (Yonko),Uo Uo no Mi: Model Azure Dragon,All 3,Club combat + dragon form,Wano,,,,,gender male,Is your character male?,gender,easy,User-provided One Piece table dated 2025-11-02
One Piece,Kaido,Male,Beasts Pirates,Pirate Captain (Yonko),Uo Uo no Mi: Model Azure Dragon,All 3,Club combat + dragon form,Wano,,,,,all three haki types,Does your character use all three types of Haki?,haki,easy,User-provided One Piece table dated 2025-11-02
One Piece,Kaido,Male,Beasts Pirates,Pirate Captain (Yonko),Uo Uo no Mi: Model Azure Dragon,All 3,Club combat + dragon form,Wano,,,,,armament haki,Does your character use Armament Haki?,haki,easy,User-provided One Piece table dated 2025-11-02
One Piece,Kaido,Male,Beasts Pirates,Pirate Captain (Yonko),Uo Uo no Mi: Model Azure Dragon,All 3,Club combat + dragon form,Wano,,,,,conquerors haki,Does your character use Conqueror's Haki?,haki,easy,User-provided One Piece table dated 2025-11-02
One Piece,Kaido,Male,Beasts Pirates,Pirate Captain (Yonko),Uo Uo no Mi: Model Azure Dragon,All 3,Club combat + dragon form,Wano,,,,,observation haki,Does your character use Observation Haki?,haki,easy,User-provided One Piece table dated 2025-11-02
One Piece,Kaido,Male,Beasts Pirates,Pirate Captain (Yonko),Uo Uo no Mi: Model Azure Dragon,All 3,Club combat + dragon form,Wano,,,,,uses haki,Does your character use Haki?,haki,easy,User-provided One Piece table dated 2025-11-02
One Piece,Kaido,Male,Beasts Pirates,Pirate Captain (Yonko),Uo Uo no Mi: Model Azure Dragon,All 3,Club combat + dragon form,Wano,,,,,role pirate captain,Is your character a pirate captain?,role,easy,User-provided One Piece table dated 2025-11-02
One Piece,Kaido,Male,Beasts Pirates,Pirate Captain (Yonko),Uo Uo no Mi: Model Azure Dragon,All 3,Club combat + dragon form,Wano,,,,,role yonko,Is your character a yonko?,role,easy,User-provided One Piece table dated 2025-11-02
One Piece,Kaido,Male,Beasts Pirates,Pirate Captain (Yonko),Uo Uo no Mi: Model Azure Dragon,All 3,Club combat + dragon form,Wano,,,,,signature kaido,Is your character the Beasts Pirates captain who transforms into an Azure Dragon?,signature fact,medium,User-provided One Piece table dated 2025-11-02
One Piece,Kaku,Male,CP0 / former CP9,government agent,Ushi Ushi no Mi: Model Giraffe,Armament Haki;Observation Haki,Rokushiki and swords,Water 7;Enies Lobby;Egghead,,,,,affiliation cp0,Is your character affiliated with CP0?,affiliation,easy,https://onepiece.fandom.com/wiki/List_of_Canon_Characters
One Piece,Kaku,Male,CP0 / former CP9,government agent,Ushi Ushi no Mi: Model Giraffe,Armament Haki;Observation Haki,Rokushiki and swords,Water 7;Enies Lobby;Egghead,,,,,affiliation former cp9,Is your character affiliated with former CP9?,affiliation,easy,https://onepiece.fandom.com/wiki/List_of_Canon_Characters
One Piece,Kaku,Male,CP0 / former CP9,government agent,Ushi Ushi no Mi: Model Giraffe,Armament Haki;Observation Haki,Rokushiki and swords,Water 7;Enies Lobby;Egghead,,,,,arc egghead,Is your character shown during the Egghead arc?,arc appearance,medium,https://onepiece.fandom.com/wiki/List_of_Canon_Characters
One Piece,Kaku,Male,CP0 / former CP9,government agent,Ushi Ushi no Mi: Model Giraffe,Armament Haki;Observation Haki,Rokushiki and swords,Water 7;Enies Lobby;Egghead,,,,,arc enies lobby,Is your character shown during the Enies Lobby arc?,arc appearance,medium,https://onepiece.fandom.com/wiki/List_of_Canon_Characters
One Piece,Kaku,Male,CP0 / former CP9,government agent,Ushi Ushi no Mi: Model Giraffe,Armament Haki;Observation Haki,Rokushiki and swords,Water 7;Enies Lobby;Egghead,,,,,arc water 7,Is your character shown during the Water 7 arc?,arc appearance,medium,https://onepiece.fandom.com/wiki/List_of_Canon_Characters
One Piece,Kaku,Male,CP0 / former CP9,government agent,Ushi Ushi no Mi: Model Giraffe,Armament Haki;Observation Haki,Rokushiki and swords,Water 7;Enies Lobby;Egghead,,,,,devil fruit user,Does your character use a Devil Fruit?,devil fruit,easy,https://onepiece.fandom.com/wiki/List_of_Canon_Characters
One Piece,Kaku,Male,CP0 / former CP9,government agent,Ushi Ushi no Mi: Model Giraffe,Armament Haki;Observation Haki,Rokushiki and swords,Water 7;Enies Lobby;Egghead,,,,,devil fruit ushi ushi no mi: model giraffe,Does your character use Ushi Ushi no Mi: Model Giraffe?,devil fruit,medium,https://onepiece.fandom.com/wiki/List_of_Canon_Characters
One Piece,Kaku,Male,CP0 / former CP9,government agent,Ushi Ushi no Mi: Model Giraffe,Armament Haki;Observation Haki,Rokushiki and swords,Water 7;Enies Lobby;Egghead,,,,,has devil fruit,Does your character have a Devil Fruit power?,devil fruit,easy,https://onepiece.fandom.com/wiki/List_of_Canon_Characters
One Piece,Kaku,Male,CP0 / former CP9,government agent,Ushi Ushi no Mi: Model Giraffe,Armament Haki;Observation Haki,Rokushiki and swords,Water 7;Enies Lobby;Egghead,,,,,fighting style rokushiki and swords,Does your character use Rokushiki and swords?,fighting style,medium,https://onepiece.fandom.com/wiki/List_of_Canon_Characters
One Piece,Kaku,Male,CP0 / former CP9,government agent,Ushi Ushi no Mi: Model Giraffe,Armament Haki;Observation Haki,Rokushiki and swords,Water 7;Enies Lobby;Egghead,,,,,gender male,Is your character male?,gender,easy,https://onepiece.fandom.com/wiki/List_of_Canon_Characters
One Piece,Kaku,Male,CP0 / former CP9,government agent,Ushi Ushi no Mi: Model Giraffe,Armament Haki;Observation Haki,Rokushiki and swords,Water 7;Enies Lobby;Egghead,,,,,armament haki,Does your character use Armament Haki?,haki,easy,https://onepiece.fandom.com/wiki/List_of_Canon_Characters
One Piece,Kaku,Male,CP0 / former CP9,government agent,Ushi Ushi no Mi: Model Giraffe,Armament Haki;Observation Haki,Rokushiki and swords,Water 7;Enies Lobby;Egghead,,,,,observation haki,Does your character use Observation Haki?,haki,easy,https://onepiece.fandom.com/wiki/List_of_Canon_Characters
One Piece,Kaku,Male,CP0 / former CP9,government agent,Ushi Ushi no Mi: Model Giraffe,Armament Haki;Observation Haki,Rokushiki and swords,Water 7;Enies Lobby;Egghead,,,,,uses haki,Does your character use Haki?,haki,easy,https://onepiece.fandom.com/wiki/List_of_Canon_Characters
One Piece,Kaku,Male,CP0 / former CP9,government agent,Ushi Ushi no Mi: Model Giraffe,Armament Haki;Observation Haki,Rokushiki and swords,Water 7;Enies Lobby;Egghead,,,,,role government agent,Is your character a government agent?,role,easy,https://onepiece.fandom.com/wiki/List_of_Canon_Characters
One Piece,Kaku,Male,CP0 / former CP9,government agent,Ushi Ushi no Mi: Model Giraffe,Armament Haki;Observation Haki,Rokushiki and swords,Water 7;Enies Lobby;Egghead,,,,,signature kaku,Is your character the long-nosed government agent who transforms into a giraffe and uses swords?,signature fact,hard,https://onepiece.fandom.com/wiki/List_of_Canon_Characters
One Piece,Kalifa,Female,CP0 / former CP9,government agent,Awa Awa no Mi,Armament Haki;Observation Haki,Rokushiki and bubbles,Water 7;Enies Lobby,,,,,affiliation cp0,Is your character affiliated with CP0?,affiliation,easy,https://onepiece.fandom.com/wiki/List_of_Canon_Characters
One Piece,Kalifa,Female,CP0 / former CP9,government agent,Awa Awa no Mi,Armament Haki;Observation Haki,Rokushiki and bubbles,Water 7;Enies Lobby,,,,,affiliation former cp9,Is your character affiliated with former CP9?,affiliation,easy,https://onepiece.fandom.com/wiki/List_of_Canon_Characters
One Piece,Kalifa,Female,CP0 / former CP9,government agent,Awa Awa no Mi,Armament Haki;Observation Haki,Rokushiki and bubbles,Water 7;Enies Lobby,,,,,arc enies lobby,Is your character shown during the Enies Lobby arc?,arc appearance,medium,https://onepiece.fandom.com/wiki/List_of_Canon_Characters
One Piece,Kalifa,Female,CP0 / former CP9,government agent,Awa Awa no Mi,Armament Haki;Observation Haki,Rokushiki and bubbles,Water 7;Enies Lobby,,,,,arc water 7,Is your character shown during the Water 7 arc?,arc appearance,medium,https://onepiece.fandom.com/wiki/List_of_Canon_Characters
One Piece,Kalifa,Female,CP0 / former CP9,government agent,Awa Awa no Mi,Armament Haki;Observation Haki,Rokushiki and bubbles,Water 7;Enies Lobby,,,,,devil fruit awa awa no mi,Does your character use Awa Awa no Mi?,devil fruit,medium,https://onepiece.fandom.com/wiki/List_of_Canon_Characters
One Piece,Kalifa,Female,CP0 / former CP9,government agent,Awa Awa no Mi,Armament Haki;Observation Haki,Rokushiki and bubbles,Water 7;Enies Lobby,,,,,devil fruit user,Does your character use a Devil Fruit?,devil fruit,easy,https://onepiece.fandom.com/wiki/List_of_Canon_Characters
One Piece,Kalifa,Female,CP0 / former CP9,government agent,Awa Awa no Mi,Armament Haki;Observation Haki,Rokushiki and bubbles,Water 7;Enies Lobby,,,,,has devil fruit,Does your character have a Devil Fruit power?,devil fruit,easy,https://onepiece.fandom.com/wiki/List_of_Canon_Characters
One Piece,Kalifa,Female,CP0 / former CP9,government agent,Awa Awa no Mi,Armament Haki;Observation Haki,Rokushiki and bubbles,Water 7;Enies Lobby,,,,,fighting style rokushiki and bubbles,Does your character use Rokushiki and bubbles?,fighting style,medium,https://onepiece.fandom.com/wiki/List_of_Canon_Characters
One Piece,Kalifa,Female,CP0 / former CP9,government agent,Awa Awa no Mi,Armament Haki;Observation Haki,Rokushiki and bubbles,Water 7;Enies Lobby,,,,,gender female,Is your character female?,gender,easy,https://onepiece.fandom.com/wiki/List_of_Canon_Characters
One Piece,Kalifa,Female,CP0 / former CP9,government agent,Awa Awa no Mi,Armament Haki;Observation Haki,Rokushiki and bubbles,Water 7;Enies Lobby,,,,,armament haki,Does your character use Armament Haki?,haki,easy,https://onepiece.fandom.com/wiki/List_of_Canon_Characters
One Piece,Kalifa,Female,CP0 / former CP9,government agent,Awa Awa no Mi,Armament Haki;Observation Haki,Rokushiki and bubbles,Water 7;Enies Lobby,,,,,observation haki,Does your character use Observation Haki?,haki,easy,https://onepiece.fandom.com/wiki/List_of_Canon_Characters
One Piece,Kalifa,Female,CP0 / former CP9,government agent,Awa Awa no Mi,Armament Haki;Observation Haki,Rokushiki and bubbles,Water 7;Enies Lobby,,,,,uses haki,Does your character use Haki?,haki,easy,https://onepiece.fandom.com/wiki/List_of_Canon_Characters
One Piece,Kalifa,Female,CP0 / former CP9,government agent,Awa Awa no Mi,Armament Haki;Observation Haki,Rokushiki and bubbles,Water 7;Enies Lobby,,,,,role government agent,Is your character a government agent?,role,easy,https://onepiece.fandom.com/wiki/List_of_Canon_Characters
One Piece,Kalifa,Female,CP0 / former CP9,government agent,Awa Awa no Mi,Armament Haki;Observation Haki,Rokushiki and bubbles,Water 7;Enies Lobby,,,,,signature kalifa,Is your character the female former CP9 agent who creates soap bubbles with a Devil Fruit?,signature fact,hard,https://onepiece.fandom.com/wiki/List_of_Canon_Characters
One Piece,Kanjuro,Male,Kurozumi Family,Spy / Artist,Fude Fude no Mi,None,Ink creation,Wano,,,,,affiliation kurozumi family,Is your character affiliated with Kurozumi Family?,affiliation,easy,User-provided One Piece table dated 2025-11-02
One Piece,Kanjuro,Male,Kurozumi Family,Spy / Artist,Fude Fude no Mi,None,Ink creation,Wano,,,,,arc wano country,Is your character shown during the Wano Country arc?,arc appearance,medium,User-provided One Piece table dated 2025-11-02
One Piece,Kanjuro,Male,Kurozumi Family,Spy / Artist,Fude Fude no Mi,None,Ink creation,Wano,,,,,devil fruit fude fude no mi,Does your character use Fude Fude no Mi?,devil fruit,medium,User-provided One Piece table dated 2025-11-02
One Piece,Kanjuro,Male,Kurozumi Family,Spy / Artist,Fude Fude no Mi,None,Ink creation,Wano,,,,,devil fruit user,Does your character use a Devil Fruit?,devil fruit,easy,User-provided One Piece table dated 2025-11-02
One Piece,Kanjuro,Male,Kurozumi Family,Spy / Artist,Fude Fude no Mi,None,Ink creation,Wano,,,,,has devil fruit,Does your character have a Devil Fruit power?,devil fruit,easy,User-provided One Piece table dated 2025-11-02
One Piece,Kanjuro,Male,Kurozumi Family,Spy / Artist,Fude Fude no Mi,None,Ink creation,Wano,,,,,fighting style ink creation,Does your character create things using ink?,fighting style,medium,User-provided One Piece table dated 2025-11-02
One Piece,Kanjuro,Male,Kurozumi Family,Spy / Artist,Fude Fude no Mi,None,Ink creation,Wano,,,,,gender male,Is your character male?,gender,easy,User-provided One Piece table dated 2025-11-02
One Piece,Kanjuro,Male,Kurozumi Family,Spy / Artist,Fude Fude no Mi,None,Ink creation,Wano,,,,,role artist,Is your character a artist?,role,easy,User-provided One Piece table dated 2025-11-02
One Piece,Kanjuro,Male,Kurozumi Family,Spy / Artist,Fude Fude no Mi,None,Ink creation,Wano,,,,,role spy,Is your character a spy?,role,easy,User-provided One Piece table dated 2025-11-02
One Piece,Kanjuro,Male,Kurozumi Family,Spy / Artist,Fude Fude no Mi,None,Ink creation,Wano,,,,,signature kanjuro,Is your character a Kurozumi Family spy and artist who uses the Fude Fude no Mi?,signature fact,medium,User-provided One Piece table dated 2025-11-02
One Piece,Karoo,Male,Arabasta Kingdom / Supersonic Duck Squadron,royal companion,,,running and carrying riders,Alabasta,,,,,affiliation arabasta kingdom,Is your character affiliated with Arabasta Kingdom?,affiliation,easy,https://onepiece.fandom.com/wiki/List_of_Canon_Characters
One Piece,Karoo,Male,Arabasta Kingdom / Supersonic Duck Squadron,royal companion,,,running and carrying riders,Alabasta,,,,,affiliation supersonic duck squadron,Is your character affiliated with Supersonic Duck Squadron?,affiliation,easy,https://onepiece.fandom.com/wiki/List_of_Canon_Characters
One Piece,Karoo,Male,Arabasta Kingdom / Supersonic Duck Squadron,royal companion,,,running and carrying riders,Alabasta,,,,,arc alabasta,Is your character shown during the Alabasta arc?,arc appearance,medium,https://onepiece.fandom.com/wiki/List_of_Canon_Characters
One Piece,Karoo,Male,Arabasta Kingdom / Supersonic Duck Squadron,royal companion,,,running and carrying riders,Alabasta,,,,,fighting style running and carrying riders,Does your character use running and carrying riders?,fighting style,medium,https://onepiece.fandom.com/wiki/List_of_Canon_Characters
One Piece,Karoo,Male,Arabasta Kingdom / Supersonic Duck Squadron,royal companion,,,running and carrying riders,Alabasta,,,,,gender male,Is your character male?,gender,easy,https://onepiece.fandom.com/wiki/List_of_Canon_Characters
One Piece,Karoo,Male,Arabasta Kingdom / Supersonic Duck Squadron,royal companion,,,running and carrying riders,Alabasta,,,,,role royal companion,Is your character a royal companion?,role,easy,https://onepiece.fandom.com/wiki/List_of_Canon_Characters
One Piece,Karoo,Male,Arabasta Kingdom / Supersonic Duck Squadron,royal companion,,,running and carrying riders,Alabasta,,,,,signature karoo,Is your character a super spot-billed duck who serves the Arabasta royal family?,signature fact,hard,https://onepiece.fandom.com/wiki/List_of_Canon_Characters
One Piece,Karoo,Male,Arabasta Kingdom / Supersonic Duck Squadron,royal companion,,,running and carrying riders,Alabasta,,,,,species super spot-billed duck,Is your character a super spot-billed duck?,species,easy,https://onepiece.fandom.com/wiki/List_of_Canon_Characters
One Piece,Kaya,Female,Syrup Village,doctor in training,,,,East Blue,,,,,affiliation syrup village,Is your character affiliated with Syrup Village?,affiliation,easy,https://onepiece.fandom.com/wiki/List_of_Canon_Characters
One Piece,Kaya,Female,Syrup Village,doctor in training,,,,East Blue,,,,,saga east blue,Is your character shown during the East Blue saga?,arc appearance,medium,https://onepiece.fandom.com/wiki/List_of_Canon_Characters
One Piece,Kaya,Female,Syrup Village,doctor in training,,,,East Blue,,,,,gender female,Is your character female?,gender,easy,https://onepiece.fandom.com/wiki/List_of_Canon_Characters
One Piece,Kaya,Female,Syrup Village,doctor in training,,,,East Blue,,,,,role doctor in training,Is your character a doctor in training?,role,easy,https://onepiece.fandom.com/wiki/List_of_Canon_Characters
One Piece,Kaya,Female,Syrup Village,doctor in training,,,,East Blue,,,,,signature kaya,Is your character the wealthy girl from Syrup Village who studies medicine and received the Going Merry?,signature fact,hard,https://onepiece.fandom.com/wiki/List_of_Canon_Characters
One Piece,Killer,Male,Kid Pirates,Right Hand,None,"Armament, Observation",Dual scythes,Wano,,,,,affiliation kid pirates,Is your character affiliated with Kid Pirates?,affiliation,easy,User-provided One Piece table dated 2025-11-02
One Piece,Killer,Male,Kid Pirates,Right Hand,None,"Armament, Observation",Dual scythes,Wano,,,,,arc wano country,Is your character shown during the Wano Country arc?,arc appearance,medium,User-provided One Piece table dated 2025-11-02
One Piece,Killer,Male,Kid Pirates,Right Hand,None,"Armament, Observation",Dual scythes,Wano,,,,,fighting style dual scythes,Does your character fight with two scythes?,fighting style,medium,User-provided One Piece table dated 2025-11-02
One Piece,Killer,Male,Kid Pirates,Right Hand,None,"Armament, Observation",Dual scythes,Wano,,,,,gender male,Is your character male?,gender,easy,User-provided One Piece table dated 2025-11-02
One Piece,Killer,Male,Kid Pirates,Right Hand,None,"Armament, Observation",Dual scythes,Wano,,,,,armament haki,Does your character use Armament Haki?,haki,easy,User-provided One Piece table dated 2025-11-02
One Piece,Killer,Male,Kid Pirates,Right Hand,None,"Armament, Observation",Dual scythes,Wano,,,,,observation haki,Does your character use Observation Haki?,haki,easy,User-provided One Piece table dated 2025-11-02
One Piece,Killer,Male,Kid Pirates,Right Hand,None,"Armament, Observation",Dual scythes,Wano,,,,,uses haki,Does your character use Haki?,haki,easy,User-provided One Piece table dated 2025-11-02
One Piece,Killer,Male,Kid Pirates,Right Hand,None,"Armament, Observation",Dual scythes,Wano,,,,,role right hand,Is your character a right hand?,role,easy,User-provided One Piece table dated 2025-11-02
One Piece,Killer,Male,Kid Pirates,Right Hand,None,"Armament, Observation",Dual scythes,Wano,,,,,signature killer,Is your character the Kid Pirates' right-hand fighter who uses dual scythes?,signature clue,medium,User-provided One Piece table dated 2025-11-02
One Piece,Kin'emon,Male,Nine Red Scabbards,Samurai,Fuku Fuku no Mi,Armament,Swordsmanship,Wano,,,,,affiliation nine red scabbards,Is your character affiliated with Nine Red Scabbards?,affiliation,easy,User-provided One Piece table dated 2025-11-02
One Piece,Kin'emon,Male,Nine Red Scabbards,Samurai,Fuku Fuku no Mi,Armament,Swordsmanship,Wano,,,,,arc wano country,Is your character shown during the Wano Country arc?,arc appearance,medium,User-provided One Piece table dated 2025-11-02
One Piece,Kin'emon,Male,Nine Red Scabbards,Samurai,Fuku Fuku no Mi,Armament,Swordsmanship,Wano,,,,,devil fruit fuku fuku no mi,Does your character use Fuku Fuku no Mi?,devil fruit,medium,User-provided One Piece table dated 2025-11-02
One Piece,Kin'emon,Male,Nine Red Scabbards,Samurai,Fuku Fuku no Mi,Armament,Swordsmanship,Wano,,,,,devil fruit user,Does your character use a Devil Fruit?,devil fruit,easy,User-provided One Piece table dated 2025-11-02
One Piece,Kin'emon,Male,Nine Red Scabbards,Samurai,Fuku Fuku no Mi,Armament,Swordsmanship,Wano,,,,,has devil fruit,Does your character have a Devil Fruit power?,devil fruit,easy,User-provided One Piece table dated 2025-11-02
One Piece,Kin'emon,Male,Nine Red Scabbards,Samurai,Fuku Fuku no Mi,Armament,Swordsmanship,Wano,,,,,fighting style swordsmanship,Does your character fight with a sword?,fighting style,medium,User-provided One Piece table dated 2025-11-02
One Piece,Kin'emon,Male,Nine Red Scabbards,Samurai,Fuku Fuku no Mi,Armament,Swordsmanship,Wano,,,,,gender male,Is your character male?,gender,easy,User-provided One Piece table dated 2025-11-02
One Piece,Kin'emon,Male,Nine Red Scabbards,Samurai,Fuku Fuku no Mi,Armament,Swordsmanship,Wano,,,,,armament haki,Does your character use Armament Haki?,haki,easy,User-provided One Piece table dated 2025-11-02
One Piece,Kin'emon,Male,Nine Red Scabbards,Samurai,Fuku Fuku no Mi,Armament,Swordsmanship,Wano,,,,,uses haki,Does your character use Haki?,haki,easy,User-provided One Piece table dated 2025-11-02
One Piece,Kin'emon,Male,Nine Red Scabbards,Samurai,Fuku Fuku no Mi,Armament,Swordsmanship,Wano,,,,,role samurai,Is your character a samurai?,role,easy,User-provided One Piece table dated 2025-11-02
One Piece,Kin'emon,Male,Nine Red Scabbards,Samurai,Fuku Fuku no Mi,Armament,Swordsmanship,Wano,,,,,signature kin'emon,Is your character a member of the Nine Red Scabbards who uses the Fuku Fuku no Mi?,signature fact,medium,User-provided One Piece table dated 2025-11-02
One Piece,King,Male,Beasts Pirates,all-star commander,Ryu Ryu no Mi: Model Pteranodon,Armament Haki;Observation Haki,"sword, flames, and pteranodon form",Wano,,,,,affiliation beasts pirates,Is your character affiliated with Beasts Pirates?,affiliation,easy,https://onepiece.fandom.com/wiki/List_of_Canon_Characters
One Piece,King,Male,Beasts Pirates,all-star commander,Ryu Ryu no Mi: Model Pteranodon,Armament Haki;Observation Haki,"sword, flames, and pteranodon form",Wano,,,,,arc wano country,Is your character shown during the Wano Country arc?,arc appearance,medium,https://onepiece.fandom.com/wiki/List_of_Canon_Characters
One Piece,King,Male,Beasts Pirates,all-star commander,Ryu Ryu no Mi: Model Pteranodon,Armament Haki;Observation Haki,"sword, flames, and pteranodon form",Wano,,,,,devil fruit ryu ryu no mi: model pteranodon,Does your character use Ryu Ryu no Mi: Model Pteranodon?,devil fruit,medium,https://onepiece.fandom.com/wiki/List_of_Canon_Characters
One Piece,King,Male,Beasts Pirates,all-star commander,Ryu Ryu no Mi: Model Pteranodon,Armament Haki;Observation Haki,"sword, flames, and pteranodon form",Wano,,,,,devil fruit user,Does your character use a Devil Fruit?,devil fruit,easy,https://onepiece.fandom.com/wiki/List_of_Canon_Characters
One Piece,King,Male,Beasts Pirates,all-star commander,Ryu Ryu no Mi: Model Pteranodon,Armament Haki;Observation Haki,"sword, flames, and pteranodon form",Wano,,,,,has devil fruit,Does your character have a Devil Fruit power?,devil fruit,easy,https://onepiece.fandom.com/wiki/List_of_Canon_Characters
One Piece,King,Male,Beasts Pirates,all-star commander,Ryu Ryu no Mi: Model Pteranodon,Armament Haki;Observation Haki,"sword, flames, and pteranodon form",Wano,,,,,"fighting style sword, flames, and pteranodon form","Does your character use sword, flames, and pteranodon form?",fighting style,medium,https://onepiece.fandom.com/wiki/List_of_Canon_Characters
One Piece,King,Male,Beasts Pirates,all-star commander,Ryu Ryu no Mi: Model Pteranodon,Armament Haki;Observation Haki,"sword, flames, and pteranodon form",Wano,,,,,gender male,Is your character male?,gender,easy,https://onepiece.fandom.com/wiki/List_of_Canon_Characters
One Piece,King,Male,Beasts Pirates,all-star commander,Ryu Ryu no Mi: Model Pteranodon,Armament Haki;Observation Haki,"sword, flames, and pteranodon form",Wano,,,,,armament haki,Does your character use Armament Haki?,haki,easy,https://onepiece.fandom.com/wiki/List_of_Canon_Characters
One Piece,King,Male,Beasts Pirates,all-star commander,Ryu Ryu no Mi: Model Pteranodon,Armament Haki;Observation Haki,"sword, flames, and pteranodon form",Wano,,,,,observation haki,Does your character use Observation Haki?,haki,easy,https://onepiece.fandom.com/wiki/List_of_Canon_Characters
One Piece,King,Male,Beasts Pirates,all-star commander,Ryu Ryu no Mi: Model Pteranodon,Armament Haki;Observation Haki,"sword, flames, and pteranodon form",Wano,,,,,uses haki,Does your character use Haki?,haki,easy,https://onepiece.fandom.com/wiki/List_of_Canon_Characters
One Piece,King,Male,Beasts Pirates,all-star commander,Ryu Ryu no Mi: Model Pteranodon,Armament Haki;Observation Haki,"sword, flames, and pteranodon form",Wano,,,,,role all-star commander,Is your character a all-star commander?,role,easy,https://onepiece.fandom.com/wiki/List_of_Canon_Characters
One Piece,King,Male,Beasts Pirates,all-star commander,Ryu Ryu no Mi: Model Pteranodon,Armament Haki;Observation Haki,"sword, flames, and pteranodon form",Wano,,,,,signature king,Is your character the masked Lunarian All-Star who transforms into a pteranodon?,signature fact,hard,https://onepiece.fandom.com/wiki/List_of_Canon_Characters
One Piece,King,Male,Beasts Pirates,all-star commander,Ryu Ryu no Mi: Model Pteranodon,Armament Haki;Observation Haki,"sword, flames, and pteranodon form",Wano,,,,,species lunarian,Is your character a lunarian?,species,easy,https://onepiece.fandom.com/wiki/List_of_Canon_Characters
One Piece,Koby,Male,Marines / SWORD,marine officer,,Observation Haki,Rokushiki,East Blue;Egghead,,,,,affiliation marines,Is your character affiliated with Marines?,affiliation,easy,https://onepiece.fandom.com/wiki/List_of_Canon_Characters
One Piece,Koby,Male,Marines / SWORD,marine officer,,Observation Haki,Rokushiki,East Blue;Egghead,,,,,affiliation sword,Is your character affiliated with SWORD?,affiliation,easy,https://onepiece.fandom.com/wiki/List_of_Canon_Characters
One Piece,Koby,Male,Marines / SWORD,marine officer,,Observation Haki,Rokushiki,East Blue;Egghead,,,,,arc egghead,Is your character shown during the Egghead arc?,arc appearance,medium,https://onepiece.fandom.com/wiki/List_of_Canon_Characters
One Piece,Koby,Male,Marines / SWORD,marine officer,,Observation Haki,Rokushiki,East Blue;Egghead,,,,,saga east blue,Is your character shown during the East Blue saga?,arc appearance,medium,https://onepiece.fandom.com/wiki/List_of_Canon_Characters
One Piece,Koby,Male,Marines / SWORD,marine officer,,Observation Haki,Rokushiki,East Blue;Egghead,,,,,fighting style rokushiki,Does your character use Rokushiki?,fighting style,medium,https://onepiece.fandom.com/wiki/List_of_Canon_Characters
One Piece,Koby,Male,Marines / SWORD,marine officer,,Observation Haki,Rokushiki,East Blue;Egghead,,,,,gender male,Is your character male?,gender,easy,https://onepiece.fandom.com/wiki/List_of_Canon_Characters
One Piece,Koby,Male,Marines / SWORD,marine officer,,Observation Haki,Rokushiki,East Blue;Egghead,,,,,observation haki,Does your character use Observation Haki?,haki,easy,https://onepiece.fandom.com/wiki/List_of_Canon_Characters
One Piece,Koby,Male,Marines / SWORD,marine officer,,Observation Haki,Rokushiki,East Blue;Egghead,,,,,uses haki,Does your character use Haki?,haki,easy,https://onepiece.fandom.com/wiki/List_of_Canon_Characters
One Piece,Koby,Male,Marines / SWORD,marine officer,,Observation Haki,Rokushiki,East Blue;Egghead,,,,,role marine officer,Is your character a marine officer?,role,easy,https://onepiece.fandom.com/wiki/List_of_Canon_Characters
One Piece,Kokoro,Female,Sea Train / Tom’s Workers,stationmaster and former secretary,,,sea travel,Water 7;Enies Lobby,,,,,affiliation sea train,Is your character affiliated with Sea Train?,affiliation,easy,https://onepiece.fandom.com/wiki/List_of_Canon_Characters
One Piece,Kokoro,Female,Sea Train / Tom’s Workers,stationmaster and former secretary,,,sea travel,Water 7;Enies Lobby,,,,,affiliation tom's workers,Is your character affiliated with Tom’s Workers?,affiliation,easy,https://onepiece.fandom.com/wiki/List_of_Canon_Characters
One Piece,Kokoro,Female,Sea Train / Tom’s Workers,stationmaster and former secretary,,,sea travel,Water 7;Enies Lobby,,,,,arc enies lobby,Is your character shown during the Enies Lobby arc?,arc appearance,medium,https://onepiece.fandom.com/wiki/List_of_Canon_Characters
One Piece,Kokoro,Female,Sea Train / Tom’s Workers,stationmaster and former secretary,,,sea travel,Water 7;Enies Lobby,,,,,arc water 7,Is your character shown during the Water 7 arc?,arc appearance,medium,https://onepiece.fandom.com/wiki/List_of_Canon_Characters
One Piece,Kokoro,Female,Sea Train / Tom’s Workers,stationmaster and former secretary,,,sea travel,Water 7;Enies Lobby,,,,,fighting style sea travel,Does your character use sea travel?,fighting style,medium,https://onepiece.fandom.com/wiki/List_of_Canon_Characters
One Piece,Kokoro,Female,Sea Train / Tom’s Workers,stationmaster and former secretary,,,sea travel,Water 7;Enies Lobby,,,,,gender female,Is your character female?,gender,easy,https://onepiece.fandom.com/wiki/List_of_Canon_Characters
One Piece,Kokoro,Female,Sea Train / Tom’s Workers,stationmaster and former secretary,,,sea travel,Water 7;Enies Lobby,,,,,role stationmaster and former secretary,Is your character a stationmaster and former secretary?,role,easy,https://onepiece.fandom.com/wiki/List_of_Canon_Characters
One Piece,Kokoro,Female,Sea Train / Tom’s Workers,stationmaster and former secretary,,,sea travel,Water 7;Enies Lobby,,,,,signature kokoro,Is your character the elderly mermaid who works as a sea-train stationmaster?,signature fact,hard,https://onepiece.fandom.com/wiki/List_of_Canon_Characters
One Piece,Kokoro,Female,Sea Train / Tom’s Workers,stationmaster and former secretary,,,sea travel,Water 7;Enies Lobby,,,,,species mermaid,Is your character a mermaid?,species,easy,https://onepiece.fandom.com/wiki/List_of_Canon_Characters
One Piece,Koza,Male,Arabasta Rebel Army,rebel leader,,,sword and firearms,Alabasta,,,,,affiliation arabasta rebel army,Is your character affiliated with Arabasta Rebel Army?,affiliation,easy,https://onepiece.fandom.com/wiki/List_of_Canon_Characters
One Piece,Koza,Male,Arabasta Rebel Army,rebel leader,,,sword and firearms,Alabasta,,,,,arc alabasta,Is your character shown during the Alabasta arc?,arc appearance,medium,https://onepiece.fandom.com/wiki/List_of_Canon_Characters
One Piece,Koza,Male,Arabasta Rebel Army,rebel leader,,,sword and firearms,Alabasta,,,,,fighting style sword and firearms,Does your character use sword and firearms?,fighting style,medium,https://onepiece.fandom.com/wiki/List_of_Canon_Characters
One Piece,Koza,Male,Arabasta Rebel Army,rebel leader,,,sword and firearms,Alabasta,,,,,gender male,Is your character male?,gender,easy,https://onepiece.fandom.com/wiki/List_of_Canon_Characters
One Piece,Koza,Male,Arabasta Rebel Army,rebel leader,,,sword and firearms,Alabasta,,,,,role rebel leader,Is your character a rebel leader?,role,easy,https://onepiece.fandom.com/wiki/List_of_Canon_Characters
One Piece,Koza,Male,Arabasta Rebel Army,rebel leader,,,sword and firearms,Alabasta,,,,,signature koza,Is your character the leader of the Arabasta rebel army and a childhood friend of the kingdom princess?,signature fact,hard,https://onepiece.fandom.com/wiki/List_of_Canon_Characters
One Piece,Kozuki Oden,Male,Wano / Roger Pirates,Daimyo / Samurai,None,All 3,Dual swords,Wano,,,,,affiliation wano roger pirates,Is your character affiliated with Wano / Roger Pirates?,affiliation,easy,User-provided One Piece table dated 2025-11-02
One Piece,Kozuki Oden,Male,Wano / Roger Pirates,Daimyo / Samurai,None,All 3,Dual swords,Wano,,,,,arc wano country,Is your character shown during the Wano Country arc?,arc appearance,medium,User-provided One Piece table dated 2025-11-02
One Piece,Kozuki Oden,Male,Wano / Roger Pirates,Daimyo / Samurai,None,All 3,Dual swords,Wano,,,,,fighting style dual swords,Does your character fight with two swords?,fighting style,medium,User-provided One Piece table dated 2025-11-02
One Piece,Kozuki Oden,Male,Wano / Roger Pirates,Daimyo / Samurai,None,All 3,Dual swords,Wano,,,,,gender male,Is your character male?,gender,easy,User-provided One Piece table dated 2025-11-02
One Piece,Kozuki Oden,Male,Wano / Roger Pirates,Daimyo / Samurai,None,All 3,Dual swords,Wano,,,,,all three haki types,Does your character use all three types of Haki?,haki,easy,User-provided One Piece table dated 2025-11-02
One Piece,Kozuki Oden,Male,Wano / Roger Pirates,Daimyo / Samurai,None,All 3,Dual swords,Wano,,,,,armament haki,Does your character use Armament Haki?,haki,easy,User-provided One Piece table dated 2025-11-02
One Piece,Kozuki Oden,Male,Wano / Roger Pirates,Daimyo / Samurai,None,All 3,Dual swords,Wano,,,,,conquerors haki,Does your character use Conqueror's Haki?,haki,easy,User-provided One Piece table dated 2025-11-02
One Piece,Kozuki Oden,Male,Wano / Roger Pirates,Daimyo / Samurai,None,All 3,Dual swords,Wano,,,,,observation haki,Does your character use Observation Haki?,haki,easy,User-provided One Piece table dated 2025-11-02
One Piece,Kozuki Oden,Male,Wano / Roger Pirates,Daimyo / Samurai,None,All 3,Dual swords,Wano,,,,,uses haki,Does your character use Haki?,haki,easy,User-provided One Piece table dated 2025-11-02
One Piece,Kozuki Oden,Male,Wano / Roger Pirates,Daimyo / Samurai,None,All 3,Dual swords,Wano,,,,,role daimyo,Is your character a daimyo?,role,easy,User-provided One Piece table dated 2025-11-02
One Piece,Kozuki Oden,Male,Wano / Roger Pirates,Daimyo / Samurai,None,All 3,Dual swords,Wano,,,,,role samurai,Is your character a samurai?,role,easy,User-provided One Piece table dated 2025-11-02
One Piece,Kozuki Oden,Male,Wano / Roger Pirates,Daimyo / Samurai,None,All 3,Dual swords,Wano,,,,,signature kozuki oden,Is your character a Wano daimyo and samurai who fought with two swords and sailed with the Roger Pirates?,signature fact,medium,User-provided One Piece table dated 2025-11-02
One Piece,Kuro,Male,Black Cat Pirates,former pirate captain,,,cat-claw blades,East Blue,,,,,affiliation black cat pirates,Is your character affiliated with Black Cat Pirates?,affiliation,easy,https://onepiece.fandom.com/wiki/List_of_Canon_Characters
One Piece,Kuro,Male,Black Cat Pirates,former pirate captain,,,cat-claw blades,East Blue,,,,,saga east blue,Is your character shown during the East Blue saga?,arc appearance,medium,https://onepiece.fandom.com/wiki/List_of_Canon_Characters
One Piece,Kuro,Male,Black Cat Pirates,former pirate captain,,,cat-claw blades,East Blue,,,,,fighting style cat-claw blades,Does your character use cat-claw blades?,fighting style,medium,https://onepiece.fandom.com/wiki/List_of_Canon_Characters
One Piece,Kuro,Male,Black Cat Pirates,former pirate captain,,,cat-claw blades,East Blue,,,,,gender male,Is your character male?,gender,easy,https://onepiece.fandom.com/wiki/List_of_Canon_Characters
One Piece,Kuro,Male,Black Cat Pirates,former pirate captain,,,cat-claw blades,East Blue,,,,,role former pirate captain,Is your character a former pirate captain?,role,easy,https://onepiece.fandom.com/wiki/List_of_Canon_Characters
One Piece,Kuro,Male,Black Cat Pirates,former pirate captain,,,cat-claw blades,East Blue,,,,,signature kuro,Is your character the former Black Cat Pirates captain who fights with long cat-claw blades?,signature fact,hard,https://onepiece.fandom.com/wiki/List_of_Canon_Characters
One Piece,Kuroobi,Male,Arlong Pirates,pirate officer,,,fish-man karate,East Blue,,,,,affiliation arlong pirates,Is your character affiliated with Arlong Pirates?,affiliation,easy,https://onepiece.fandom.com/wiki/List_of_Canon_Characters
One Piece,Kuroobi,Male,Arlong Pirates,pirate officer,,,fish-man karate,East Blue,,,,,saga east blue,Is your character shown during the East Blue saga?,arc appearance,medium,https://onepiece.fandom.com/wiki/List_of_Canon_Characters
One Piece,Kuroobi,Male,Arlong Pirates,pirate officer,,,fish-man karate,East Blue,,,,,fighting style fish-man karate,Does your character use fish-man karate?,fighting style,medium,https://onepiece.fandom.com/wiki/List_of_Canon_Characters
One Piece,Kuroobi,Male,Arlong Pirates,pirate officer,,,fish-man karate,East Blue,,,,,gender male,Is your character male?,gender,easy,https://onepiece.fandom.com/wiki/List_of_Canon_Characters
One Piece,Kuroobi,Male,Arlong Pirates,pirate officer,,,fish-man karate,East Blue,,,,,role pirate officer,Is your character a pirate officer?,role,easy,https://onepiece.fandom.com/wiki/List_of_Canon_Characters
One Piece,Kuroobi,Male,Arlong Pirates,pirate officer,,,fish-man karate,East Blue,,,,,signature kuroobi,Is your character the ray fish-man officer of the Arlong Pirates who uses Fish-Man Karate?,signature fact,hard,https://onepiece.fandom.com/wiki/List_of_Canon_Characters
One Piece,Kuroobi,Male,Arlong Pirates,pirate officer,,,fish-man karate,East Blue,,,,,species ray fish-man,Is your character a ray fish-man?,species,easy,https://onepiece.fandom.com/wiki/List_of_Canon_Characters
One Piece,Kuzan (Aokiji),Male,Former Marines,Ex-Admiral,Hie Hie no Mi,"Armament, Observation",Ice powers,"Marineford, Punk Hazard",,,,,affiliation former marines,Is your character affiliated with Former Marines?,affiliation,easy,User-provided One Piece table dated 2025-11-02
One Piece,Kuzan (Aokiji),Male,Former Marines,Ex-Admiral,Hie Hie no Mi,"Armament, Observation",Ice powers,"Marineford, Punk Hazard",,,,,arc marineford,Is your character shown during the Marineford arc?,arc appearance,medium,User-provided One Piece table dated 2025-11-02
One Piece,Kuzan (Aokiji),Male,Former Marines,Ex-Admiral,Hie Hie no Mi,"Armament, Observation",Ice powers,"Marineford, Punk Hazard",,,,,arc punk hazard,Is your character shown during the Punk Hazard arc?,arc appearance,medium,User-provided One Piece table dated 2025-11-02
One Piece,Kuzan (Aokiji),Male,Former Marines,Ex-Admiral,Hie Hie no Mi,"Armament, Observation",Ice powers,"Marineford, Punk Hazard",,,,,devil fruit hie hie no mi,Does your character use Hie Hie no Mi?,devil fruit,medium,User-provided One Piece table dated 2025-11-02
One Piece,Kuzan (Aokiji),Male,Former Marines,Ex-Admiral,Hie Hie no Mi,"Armament, Observation",Ice powers,"Marineford, Punk Hazard",,,,,devil fruit user,Does your character use a Devil Fruit?,devil fruit,easy,User-provided One Piece table dated 2025-11-02
One Piece,Kuzan (Aokiji),Male,Former Marines,Ex-Admiral,Hie Hie no Mi,"Armament, Observation",Ice powers,"Marineford, Punk Hazard",,,,,has devil fruit,Does your character have a Devil Fruit power?,devil fruit,easy,User-provided One Piece table dated 2025-11-02
One Piece,Kuzan (Aokiji),Male,Former Marines,Ex-Admiral,Hie Hie no Mi,"Armament, Observation",Ice powers,"Marineford, Punk Hazard",,,,,fighting style ice powers,Does your character use ice powers?,fighting style,medium,User-provided One Piece table dated 2025-11-02
One Piece,Kuzan (Aokiji),Male,Former Marines,Ex-Admiral,Hie Hie no Mi,"Armament, Observation",Ice powers,"Marineford, Punk Hazard",,,,,gender male,Is your character male?,gender,easy,User-provided One Piece table dated 2025-11-02
One Piece,Kuzan (Aokiji),Male,Former Marines,Ex-Admiral,Hie Hie no Mi,"Armament, Observation",Ice powers,"Marineford, Punk Hazard",,,,,armament haki,Does your character use Armament Haki?,haki,easy,User-provided One Piece table dated 2025-11-02
One Piece,Kuzan (Aokiji),Male,Former Marines,Ex-Admiral,Hie Hie no Mi,"Armament, Observation",Ice powers,"Marineford, Punk Hazard",,,,,observation haki,Does your character use Observation Haki?,haki,easy,User-provided One Piece table dated 2025-11-02
One Piece,Kuzan (Aokiji),Male,Former Marines,Ex-Admiral,Hie Hie no Mi,"Armament, Observation",Ice powers,"Marineford, Punk Hazard",,,,,uses haki,Does your character use Haki?,haki,easy,User-provided One Piece table dated 2025-11-02
One Piece,Kuzan (Aokiji),Male,Former Marines,Ex-Admiral,Hie Hie no Mi,"Armament, Observation",Ice powers,"Marineford, Punk Hazard",,,,,role ex-admiral,Is your character a ex-admiral?,role,easy,User-provided One Piece table dated 2025-11-02
One Piece,Kuzan (Aokiji),Male,Former Marines,Ex-Admiral,Hie Hie no Mi,"Armament, Observation",Ice powers,"Marineford, Punk Hazard",,,,,signature kuzan aokiji,Is your character a former admiral who uses the Hie Hie no Mi?,signature fact,medium,User-provided One Piece table dated 2025-11-02
One Piece,Kyros,Male,Dressrosa Kingdom,soldier and former gladiator,,Armament Haki;Observation Haki,one-legged swordsmanship,Dressrosa,,,,,affiliation dressrosa kingdom,Is your character affiliated with Dressrosa Kingdom?,affiliation,easy,https://onepiece.fandom.com/wiki/List_of_Canon_Characters
One Piece,Kyros,Male,Dressrosa Kingdom,soldier and former gladiator,,Armament Haki;Observation Haki,one-legged swordsmanship,Dressrosa,,,,,arc dressrosa,Is your character shown during the Dressrosa arc?,arc appearance,medium,https://onepiece.fandom.com/wiki/List_of_Canon_Characters
One Piece,Kyros,Male,Dressrosa Kingdom,soldier and former gladiator,,Armament Haki;Observation Haki,one-legged swordsmanship,Dressrosa,,,,,fighting style one-legged swordsmanship,Does your character use one-legged swordsmanship?,fighting style,medium,https://onepiece.fandom.com/wiki/List_of_Canon_Characters
One Piece,Kyros,Male,Dressrosa Kingdom,soldier and former gladiator,,Armament Haki;Observation Haki,one-legged swordsmanship,Dressrosa,,,,,gender male,Is your character male?,gender,easy,https://onepiece.fandom.com/wiki/List_of_Canon_Characters
One Piece,Kyros,Male,Dressrosa Kingdom,soldier and former gladiator,,Armament Haki;Observation Haki,one-legged swordsmanship,Dressrosa,,,,,armament haki,Does your character use Armament Haki?,haki,easy,https://onepiece.fandom.com/wiki/List_of_Canon_Characters
One Piece,Kyros,Male,Dressrosa Kingdom,soldier and former gladiator,,Armament Haki;Observation Haki,one-legged swordsmanship,Dressrosa,,,,,observation haki,Does your character use Observation Haki?,haki,easy,https://onepiece.fandom.com/wiki/List_of_Canon_Characters
One Piece,Kyros,Male,Dressrosa Kingdom,soldier and former gladiator,,Armament Haki;Observation Haki,one-legged swordsmanship,Dressrosa,,,,,uses haki,Does your character use Haki?,haki,easy,https://onepiece.fandom.com/wiki/List_of_Canon_Characters
One Piece,Kyros,Male,Dressrosa Kingdom,soldier and former gladiator,,Armament Haki;Observation Haki,one-legged swordsmanship,Dressrosa,,,,,role soldier and former gladiator,Is your character a soldier and former gladiator?,role,easy,https://onepiece.fandom.com/wiki/List_of_Canon_Characters
One Piece,Kyros,Male,Dressrosa Kingdom,soldier and former gladiator,,Armament Haki;Observation Haki,one-legged swordsmanship,Dressrosa,,,,,signature kyros,Is your character the one-legged former gladiator who was turned into a toy soldier?,signature fact,hard,https://onepiece.fandom.com/wiki/List_of_Canon_Characters
One Piece,Lassoo,Male,Baroque Works,weapon,Inu Inu no Mi: Model Dachshund,,baseball cannon,Alabasta,,,,,affiliation baroque works,Is your character affiliated with Baroque Works?,affiliation,easy,https://onepiece.fandom.com/wiki/List_of_Canon_Characters
One Piece,Lassoo,Male,Baroque Works,weapon,Inu Inu no Mi: Model Dachshund,,baseball cannon,Alabasta,,,,,arc alabasta,Is your character shown during the Alabasta arc?,arc appearance,medium,https://onepiece.fandom.com/wiki/List_of_Canon_Characters
One Piece,Lassoo,Male,Baroque Works,weapon,Inu Inu no Mi: Model Dachshund,,baseball cannon,Alabasta,,,,,devil fruit inu inu no mi: model dachshund,Does your character use Inu Inu no Mi: Model Dachshund?,devil fruit,medium,https://onepiece.fandom.com/wiki/List_of_Canon_Characters
One Piece,Lassoo,Male,Baroque Works,weapon,Inu Inu no Mi: Model Dachshund,,baseball cannon,Alabasta,,,,,devil fruit user,Does your character use a Devil Fruit?,devil fruit,easy,https://onepiece.fandom.com/wiki/List_of_Canon_Characters
One Piece,Lassoo,Male,Baroque Works,weapon,Inu Inu no Mi: Model Dachshund,,baseball cannon,Alabasta,,,,,has devil fruit,Does your character have a Devil Fruit power?,devil fruit,easy,https://onepiece.fandom.com/wiki/List_of_Canon_Characters
One Piece,Lassoo,Male,Baroque Works,weapon,Inu Inu no Mi: Model Dachshund,,baseball cannon,Alabasta,,,,,fighting style baseball cannon,Does your character use baseball cannon?,fighting style,medium,https://onepiece.fandom.com/wiki/List_of_Canon_Characters
One Piece,Lassoo,Male,Baroque Works,weapon,Inu Inu no Mi: Model Dachshund,,baseball cannon,Alabasta,,,,,gender male,Is your character male?,gender,easy,https://onepiece.fandom.com/wiki/List_of_Canon_Characters
One Piece,Lassoo,Male,Baroque Works,weapon,Inu Inu no Mi: Model Dachshund,,baseball cannon,Alabasta,,,,,role weapon,Is your character a weapon?,role,easy,https://onepiece.fandom.com/wiki/List_of_Canon_Characters
One Piece,Lassoo,Male,Baroque Works,weapon,Inu Inu no Mi: Model Dachshund,,baseball cannon,Alabasta,,,,,signature lassoo,Is your character a gun that ate a dachshund Devil Fruit and fires explosive baseballs?,signature fact,hard,https://onepiece.fandom.com/wiki/List_of_Canon_Characters
One Piece,Lassoo,Male,Baroque Works,weapon,Inu Inu no Mi: Model Dachshund,,baseball cannon,Alabasta,,,,,species gun-dog hybrid,Is your character a gun-dog hybrid?,species,easy,https://onepiece.fandom.com/wiki/List_of_Canon_Characters
One Piece,Lola,Female,Rolling Pirates,pirate captain,,,swordsmanship,Thriller Bark;Whole Cake Island,,,,,affiliation rolling pirates,Is your character affiliated with Rolling Pirates?,affiliation,easy,https://onepiece.fandom.com/wiki/List_of_Canon_Characters
One Piece,Lola,Female,Rolling Pirates,pirate captain,,,swordsmanship,Thriller Bark;Whole Cake Island,,,,,arc thriller bark,Is your character shown during the Thriller Bark arc?,arc appearance,medium,https://onepiece.fandom.com/wiki/List_of_Canon_Characters
One Piece,Lola,Female,Rolling Pirates,pirate captain,,,swordsmanship,Thriller Bark;Whole Cake Island,,,,,arc whole cake island,Is your character shown during the Whole Cake Island arc?,arc appearance,medium,https://onepiece.fandom.com/wiki/List_of_Canon_Characters
One Piece,Lola,Female,Rolling Pirates,pirate captain,,,swordsmanship,Thriller Bark;Whole Cake Island,,,,,fighting style swordsmanship,Does your character fight with a sword?,fighting style,medium,https://onepiece.fandom.com/wiki/List_of_Canon_Characters
One Piece,Lola,Female,Rolling Pirates,pirate captain,,,swordsmanship,Thriller Bark;Whole Cake Island,,,,,gender female,Is your character female?,gender,easy,https://onepiece.fandom.com/wiki/List_of_Canon_Characters
One Piece,Lola,Female,Rolling Pirates,pirate captain,,,swordsmanship,Thriller Bark;Whole Cake Island,,,,,role pirate captain,Is your character a pirate captain?,role,easy,https://onepiece.fandom.com/wiki/List_of_Canon_Characters
One Piece,Lola,Female,Rolling Pirates,pirate captain,,,swordsmanship,Thriller Bark;Whole Cake Island,,,,,signature lola,Is your character the Rolling Pirates captain who is one of the daughters of the Big Mom Pirates captain?,signature fact,hard,https://onepiece.fandom.com/wiki/List_of_Canon_Characters
One Piece,Lulu,Male,Galley-La Company,shipwright foreman,,,shipwright tools,Water 7,,,,,affiliation galley-la company,Is your character affiliated with Galley-La Company?,affiliation,easy,https://onepiece.fandom.com/wiki/List_of_Canon_Characters
One Piece,Lulu,Male,Galley-La Company,shipwright foreman,,,shipwright tools,Water 7,,,,,arc water 7,Is your character shown during the Water 7 arc?,arc appearance,medium,https://onepiece.fandom.com/wiki/List_of_Canon_Characters
One Piece,Lulu,Male,Galley-La Company,shipwright foreman,,,shipwright tools,Water 7,,,,,fighting style shipwright tools,Does your character use shipwright tools?,fighting style,medium,https://onepiece.fandom.com/wiki/List_of_Canon_Characters
One Piece,Lulu,Male,Galley-La Company,shipwright foreman,,,shipwright tools,Water 7,,,,,gender male,Is your character male?,gender,easy,https://onepiece.fandom.com/wiki/List_of_Canon_Characters
One Piece,Lulu,Male,Galley-La Company,shipwright foreman,,,shipwright tools,Water 7,,,,,role shipwright foreman,Is your character a shipwright foreman?,role,easy,https://onepiece.fandom.com/wiki/List_of_Canon_Characters
One Piece,Lulu,Male,Galley-La Company,shipwright foreman,,,shipwright tools,Water 7,,,,,signature lulu,Is your character the Galley-La foreman whose hair repeatedly sticks up after being flattened?,signature fact,hard,https://onepiece.fandom.com/wiki/List_of_Canon_Characters
One Piece,Magellan,Male,Impel Down,vice warden and former chief warden,Doku Doku no Mi,,poison manipulation,Impel Down,,,,,affiliation impel down,Is your character affiliated with Impel Down?,affiliation,easy,https://onepiece.fandom.com/wiki/List_of_Canon_Characters
One Piece,Magellan,Male,Impel Down,vice warden and former chief warden,Doku Doku no Mi,,poison manipulation,Impel Down,,,,,arc impel down,Is your character shown during the Impel Down arc?,arc appearance,medium,https://onepiece.fandom.com/wiki/List_of_Canon_Characters
One Piece,Magellan,Male,Impel Down,vice warden and former chief warden,Doku Doku no Mi,,poison manipulation,Impel Down,,,,,devil fruit doku doku no mi,Does your character use Doku Doku no Mi?,devil fruit,medium,https://onepiece.fandom.com/wiki/List_of_Canon_Characters
One Piece,Magellan,Male,Impel Down,vice warden and former chief warden,Doku Doku no Mi,,poison manipulation,Impel Down,,,,,devil fruit user,Does your character use a Devil Fruit?,devil fruit,easy,https://onepiece.fandom.com/wiki/List_of_Canon_Characters
One Piece,Magellan,Male,Impel Down,vice warden and former chief warden,Doku Doku no Mi,,poison manipulation,Impel Down,,,,,has devil fruit,Does your character have a Devil Fruit power?,devil fruit,easy,https://onepiece.fandom.com/wiki/List_of_Canon_Characters
One Piece,Magellan,Male,Impel Down,vice warden and former chief warden,Doku Doku no Mi,,poison manipulation,Impel Down,,,,,fighting style poison manipulation,Does your character use poison manipulation?,fighting style,medium,https://onepiece.fandom.com/wiki/List_of_Canon_Characters
One Piece,Magellan,Male,Impel Down,vice warden and former chief warden,Doku Doku no Mi,,poison manipulation,Impel Down,,,,,gender male,Is your character male?,gender,easy,https://onepiece.fandom.com/wiki/List_of_Canon_Characters
One Piece,Magellan,Male,Impel Down,vice warden and former chief warden,Doku Doku no Mi,,poison manipulation,Impel Down,,,,,role vice warden and former chief warden,Is your character a vice warden and former chief warden?,role,easy,https://onepiece.fandom.com/wiki/List_of_Canon_Characters
One Piece,Magellan,Male,Impel Down,vice warden and former chief warden,Doku Doku no Mi,,poison manipulation,Impel Down,,,,,signature magellan,Is your character the former chief warden of Impel Down who creates and controls poison?,signature fact,hard,https://onepiece.fandom.com/wiki/List_of_Canon_Characters
One Piece,Marco,Male,Whitebeard Pirates,pirate doctor and former commander,Tori Tori no Mi: Model Phoenix,Armament Haki;Observation Haki,blue phoenix flames,Marineford;Wano,,,,,affiliation whitebeard pirates,Is your character affiliated with Whitebeard Pirates?,affiliation,easy,https://onepiece.fandom.com/wiki/List_of_Canon_Characters
One Piece,Marco,Male,Whitebeard Pirates,pirate doctor and former commander,Tori Tori no Mi: Model Phoenix,Armament Haki;Observation Haki,blue phoenix flames,Marineford;Wano,,,,,arc marineford,Is your character shown during the Marineford arc?,arc appearance,medium,https://onepiece.fandom.com/wiki/List_of_Canon_Characters
One Piece,Marco,Male,Whitebeard Pirates,pirate doctor and former commander,Tori Tori no Mi: Model Phoenix,Armament Haki;Observation Haki,blue phoenix flames,Marineford;Wano,,,,,arc wano country,Is your character shown during the Wano Country arc?,arc appearance,medium,https://onepiece.fandom.com/wiki/List_of_Canon_Characters
One Piece,Marco,Male,Whitebeard Pirates,pirate doctor and former commander,Tori Tori no Mi: Model Phoenix,Armament Haki;Observation Haki,blue phoenix flames,Marineford;Wano,,,,,devil fruit tori tori no mi: model phoenix,Does your character use Tori Tori no Mi: Model Phoenix?,devil fruit,medium,https://onepiece.fandom.com/wiki/List_of_Canon_Characters
One Piece,Marco,Male,Whitebeard Pirates,pirate doctor and former commander,Tori Tori no Mi: Model Phoenix,Armament Haki;Observation Haki,blue phoenix flames,Marineford;Wano,,,,,devil fruit user,Does your character use a Devil Fruit?,devil fruit,easy,https://onepiece.fandom.com/wiki/List_of_Canon_Characters
One Piece,Marco,Male,Whitebeard Pirates,pirate doctor and former commander,Tori Tori no Mi: Model Phoenix,Armament Haki;Observation Haki,blue phoenix flames,Marineford;Wano,,,,,has devil fruit,Does your character have a Devil Fruit power?,devil fruit,easy,https://onepiece.fandom.com/wiki/List_of_Canon_Characters
One Piece,Marco,Male,Whitebeard Pirates,pirate doctor and former commander,Tori Tori no Mi: Model Phoenix,Armament Haki;Observation Haki,blue phoenix flames,Marineford;Wano,,,,,fighting style blue phoenix flames,Does your character use blue phoenix flames?,fighting style,medium,https://onepiece.fandom.com/wiki/List_of_Canon_Characters
One Piece,Marco,Male,Whitebeard Pirates,pirate doctor and former commander,Tori Tori no Mi: Model Phoenix,Armament Haki;Observation Haki,blue phoenix flames,Marineford;Wano,,,,,gender male,Is your character male?,gender,easy,https://onepiece.fandom.com/wiki/List_of_Canon_Characters
One Piece,Marco,Male,Whitebeard Pirates,pirate doctor and former commander,Tori Tori no Mi: Model Phoenix,Armament Haki;Observation Haki,blue phoenix flames,Marineford;Wano,,,,,armament haki,Does your character use Armament Haki?,haki,easy,https://onepiece.fandom.com/wiki/List_of_Canon_Characters
One Piece,Marco,Male,Whitebeard Pirates,pirate doctor and former commander,Tori Tori no Mi: Model Phoenix,Armament Haki;Observation Haki,blue phoenix flames,Marineford;Wano,,,,,observation haki,Does your character use Observation Haki?,haki,easy,https://onepiece.fandom.com/wiki/List_of_Canon_Characters
One Piece,Marco,Male,Whitebeard Pirates,pirate doctor and former commander,Tori Tori no Mi: Model Phoenix,Armament Haki;Observation Haki,blue phoenix flames,Marineford;Wano,,,,,uses haki,Does your character use Haki?,haki,easy,https://onepiece.fandom.com/wiki/List_of_Canon_Characters
One Piece,Marco,Male,Whitebeard Pirates,pirate doctor and former commander,Tori Tori no Mi: Model Phoenix,Armament Haki;Observation Haki,blue phoenix flames,Marineford;Wano,,,,,role pirate doctor and former commander,Is your character a pirate doctor and former commander?,role,easy,https://onepiece.fandom.com/wiki/List_of_Canon_Characters
One Piece,Marco,Male,Whitebeard Pirates,pirate doctor and former commander,Tori Tori no Mi: Model Phoenix,Armament Haki;Observation Haki,blue phoenix flames,Marineford;Wano,,,,,signature marco,Is your character the former first-division commander who transforms into a blue phoenix?,signature fact,hard,https://onepiece.fandom.com/wiki/List_of_Canon_Characters
One Piece,Marianne,Female,Baroque Works,former Baroque Works agent,,,Color Trap painting,Little Garden,,,,,affiliation baroque works,Is your character affiliated with Baroque Works?,affiliation,easy,https://onepiece.fandom.com/wiki/List_of_Canon_Characters
One Piece,Marianne,Female,Baroque Works,former Baroque Works agent,,,Color Trap painting,Little Garden,,,,,arc little garden,Is your character shown during the Little Garden arc?,arc appearance,medium,https://onepiece.fandom.com/wiki/List_of_Canon_Characters
One Piece,Marianne,Female,Baroque Works,former Baroque Works agent,,,Color Trap painting,Little Garden,,,,,fighting style color trap painting,Does your character use Color Trap painting?,fighting style,medium,https://onepiece.fandom.com/wiki/List_of_Canon_Characters
One Piece,Marianne,Female,Baroque Works,former Baroque Works agent,,,Color Trap painting,Little Garden,,,,,gender female,Is your character female?,gender,easy,https://onepiece.fandom.com/wiki/List_of_Canon_Characters
One Piece,Marianne,Female,Baroque Works,former Baroque Works agent,,,Color Trap painting,Little Garden,,,,,role former baroque works agent,Is your character a former Baroque Works agent?,role,easy,https://onepiece.fandom.com/wiki/List_of_Canon_Characters
One Piece,Marianne,Female,Baroque Works,former Baroque Works agent,,,Color Trap painting,Little Garden,,,,,signature marianne,Is your character the young Baroque Works agent who controls emotions with painted colors?,signature clue,medium,https://onepiece.fandom.com/wiki/List_of_Canon_Characters
One Piece,Marshall D. Teach (Blackbeard),Male,Blackbeard Pirates,Pirate Captain (Yonko),"Yami Yami no Mi, Gura Gura no Mi","Armament, Observation",Darkness powers,"Marineford, Hachinosu",,,,,affiliation blackbeard pirates,Is your character affiliated with Blackbeard Pirates?,affiliation,easy,User-provided One Piece table dated 2025-11-02
One Piece,Marshall D. Teach (Blackbeard),Male,Blackbeard Pirates,Pirate Captain (Yonko),"Yami Yami no Mi, Gura Gura no Mi","Armament, Observation",Darkness powers,"Marineford, Hachinosu",,,,,arc marineford,Is your character shown during the Marineford arc?,arc appearance,medium,User-provided One Piece table dated 2025-11-02
One Piece,Marshall D. Teach (Blackbeard),Male,Blackbeard Pirates,Pirate Captain (Yonko),"Yami Yami no Mi, Gura Gura no Mi","Armament, Observation",Darkness powers,"Marineford, Hachinosu",,,,,devil fruit user,Does your character use a Devil Fruit?,devil fruit,easy,User-provided One Piece table dated 2025-11-02
One Piece,Marshall D. Teach (Blackbeard),Male,Blackbeard Pirates,Pirate Captain (Yonko),"Yami Yami no Mi, Gura Gura no Mi","Armament, Observation",Darkness powers,"Marineford, Hachinosu",,,,,devil fruit yami yami no mi gura gura no mi,"Does your character use Yami Yami no Mi, Gura Gura no Mi?",devil fruit,medium,User-provided One Piece table dated 2025-11-02
One Piece,Marshall D. Teach (Blackbeard),Male,Blackbeard Pirates,Pirate Captain (Yonko),"Yami Yami no Mi, Gura Gura no Mi","Armament, Observation",Darkness powers,"Marineford, Hachinosu",,,,,has devil fruit,Does your character have a Devil Fruit power?,devil fruit,easy,User-provided One Piece table dated 2025-11-02
One Piece,Marshall D. Teach (Blackbeard),Male,Blackbeard Pirates,Pirate Captain (Yonko),"Yami Yami no Mi, Gura Gura no Mi","Armament, Observation",Darkness powers,"Marineford, Hachinosu",,,,,fighting style darkness powers,Does your character fight using darkness powers?,fighting style,medium,User-provided One Piece table dated 2025-11-02
One Piece,Marshall D. Teach (Blackbeard),Male,Blackbeard Pirates,Pirate Captain (Yonko),"Yami Yami no Mi, Gura Gura no Mi","Armament, Observation",Darkness powers,"Marineford, Hachinosu",,,,,gender male,Is your character male?,gender,easy,User-provided One Piece table dated 2025-11-02
One Piece,Marshall D. Teach (Blackbeard),Male,Blackbeard Pirates,Pirate Captain (Yonko),"Yami Yami no Mi, Gura Gura no Mi","Armament, Observation",Darkness powers,"Marineford, Hachinosu",,,,,armament haki,Does your character use Armament Haki?,haki,easy,User-provided One Piece table dated 2025-11-02
One Piece,Marshall D. Teach (Blackbeard),Male,Blackbeard Pirates,Pirate Captain (Yonko),"Yami Yami no Mi, Gura Gura no Mi","Armament, Observation",Darkness powers,"Marineford, Hachinosu",,,,,observation haki,Does your character use Observation Haki?,haki,easy,User-provided One Piece table dated 2025-11-02
One Piece,Marshall D. Teach (Blackbeard),Male,Blackbeard Pirates,Pirate Captain (Yonko),"Yami Yami no Mi, Gura Gura no Mi","Armament, Observation",Darkness powers,"Marineford, Hachinosu",,,,,uses haki,Does your character use Haki?,haki,easy,User-provided One Piece table dated 2025-11-02
One Piece,Marshall D. Teach (Blackbeard),Male,Blackbeard Pirates,Pirate Captain (Yonko),"Yami Yami no Mi, Gura Gura no Mi","Armament, Observation",Darkness powers,"Marineford, Hachinosu",,,,,role pirate captain,Is your character a pirate captain?,role,easy,User-provided One Piece table dated 2025-11-02
One Piece,Marshall D. Teach (Blackbeard),Male,Blackbeard Pirates,Pirate Captain (Yonko),"Yami Yami no Mi, Gura Gura no Mi","Armament, Observation",Darkness powers,"Marineford, Hachinosu",,,,,role yonko,Is your character a yonko?,role,easy,User-provided One Piece table dated 2025-11-02
One Piece,Marshall D. Teach (Blackbeard),Male,Blackbeard Pirates,Pirate Captain (Yonko),"Yami Yami no Mi, Gura Gura no Mi","Armament, Observation",Darkness powers,"Marineford, Hachinosu",,,,,signature marshall d teach blackbeard,Is your character the Blackbeard Pirates captain who uses both the Yami Yami no Mi and Gura Gura no Mi?,signature fact,medium,User-provided One Piece table dated 2025-11-02
One Piece,Merry,Male,Syrup Village,butler and ship designer,,,,East Blue,,,,,affiliation syrup village,Is your character affiliated with Syrup Village?,affiliation,easy,https://onepiece.fandom.com/wiki/List_of_Canon_Characters
One Piece,Merry,Male,Syrup Village,butler and ship designer,,,,East Blue,,,,,saga east blue,Is your character shown during the East Blue saga?,arc appearance,medium,https://onepiece.fandom.com/wiki/List_of_Canon_Characters
One Piece,Merry,Male,Syrup Village,butler and ship designer,,,,East Blue,,,,,gender male,Is your character male?,gender,easy,https://onepiece.fandom.com/wiki/List_of_Canon_Characters
One Piece,Merry,Male,Syrup Village,butler and ship designer,,,,East Blue,,,,,role butler and ship designer,Is your character a butler and ship designer?,role,easy,https://onepiece.fandom.com/wiki/List_of_Canon_Characters
One Piece,Merry,Male,Syrup Village,butler and ship designer,,,,East Blue,,,,,signature merry,Is your character the sheep-themed butler who designed the Going Merry?,signature fact,hard,https://onepiece.fandom.com/wiki/List_of_Canon_Characters
One Piece,Monkey D. Garp,Male,Marines,Vice Admiral,None,All 3,Fist combat,Marineford,,,,,affiliation marines,Is your character affiliated with Marines?,affiliation,easy,User-provided One Piece table dated 2025-11-02
One Piece,Monkey D. Garp,Male,Marines,Vice Admiral,None,All 3,Fist combat,Marineford,,,,,arc marineford,Is your character shown during the Marineford arc?,arc appearance,medium,User-provided One Piece table dated 2025-11-02
One Piece,Monkey D. Garp,Male,Marines,Vice Admiral,None,All 3,Fist combat,Marineford,,,,,fighting style fist combat,Does your character mainly fight with fists?,fighting style,medium,User-provided One Piece table dated 2025-11-02
One Piece,Monkey D. Garp,Male,Marines,Vice Admiral,None,All 3,Fist combat,Marineford,,,,,gender male,Is your character male?,gender,easy,User-provided One Piece table dated 2025-11-02
One Piece,Monkey D. Garp,Male,Marines,Vice Admiral,None,All 3,Fist combat,Marineford,,,,,all three haki types,Does your character use all three types of Haki?,haki,easy,User-provided One Piece table dated 2025-11-02
One Piece,Monkey D. Garp,Male,Marines,Vice Admiral,None,All 3,Fist combat,Marineford,,,,,armament haki,Does your character use Armament Haki?,haki,easy,User-provided One Piece table dated 2025-11-02
One Piece,Monkey D. Garp,Male,Marines,Vice Admiral,None,All 3,Fist combat,Marineford,,,,,conquerors haki,Does your character use Conqueror's Haki?,haki,easy,User-provided One Piece table dated 2025-11-02
One Piece,Monkey D. Garp,Male,Marines,Vice Admiral,None,All 3,Fist combat,Marineford,,,,,observation haki,Does your character use Observation Haki?,haki,easy,User-provided One Piece table dated 2025-11-02
One Piece,Monkey D. Garp,Male,Marines,Vice Admiral,None,All 3,Fist combat,Marineford,,,,,uses haki,Does your character use Haki?,haki,easy,User-provided One Piece table dated 2025-11-02
One Piece,Monkey D. Garp,Male,Marines,Vice Admiral,None,All 3,Fist combat,Marineford,,,,,role vice admiral,Is your character a vice admiral?,role,easy,User-provided One Piece table dated 2025-11-02
One Piece,Monkey D. Garp,Male,Marines,Vice Admiral,None,All 3,Fist combat,Marineford,,,,,signature monkey d garp,Is your character a Marine vice admiral whose listed fighting style is fist combat?,signature fact,medium,User-provided One Piece table dated 2025-11-02
One Piece,Monkey D. Luffy,Male,Straw Hat Pirates,Pirate Captain (Yonko),Hito Hito no Mi: Model Nika,All 3,Hand-to-hand,"East Blue, Marineford, Wano",,,,,affiliation straw hat pirates,Is your character affiliated with Straw Hat Pirates?,affiliation,easy,User-provided One Piece table dated 2025-11-02
One Piece,Monkey D. Luffy,Male,Straw Hat Pirates,Pirate Captain (Yonko),Hito Hito no Mi: Model Nika,All 3,Hand-to-hand,"East Blue, Marineford, Wano",,,,,arc marineford,Is your character shown during the Marineford arc?,arc appearance,medium,User-provided One Piece table dated 2025-11-02
One Piece,Monkey D. Luffy,Male,Straw Hat Pirates,Pirate Captain (Yonko),Hito Hito no Mi: Model Nika,All 3,Hand-to-hand,"East Blue, Marineford, Wano",,,,,arc wano country,Is your character shown during the Wano Country arc?,arc appearance,medium,User-provided One Piece table dated 2025-11-02
One Piece,Monkey D. Luffy,Male,Straw Hat Pirates,Pirate Captain (Yonko),Hito Hito no Mi: Model Nika,All 3,Hand-to-hand,"East Blue, Marineford, Wano",,,,,saga east blue,Is your character shown during the East Blue saga?,arc appearance,medium,User-provided One Piece table dated 2025-11-02
One Piece,Monkey D. Luffy,Male,Straw Hat Pirates,Pirate Captain (Yonko),Hito Hito no Mi: Model Nika,All 3,Hand-to-hand,"East Blue, Marineford, Wano",,,,,devil fruit hito hito no mi: model nika,Does your character use Hito Hito no Mi: Model Nika?,devil fruit,medium,User-provided One Piece table dated 2025-11-02
One Piece,Monkey D. Luffy,Male,Straw Hat Pirates,Pirate Captain (Yonko),Hito Hito no Mi: Model Nika,All 3,Hand-to-hand,"East Blue, Marineford, Wano",,,,,devil fruit user,Does your character use a Devil Fruit?,devil fruit,easy,User-provided One Piece table dated 2025-11-02
One Piece,Monkey D. Luffy,Male,Straw Hat Pirates,Pirate Captain (Yonko),Hito Hito no Mi: Model Nika,All 3,Hand-to-hand,"East Blue, Marineford, Wano",,,,,has devil fruit,Does your character have a Devil Fruit power?,devil fruit,easy,User-provided One Piece table dated 2025-11-02
One Piece,Monkey D. Luffy,Male,Straw Hat Pirates,Pirate Captain (Yonko),Hito Hito no Mi: Model Nika,All 3,Hand-to-hand,"East Blue, Marineford, Wano",,,,,fighting style hand-to-hand,Does your character fight hand-to-hand?,fighting style,medium,User-provided One Piece table dated 2025-11-02
One Piece,Monkey D. Luffy,Male,Straw Hat Pirates,Pirate Captain (Yonko),Hito Hito no Mi: Model Nika,All 3,Hand-to-hand,"East Blue, Marineford, Wano",,,,,gender male,Is your character male?,gender,easy,User-provided One Piece table dated 2025-11-02
One Piece,Monkey D. Luffy,Male,Straw Hat Pirates,Pirate Captain (Yonko),Hito Hito no Mi: Model Nika,All 3,Hand-to-hand,"East Blue, Marineford, Wano",,,,,all three haki types,Does your character use all three types of Haki?,haki,easy,User-provided One Piece table dated 2025-11-02
One Piece,Monkey D. Luffy,Male,Straw Hat Pirates,Pirate Captain (Yonko),Hito Hito no Mi: Model Nika,All 3,Hand-to-hand,"East Blue, Marineford, Wano",,,,,armament haki,Does your character use Armament Haki?,haki,easy,User-provided One Piece table dated 2025-11-02
One Piece,Monkey D. Luffy,Male,Straw Hat Pirates,Pirate Captain (Yonko),Hito Hito no Mi: Model Nika,All 3,Hand-to-hand,"East Blue, Marineford, Wano",,,,,conquerors haki,Does your character use Conqueror's Haki?,haki,easy,User-provided One Piece table dated 2025-11-02
One Piece,Monkey D. Luffy,Male,Straw Hat Pirates,Pirate Captain (Yonko),Hito Hito no Mi: Model Nika,All 3,Hand-to-hand,"East Blue, Marineford, Wano",,,,,observation haki,Does your character use Observation Haki?,haki,easy,User-provided One Piece table dated 2025-11-02
One Piece,Monkey D. Luffy,Male,Straw Hat Pirates,Pirate Captain (Yonko),Hito Hito no Mi: Model Nika,All 3,Hand-to-hand,"East Blue, Marineford, Wano",,,,,uses haki,Does your character use Haki?,haki,easy,User-provided One Piece table dated 2025-11-02
One Piece,Monkey D. Luffy,Male,Straw Hat Pirates,Pirate Captain (Yonko),Hito Hito no Mi: Model Nika,All 3,Hand-to-hand,"East Blue, Marineford, Wano",,,,,role pirate captain,Is your character a pirate captain?,role,easy,User-provided One Piece table dated 2025-11-02
One Piece,Monkey D. Luffy,Male,Straw Hat Pirates,Pirate Captain (Yonko),Hito Hito no Mi: Model Nika,All 3,Hand-to-hand,"East Blue, Marineford, Wano",,,,,role yonko,Is your character a yonko?,role,easy,User-provided One Piece table dated 2025-11-02
One Piece,Monkey D. Luffy,Male,Straw Hat Pirates,Pirate Captain (Yonko),Hito Hito no Mi: Model Nika,All 3,Hand-to-hand,"East Blue, Marineford, Wano",,,,,signature monkey d luffy,Is your character the Straw Hat captain who uses the Hito Hito no Mi: Model Nika?,signature fact,medium,User-provided One Piece table dated 2025-11-02
One Piece,Nami,Female,Straw Hat Pirates,Navigator,None,None,Clima-Tact (weather staff),"East Blue, Whole Cake",,,,,affiliation straw hat pirates,Is your character affiliated with Straw Hat Pirates?,affiliation,easy,User-provided One Piece table dated 2025-11-02
One Piece,Nami,Female,Straw Hat Pirates,Navigator,None,None,Clima-Tact (weather staff),"East Blue, Whole Cake",,,,,arc whole cake island,Is your character shown during the Whole Cake Island arc?,arc appearance,medium,User-provided One Piece table dated 2025-11-02
One Piece,Nami,Female,Straw Hat Pirates,Navigator,None,None,Clima-Tact (weather staff),"East Blue, Whole Cake",,,,,saga east blue,Is your character shown during the East Blue saga?,arc appearance,medium,User-provided One Piece table dated 2025-11-02
One Piece,Nami,Female,Straw Hat Pirates,Navigator,None,None,Clima-Tact (weather staff),"East Blue, Whole Cake",,,,,fighting style clima-tact weather staff,Does your character use a Clima-Tact weather staff?,fighting style,medium,User-provided One Piece table dated 2025-11-02
One Piece,Nami,Female,Straw Hat Pirates,Navigator,None,None,Clima-Tact (weather staff),"East Blue, Whole Cake",,,,,gender female,Is your character female?,gender,easy,User-provided One Piece table dated 2025-11-02
One Piece,Nami,Female,Straw Hat Pirates,Navigator,None,None,Clima-Tact (weather staff),"East Blue, Whole Cake",,,,,role navigator,Is your character a navigator?,role,easy,User-provided One Piece table dated 2025-11-02
One Piece,Nami,Female,Straw Hat Pirates,Navigator,None,None,Clima-Tact (weather staff),"East Blue, Whole Cake",,,,,signature nami,Is your character the Straw Hat navigator who fights with a Clima-Tact?,signature fact,medium,User-provided One Piece table dated 2025-11-02
One Piece,Nefertari Cobra,Male,Arabasta Kingdom,king,,,,Alabasta;Reverie,,,,,affiliation arabasta kingdom,Is your character affiliated with Arabasta Kingdom?,affiliation,easy,https://onepiece.fandom.com/wiki/List_of_Canon_Characters
One Piece,Nefertari Cobra,Male,Arabasta Kingdom,king,,,,Alabasta;Reverie,,,,,arc alabasta,Is your character shown during the Alabasta arc?,arc appearance,medium,https://onepiece.fandom.com/wiki/List_of_Canon_Characters
One Piece,Nefertari Cobra,Male,Arabasta Kingdom,king,,,,Alabasta;Reverie,,,,,arc levely,Is your character shown during the Levely (Reverie) arc?,arc appearance,medium,https://onepiece.fandom.com/wiki/List_of_Canon_Characters
One Piece,Nefertari Cobra,Male,Arabasta Kingdom,king,,,,Alabasta;Reverie,,,,,gender male,Is your character male?,gender,easy,https://onepiece.fandom.com/wiki/List_of_Canon_Characters
One Piece,Nefertari Cobra,Male,Arabasta Kingdom,king,,,,Alabasta;Reverie,,,,,role king,Is your character a king?,role,easy,https://onepiece.fandom.com/wiki/List_of_Canon_Characters
One Piece,Nefertari Cobra,Male,Arabasta Kingdom,king,,,,Alabasta;Reverie,,,,,signature nefertari cobra,Is your character the king of Arabasta and father of its princess?,signature fact,hard,https://onepiece.fandom.com/wiki/List_of_Canon_Characters
One Piece,Nefertari Vivi,Female,Arabasta Kingdom / former Baroque Works,princess and former undercover agent,,,Peacock Slashers,Alabasta;Reverie,,,,,affiliation arabasta kingdom,Is your character affiliated with Arabasta Kingdom?,affiliation,easy,https://onepiece.fandom.com/wiki/List_of_Canon_Characters
One Piece,Nefertari Vivi,Female,Arabasta Kingdom / former Baroque Works,princess and former undercover agent,,,Peacock Slashers,Alabasta;Reverie,,,,,affiliation former baroque works,Is your character affiliated with former Baroque Works?,affiliation,easy,https://onepiece.fandom.com/wiki/List_of_Canon_Characters
One Piece,Nefertari Vivi,Female,Arabasta Kingdom / former Baroque Works,princess and former undercover agent,,,Peacock Slashers,Alabasta;Reverie,,,,,arc alabasta,Is your character shown during the Alabasta arc?,arc appearance,medium,https://onepiece.fandom.com/wiki/List_of_Canon_Characters
One Piece,Nefertari Vivi,Female,Arabasta Kingdom / former Baroque Works,princess and former undercover agent,,,Peacock Slashers,Alabasta;Reverie,,,,,arc levely,Is your character shown during the Levely (Reverie) arc?,arc appearance,medium,https://onepiece.fandom.com/wiki/List_of_Canon_Characters
One Piece,Nefertari Vivi,Female,Arabasta Kingdom / former Baroque Works,princess and former undercover agent,,,Peacock Slashers,Alabasta;Reverie,,,,,fighting style peacock slashers,Does your character use Peacock Slashers?,fighting style,medium,https://onepiece.fandom.com/wiki/List_of_Canon_Characters
One Piece,Nefertari Vivi,Female,Arabasta Kingdom / former Baroque Works,princess and former undercover agent,,,Peacock Slashers,Alabasta;Reverie,,,,,gender female,Is your character female?,gender,easy,https://onepiece.fandom.com/wiki/List_of_Canon_Characters
One Piece,Nefertari Vivi,Female,Arabasta Kingdom / former Baroque Works,princess and former undercover agent,,,Peacock Slashers,Alabasta;Reverie,,,,,role princess and former undercover agent,Is your character a princess and former undercover agent?,role,easy,https://onepiece.fandom.com/wiki/List_of_Canon_Characters
One Piece,Nefertari Vivi,Female,Arabasta Kingdom / former Baroque Works,princess and former undercover agent,,,Peacock Slashers,Alabasta;Reverie,,,,,signature nefertari vivi,Is your character the Arabasta princess who infiltrated Baroque Works and fights with Peacock Slashers?,signature fact,hard,https://onepiece.fandom.com/wiki/List_of_Canon_Characters
One Piece,Nekomamushi,Male,Minks,Leader,None,"Armament, Observation",Claw combat + Sulong,"Zou, Wano",,,,,affiliation minks,Is your character affiliated with Minks?,affiliation,easy,User-provided One Piece table dated 2025-11-02
One Piece,Nekomamushi,Male,Minks,Leader,None,"Armament, Observation",Claw combat + Sulong,"Zou, Wano",,,,,arc wano country,Is your character shown during the Wano Country arc?,arc appearance,medium,User-provided One Piece table dated 2025-11-02
One Piece,Nekomamushi,Male,Minks,Leader,None,"Armament, Observation",Claw combat + Sulong,"Zou, Wano",,,,,arc zou,Is your character shown during the Zou arc?,arc appearance,medium,User-provided One Piece table dated 2025-11-02
One Piece,Nekomamushi,Male,Minks,Leader,None,"Armament, Observation",Claw combat + Sulong,"Zou, Wano",,,,,fighting style claw combat + sulong,Does your character combine claw combat with a Sulong form?,fighting style,medium,User-provided One Piece table dated 2025-11-02
One Piece,Nekomamushi,Male,Minks,Leader,None,"Armament, Observation",Claw combat + Sulong,"Zou, Wano",,,,,gender male,Is your character male?,gender,easy,User-provided One Piece table dated 2025-11-02
One Piece,Nekomamushi,Male,Minks,Leader,None,"Armament, Observation",Claw combat + Sulong,"Zou, Wano",,,,,armament haki,Does your character use Armament Haki?,haki,easy,User-provided One Piece table dated 2025-11-02
One Piece,Nekomamushi,Male,Minks,Leader,None,"Armament, Observation",Claw combat + Sulong,"Zou, Wano",,,,,observation haki,Does your character use Observation Haki?,haki,easy,User-provided One Piece table dated 2025-11-02
One Piece,Nekomamushi,Male,Minks,Leader,None,"Armament, Observation",Claw combat + Sulong,"Zou, Wano",,,,,uses haki,Does your character use Haki?,haki,easy,User-provided One Piece table dated 2025-11-02
One Piece,Nekomamushi,Male,Minks,Leader,None,"Armament, Observation",Claw combat + Sulong,"Zou, Wano",,,,,role leader,Is your character a leader?,role,easy,User-provided One Piece table dated 2025-11-02
One Piece,Nekomamushi,Male,Minks,Leader,None,"Armament, Observation",Claw combat + Sulong,"Zou, Wano",,,,,signature nekomamushi,Is your character a mink leader who uses claws and a Sulong form?,signature fact,medium,User-provided One Piece table dated 2025-11-02
One Piece,Nekomamushi,Male,Minks,Leader,None,"Armament, Observation",Claw combat + Sulong,"Zou, Wano",,,,,species mink,Is your character a mink?,species,easy,User-provided One Piece table dated 2025-11-02
One Piece,Neptune,Male,Ryugu Kingdom,king,,,trident,Fish-Man Island;Reverie,,,,,affiliation ryugu kingdom,Is your character affiliated with Ryugu Kingdom?,affiliation,easy,https://onepiece.fandom.com/wiki/List_of_Canon_Characters
One Piece,Neptune,Male,Ryugu Kingdom,king,,,trident,Fish-Man Island;Reverie,,,,,arc fish-man island,Is your character shown during the Fish-Man Island arc?,arc appearance,medium,https://onepiece.fandom.com/wiki/List_of_Canon_Characters
One Piece,Neptune,Male,Ryugu Kingdom,king,,,trident,Fish-Man Island;Reverie,,,,,arc levely,Is your character shown during the Levely (Reverie) arc?,arc appearance,medium,https://onepiece.fandom.com/wiki/List_of_Canon_Characters
One Piece,Neptune,Male,Ryugu Kingdom,king,,,trident,Fish-Man Island;Reverie,,,,,fighting style trident,Does your character use trident?,fighting style,medium,https://onepiece.fandom.com/wiki/List_of_Canon_Characters
One Piece,Neptune,Male,Ryugu Kingdom,king,,,trident,Fish-Man Island;Reverie,,,,,gender male,Is your character male?,gender,easy,https://onepiece.fandom.com/wiki/List_of_Canon_Characters
One Piece,Neptune,Male,Ryugu Kingdom,king,,,trident,Fish-Man Island;Reverie,,,,,role king,Is your character a king?,role,easy,https://onepiece.fandom.com/wiki/List_of_Canon_Characters
One Piece,Neptune,Male,Ryugu Kingdom,king,,,trident,Fish-Man Island;Reverie,,,,,signature neptune,Is your character the coelacanth merman king who rules the Ryugu Kingdom with a trident?,signature fact,hard,https://onepiece.fandom.com/wiki/List_of_Canon_Characters
One Piece,Neptune,Male,Ryugu Kingdom,king,,,trident,Fish-Man Island;Reverie,,,,,species coelacanth merman,Is your character a coelacanth merman?,species,easy,https://onepiece.fandom.com/wiki/List_of_Canon_Characters
One Piece,Nico Robin,Female,Straw Hat Pirates,Archaeologist,Hana Hana no Mi,None,Clone-limb combat,"Alabasta, Wano",,,,,affiliation straw hat pirates,Is your character affiliated with Straw Hat Pirates?,affiliation,easy,User-provided One Piece table dated 2025-11-02
One Piece,Nico Robin,Female,Straw Hat Pirates,Archaeologist,Hana Hana no Mi,None,Clone-limb combat,"Alabasta, Wano",,,,,arc alabasta,Is your character shown during the Alabasta arc?,arc appearance,medium,User-provided One Piece table dated 2025-11-02
One Piece,Nico Robin,Female,Straw Hat Pirates,Archaeologist,Hana Hana no Mi,None,Clone-limb combat,"Alabasta, Wano",,,,,arc wano country,Is your character shown during the Wano Country arc?,arc appearance,medium,User-provided One Piece table dated 2025-11-02
One Piece,Nico Robin,Female,Straw Hat Pirates,Archaeologist,Hana Hana no Mi,None,Clone-limb combat,"Alabasta, Wano",,,,,devil fruit hana hana no mi,Does your character use Hana Hana no Mi?,devil fruit,medium,User-provided One Piece table dated 2025-11-02
One Piece,Nico Robin,Female,Straw Hat Pirates,Archaeologist,Hana Hana no Mi,None,Clone-limb combat,"Alabasta, Wano",,,,,devil fruit user,Does your character use a Devil Fruit?,devil fruit,easy,User-provided One Piece table dated 2025-11-02
One Piece,Nico Robin,Female,Straw Hat Pirates,Archaeologist,Hana Hana no Mi,None,Clone-limb combat,"Alabasta, Wano",,,,,has devil fruit,Does your character have a Devil Fruit power?,devil fruit,easy,User-provided One Piece table dated 2025-11-02
One Piece,Nico Robin,Female,Straw Hat Pirates,Archaeologist,Hana Hana no Mi,None,Clone-limb combat,"Alabasta, Wano",,,,,fighting style clone-limb combat,Does your character create extra limbs for combat?,fighting style,medium,User-provided One Piece table dated 2025-11-02
One Piece,Nico Robin,Female,Straw Hat Pirates,Archaeologist,Hana Hana no Mi,None,Clone-limb combat,"Alabasta, Wano",,,,,gender female,Is your character female?,gender,easy,User-provided One Piece table dated 2025-11-02
One Piece,Nico Robin,Female,Straw Hat Pirates,Archaeologist,Hana Hana no Mi,None,Clone-limb combat,"Alabasta, Wano",,,,,role archaeologist,Is your character a archaeologist?,role,easy,User-provided One Piece table dated 2025-11-02
One Piece,Nico Robin,Female,Straw Hat Pirates,Archaeologist,Hana Hana no Mi,None,Clone-limb combat,"Alabasta, Wano",,,,,signature nico robin,Is your character the Straw Hat archaeologist who uses the Hana Hana no Mi?,signature fact,medium,User-provided One Piece table dated 2025-11-02
One Piece,Nojiko,Female,Cocoyasi Village,farmer,,,,East Blue,,,,,affiliation cocoyasi village,Is your character affiliated with Cocoyasi Village?,affiliation,easy,https://onepiece.fandom.com/wiki/List_of_Canon_Characters
One Piece,Nojiko,Female,Cocoyasi Village,farmer,,,,East Blue,,,,,saga east blue,Is your character shown during the East Blue saga?,arc appearance,medium,https://onepiece.fandom.com/wiki/List_of_Canon_Characters
One Piece,Nojiko,Female,Cocoyasi Village,farmer,,,,East Blue,,,,,gender female,Is your character female?,gender,easy,https://onepiece.fandom.com/wiki/List_of_Canon_Characters
One Piece,Nojiko,Female,Cocoyasi Village,farmer,,,,East Blue,,,,,role farmer,Is your character a farmer?,role,easy,https://onepiece.fandom.com/wiki/List_of_Canon_Characters
One Piece,Nojiko,Female,Cocoyasi Village,farmer,,,,East Blue,,,,,signature nojiko,Is your character the blue-haired adoptive older sister of the Straw Hat navigator?,signature fact,hard,https://onepiece.fandom.com/wiki/List_of_Canon_Characters
One Piece,Oars,Male,Thriller Bark Pirates,special zombie,,,giant strength,Thriller Bark,,,,,affiliation thriller bark pirates,Is your character affiliated with Thriller Bark Pirates?,affiliation,easy,https://onepiece.fandom.com/wiki/List_of_Canon_Characters
One Piece,Oars,Male,Thriller Bark Pirates,special zombie,,,giant strength,Thriller Bark,,,,,arc thriller bark,Is your character shown during the Thriller Bark arc?,arc appearance,medium,https://onepiece.fandom.com/wiki/List_of_Canon_Characters
One Piece,Oars,Male,Thriller Bark Pirates,special zombie,,,giant strength,Thriller Bark,,,,,fighting style giant strength,Does your character use giant strength?,fighting style,medium,https://onepiece.fandom.com/wiki/List_of_Canon_Characters
One Piece,Oars,Male,Thriller Bark Pirates,special zombie,,,giant strength,Thriller Bark,,,,,gender male,Is your character male?,gender,easy,https://onepiece.fandom.com/wiki/List_of_Canon_Characters
One Piece,Oars,Male,Thriller Bark Pirates,special zombie,,,giant strength,Thriller Bark,,,,,role special zombie,Is your character a special zombie?,role,easy,https://onepiece.fandom.com/wiki/List_of_Canon_Characters
One Piece,Oars,Male,Thriller Bark Pirates,special zombie,,,giant strength,Thriller Bark,,,,,signature oars,Is your character the ancient giant corpse used as Thriller Bark’s special zombie?,signature fact,hard,https://onepiece.fandom.com/wiki/List_of_Canon_Characters
One Piece,Oars,Male,Thriller Bark Pirates,special zombie,,,giant strength,Thriller Bark,,,,,species ancient giant zombie,Is your character a ancient giant zombie?,species,easy,https://onepiece.fandom.com/wiki/List_of_Canon_Characters
One Piece,Ohm,Male,Enel Priests,priest,,Observation Haki,iron cloud sword,Skypiea,,,,,affiliation enel priests,Is your character affiliated with Enel Priests?,affiliation,easy,https://onepiece.fandom.com/wiki/List_of_Canon_Characters
One Piece,Ohm,Male,Enel Priests,priest,,Observation Haki,iron cloud sword,Skypiea,,,,,arc skypiea,Is your character shown during the Skypiea arc?,arc appearance,medium,https://onepiece.fandom.com/wiki/List_of_Canon_Characters
One Piece,Ohm,Male,Enel Priests,priest,,Observation Haki,iron cloud sword,Skypiea,,,,,fighting style iron cloud sword,Does your character use iron cloud sword?,fighting style,medium,https://onepiece.fandom.com/wiki/List_of_Canon_Characters
One Piece,Ohm,Male,Enel Priests,priest,,Observation Haki,iron cloud sword,Skypiea,,,,,gender male,Is your character male?,gender,easy,https://onepiece.fandom.com/wiki/List_of_Canon_Characters
One Piece,Ohm,Male,Enel Priests,priest,,Observation Haki,iron cloud sword,Skypiea,,,,,observation haki,Does your character use Observation Haki?,haki,easy,https://onepiece.fandom.com/wiki/List_of_Canon_Characters
One Piece,Ohm,Male,Enel Priests,priest,,Observation Haki,iron cloud sword,Skypiea,,,,,uses haki,Does your character use Haki?,haki,easy,https://onepiece.fandom.com/wiki/List_of_Canon_Characters
One Piece,Ohm,Male,Enel Priests,priest,,Observation Haki,iron cloud sword,Skypiea,,,,,role priest,Is your character a priest?,role,easy,https://onepiece.fandom.com/wiki/List_of_Canon_Characters
One Piece,Ohm,Male,Enel Priests,priest,,Observation Haki,iron cloud sword,Skypiea,,,,,signature ohm,Is your character the Skypiean priest who uses an iron-cloud sword and travels with a large dog?,signature fact,hard,https://onepiece.fandom.com/wiki/List_of_Canon_Characters
One Piece,Ohm,Male,Enel Priests,priest,,Observation Haki,iron cloud sword,Skypiea,,,,,species skypiean,Is your character a Skypiean?,species,easy,https://onepiece.fandom.com/wiki/List_of_Canon_Characters
One Piece,Pagaya,Male,Skypiea,inventor,,,dial engineering,Skypiea,,,,,affiliation skypiea,Is your character affiliated with Skypiea?,affiliation,easy,https://onepiece.fandom.com/wiki/List_of_Canon_Characters
One Piece,Pagaya,Male,Skypiea,inventor,,,dial engineering,Skypiea,,,,,arc skypiea,Is your character shown during the Skypiea arc?,arc appearance,medium,https://onepiece.fandom.com/wiki/List_of_Canon_Characters
One Piece,Pagaya,Male,Skypiea,inventor,,,dial engineering,Skypiea,,,,,fighting style dial engineering,Does your character use dial engineering?,fighting style,medium,https://onepiece.fandom.com/wiki/List_of_Canon_Characters
One Piece,Pagaya,Male,Skypiea,inventor,,,dial engineering,Skypiea,,,,,gender male,Is your character male?,gender,easy,https://onepiece.fandom.com/wiki/List_of_Canon_Characters
One Piece,Pagaya,Male,Skypiea,inventor,,,dial engineering,Skypiea,,,,,role inventor,Is your character a inventor?,role,easy,https://onepiece.fandom.com/wiki/List_of_Canon_Characters
One Piece,Pagaya,Male,Skypiea,inventor,,,dial engineering,Skypiea,,,,,signature pagaya,Is your character the Skypiean inventor and father of the harp-playing woman?,signature fact,hard,https://onepiece.fandom.com/wiki/List_of_Canon_Characters
One Piece,Pagaya,Male,Skypiea,inventor,,,dial engineering,Skypiea,,,,,species skypiean,Is your character a Skypiean?,species,easy,https://onepiece.fandom.com/wiki/List_of_Canon_Characters
One Piece,Pappag,Male,Criminal brand,fashion designer,,,fashion design,Sabaody;Fish-Man Island,,,,,affiliation criminal brand,Is your character affiliated with Criminal brand?,affiliation,easy,https://onepiece.fandom.com/wiki/List_of_Canon_Characters
One Piece,Pappag,Male,Criminal brand,fashion designer,,,fashion design,Sabaody;Fish-Man Island,,,,,arc fish-man island,Is your character shown during the Fish-Man Island arc?,arc appearance,medium,https://onepiece.fandom.com/wiki/List_of_Canon_Characters
One Piece,Pappag,Male,Criminal brand,fashion designer,,,fashion design,Sabaody;Fish-Man Island,,,,,arc sabaody archipelago,Is your character shown during the Sabaody Archipelago arc?,arc appearance,medium,https://onepiece.fandom.com/wiki/List_of_Canon_Characters
One Piece,Pappag,Male,Criminal brand,fashion designer,,,fashion design,Sabaody;Fish-Man Island,,,,,fighting style fashion design,Does your character use fashion design?,fighting style,medium,https://onepiece.fandom.com/wiki/List_of_Canon_Characters
One Piece,Pappag,Male,Criminal brand,fashion designer,,,fashion design,Sabaody;Fish-Man Island,,,,,gender male,Is your character male?,gender,easy,https://onepiece.fandom.com/wiki/List_of_Canon_Characters
One Piece,Pappag,Male,Criminal brand,fashion designer,,,fashion design,Sabaody;Fish-Man Island,,,,,role fashion designer,Is your character a fashion designer?,role,easy,https://onepiece.fandom.com/wiki/List_of_Canon_Characters
One Piece,Pappag,Male,Criminal brand,fashion designer,,,fashion design,Sabaody;Fish-Man Island,,,,,signature pappag,Is your character the talking starfish who owns the Criminal fashion brand?,signature fact,hard,https://onepiece.fandom.com/wiki/List_of_Canon_Characters
One Piece,Pappag,Male,Criminal brand,fashion designer,,,fashion design,Sabaody;Fish-Man Island,,,,,species starfish,Is your character a starfish?,species,easy,https://onepiece.fandom.com/wiki/List_of_Canon_Characters
One Piece,Patty,Male,Baratie,cook,,,kitchen combat,Baratie,,,,,affiliation baratie,Is your character affiliated with Baratie?,affiliation,easy,https://onepiece.fandom.com/wiki/List_of_Canon_Characters
One Piece,Patty,Male,Baratie,cook,,,kitchen combat,Baratie,,,,,arc baratie,Is your character shown during the Baratie arc?,arc appearance,medium,https://onepiece.fandom.com/wiki/List_of_Canon_Characters
One Piece,Patty,Male,Baratie,cook,,,kitchen combat,Baratie,,,,,fighting style kitchen combat,Does your character use kitchen combat?,fighting style,medium,https://onepiece.fandom.com/wiki/List_of_Canon_Characters
One Piece,Patty,Male,Baratie,cook,,,kitchen combat,Baratie,,,,,gender male,Is your character male?,gender,easy,https://onepiece.fandom.com/wiki/List_of_Canon_Characters
One Piece,Patty,Male,Baratie,cook,,,kitchen combat,Baratie,,,,,role cook,Is your character a cook?,role,easy,https://onepiece.fandom.com/wiki/List_of_Canon_Characters
One Piece,Patty,Male,Baratie,cook,,,kitchen combat,Baratie,,,,,signature patty,Is your character the muscular Baratie cook with a tall chef hat and a mustache?,signature fact,hard,https://onepiece.fandom.com/wiki/List_of_Canon_Characters
One Piece,Paulie,Male,Galley-La Company,shipwright foreman,,,rope action,Water 7;Enies Lobby,,,,,affiliation galley-la company,Is your character affiliated with Galley-La Company?,affiliation,easy,https://onepiece.fandom.com/wiki/List_of_Canon_Characters
One Piece,Paulie,Male,Galley-La Company,shipwright foreman,,,rope action,Water 7;Enies Lobby,,,,,arc enies lobby,Is your character shown during the Enies Lobby arc?,arc appearance,medium,https://onepiece.fandom.com/wiki/List_of_Canon_Characters
One Piece,Paulie,Male,Galley-La Company,shipwright foreman,,,rope action,Water 7;Enies Lobby,,,,,arc water 7,Is your character shown during the Water 7 arc?,arc appearance,medium,https://onepiece.fandom.com/wiki/List_of_Canon_Characters
One Piece,Paulie,Male,Galley-La Company,shipwright foreman,,,rope action,Water 7;Enies Lobby,,,,,fighting style rope action,Does your character use rope action?,fighting style,medium,https://onepiece.fandom.com/wiki/List_of_Canon_Characters
One Piece,Paulie,Male,Galley-La Company,shipwright foreman,,,rope action,Water 7;Enies Lobby,,,,,gender male,Is your character male?,gender,easy,https://onepiece.fandom.com/wiki/List_of_Canon_Characters
One Piece,Paulie,Male,Galley-La Company,shipwright foreman,,,rope action,Water 7;Enies Lobby,,,,,role shipwright foreman,Is your character a shipwright foreman?,role,easy,https://onepiece.fandom.com/wiki/List_of_Canon_Characters
One Piece,Paulie,Male,Galley-La Company,shipwright foreman,,,rope action,Water 7;Enies Lobby,,,,,signature paulie,Is your character the Galley-La foreman who fights using long ropes?,signature fact,hard,https://onepiece.fandom.com/wiki/List_of_Canon_Characters
One Piece,Pell,Male,Arabasta Kingdom,royal guard,Tori Tori no Mi: Model Falcon,,falcon transformation,Alabasta,,,,,affiliation arabasta kingdom,Is your character affiliated with Arabasta Kingdom?,affiliation,easy,https://onepiece.fandom.com/wiki/List_of_Canon_Characters
One Piece,Pell,Male,Arabasta Kingdom,royal guard,Tori Tori no Mi: Model Falcon,,falcon transformation,Alabasta,,,,,arc alabasta,Is your character shown during the Alabasta arc?,arc appearance,medium,https://onepiece.fandom.com/wiki/List_of_Canon_Characters
One Piece,Pell,Male,Arabasta Kingdom,royal guard,Tori Tori no Mi: Model Falcon,,falcon transformation,Alabasta,,,,,devil fruit tori tori no mi: model falcon,Does your character use Tori Tori no Mi: Model Falcon?,devil fruit,medium,https://onepiece.fandom.com/wiki/List_of_Canon_Characters
One Piece,Pell,Male,Arabasta Kingdom,royal guard,Tori Tori no Mi: Model Falcon,,falcon transformation,Alabasta,,,,,devil fruit user,Does your character use a Devil Fruit?,devil fruit,easy,https://onepiece.fandom.com/wiki/List_of_Canon_Characters
One Piece,Pell,Male,Arabasta Kingdom,royal guard,Tori Tori no Mi: Model Falcon,,falcon transformation,Alabasta,,,,,has devil fruit,Does your character have a Devil Fruit power?,devil fruit,easy,https://onepiece.fandom.com/wiki/List_of_Canon_Characters
One Piece,Pell,Male,Arabasta Kingdom,royal guard,Tori Tori no Mi: Model Falcon,,falcon transformation,Alabasta,,,,,fighting style falcon transformation,Does your character use falcon transformation?,fighting style,medium,https://onepiece.fandom.com/wiki/List_of_Canon_Characters
One Piece,Pell,Male,Arabasta Kingdom,royal guard,Tori Tori no Mi: Model Falcon,,falcon transformation,Alabasta,,,,,gender male,Is your character male?,gender,easy,https://onepiece.fandom.com/wiki/List_of_Canon_Characters
One Piece,Pell,Male,Arabasta Kingdom,royal guard,Tori Tori no Mi: Model Falcon,,falcon transformation,Alabasta,,,,,role royal guard,Is your character a royal guard?,role,easy,https://onepiece.fandom.com/wiki/List_of_Canon_Characters
One Piece,Pell,Male,Arabasta Kingdom,royal guard,Tori Tori no Mi: Model Falcon,,falcon transformation,Alabasta,,,,,signature pell,Is your character an Arabasta royal guard who transforms into a falcon?,signature fact,hard,https://onepiece.fandom.com/wiki/List_of_Canon_Characters
One Piece,Penguin,Male,Heart Pirates,pirate crew member,,,underwater combat,Sabaody;Wano,,,,,affiliation heart pirates,Is your character affiliated with Heart Pirates?,affiliation,easy,https://onepiece.fandom.com/wiki/List_of_Canon_Characters
One Piece,Penguin,Male,Heart Pirates,pirate crew member,,,underwater combat,Sabaody;Wano,,,,,arc sabaody archipelago,Is your character shown during the Sabaody Archipelago arc?,arc appearance,medium,https://onepiece.fandom.com/wiki/List_of_Canon_Characters
One Piece,Penguin,Male,Heart Pirates,pirate crew member,,,underwater combat,Sabaody;Wano,,,,,arc wano country,Is your character shown during the Wano Country arc?,arc appearance,medium,https://onepiece.fandom.com/wiki/List_of_Canon_Characters
One Piece,Penguin,Male,Heart Pirates,pirate crew member,,,underwater combat,Sabaody;Wano,,,,,fighting style underwater combat,Does your character use underwater combat?,fighting style,medium,https://onepiece.fandom.com/wiki/List_of_Canon_Characters
One Piece,Penguin,Male,Heart Pirates,pirate crew member,,,underwater combat,Sabaody;Wano,,,,,gender male,Is your character male?,gender,easy,https://onepiece.fandom.com/wiki/List_of_Canon_Characters
One Piece,Penguin,Male,Heart Pirates,pirate crew member,,,underwater combat,Sabaody;Wano,,,,,role pirate crew member,Is your character a pirate crew member?,role,easy,https://onepiece.fandom.com/wiki/List_of_Canon_Characters
One Piece,Penguin,Male,Heart Pirates,pirate crew member,,,underwater combat,Sabaody;Wano,,,,,signature penguin,Is your character the Heart Pirates member whose name is also the name of a black-and-white seabird?,signature fact,hard,https://onepiece.fandom.com/wiki/List_of_Canon_Characters
One Piece,Perona,Female,Thriller Bark Pirates,pirate officer,Horo Horo no Mi,,ghost creation,Thriller Bark;Egghead,,,,,affiliation thriller bark pirates,Is your character affiliated with Thriller Bark Pirates?,affiliation,easy,https://onepiece.fandom.com/wiki/List_of_Canon_Characters
One Piece,Perona,Female,Thriller Bark Pirates,pirate officer,Horo Horo no Mi,,ghost creation,Thriller Bark;Egghead,,,,,arc egghead,Is your character shown during the Egghead arc?,arc appearance,medium,https://onepiece.fandom.com/wiki/List_of_Canon_Characters
One Piece,Perona,Female,Thriller Bark Pirates,pirate officer,Horo Horo no Mi,,ghost creation,Thriller Bark;Egghead,,,,,arc thriller bark,Is your character shown during the Thriller Bark arc?,arc appearance,medium,https://onepiece.fandom.com/wiki/List_of_Canon_Characters
One Piece,Perona,Female,Thriller Bark Pirates,pirate officer,Horo Horo no Mi,,ghost creation,Thriller Bark;Egghead,,,,,devil fruit horo horo no mi,Does your character use Horo Horo no Mi?,devil fruit,medium,https://onepiece.fandom.com/wiki/List_of_Canon_Characters
One Piece,Perona,Female,Thriller Bark Pirates,pirate officer,Horo Horo no Mi,,ghost creation,Thriller Bark;Egghead,,,,,devil fruit user,Does your character use a Devil Fruit?,devil fruit,easy,https://onepiece.fandom.com/wiki/List_of_Canon_Characters
One Piece,Perona,Female,Thriller Bark Pirates,pirate officer,Horo Horo no Mi,,ghost creation,Thriller Bark;Egghead,,,,,has devil fruit,Does your character have a Devil Fruit power?,devil fruit,easy,https://onepiece.fandom.com/wiki/List_of_Canon_Characters
One Piece,Perona,Female,Thriller Bark Pirates,pirate officer,Horo Horo no Mi,,ghost creation,Thriller Bark;Egghead,,,,,fighting style ghost creation,Does your character use ghost creation?,fighting style,medium,https://onepiece.fandom.com/wiki/List_of_Canon_Characters
One Piece,Perona,Female,Thriller Bark Pirates,pirate officer,Horo Horo no Mi,,ghost creation,Thriller Bark;Egghead,,,,,gender female,Is your character female?,gender,easy,https://onepiece.fandom.com/wiki/List_of_Canon_Characters
One Piece,Perona,Female,Thriller Bark Pirates,pirate officer,Horo Horo no Mi,,ghost creation,Thriller Bark;Egghead,,,,,role pirate officer,Is your character a pirate officer?,role,easy,https://onepiece.fandom.com/wiki/List_of_Canon_Characters
One Piece,Perona,Female,Thriller Bark Pirates,pirate officer,Horo Horo no Mi,,ghost creation,Thriller Bark;Egghead,,,,,signature perona,Is your character the woman who creates negative ghosts with the Horo Horo no Mi?,signature fact,hard,https://onepiece.fandom.com/wiki/List_of_Canon_Characters
One Piece,Pierre,Male,Skypiea,mount,Uma Uma no Mi,,horse-bird transformation,Skypiea,,,,,affiliation skypiea,Is your character affiliated with Skypiea?,affiliation,easy,https://onepiece.fandom.com/wiki/List_of_Canon_Characters
One Piece,Pierre,Male,Skypiea,mount,Uma Uma no Mi,,horse-bird transformation,Skypiea,,,,,arc skypiea,Is your character shown during the Skypiea arc?,arc appearance,medium,https://onepiece.fandom.com/wiki/List_of_Canon_Characters
One Piece,Pierre,Male,Skypiea,mount,Uma Uma no Mi,,horse-bird transformation,Skypiea,,,,,devil fruit uma uma no mi,Does your character use Uma Uma no Mi?,devil fruit,medium,https://onepiece.fandom.com/wiki/List_of_Canon_Characters
One Piece,Pierre,Male,Skypiea,mount,Uma Uma no Mi,,horse-bird transformation,Skypiea,,,,,devil fruit user,Does your character use a Devil Fruit?,devil fruit,easy,https://onepiece.fandom.com/wiki/List_of_Canon_Characters
One Piece,Pierre,Male,Skypiea,mount,Uma Uma no Mi,,horse-bird transformation,Skypiea,,,,,has devil fruit,Does your character have a Devil Fruit power?,devil fruit,easy,https://onepiece.fandom.com/wiki/List_of_Canon_Characters
One Piece,Pierre,Male,Skypiea,mount,Uma Uma no Mi,,horse-bird transformation,Skypiea,,,,,fighting style horse-bird transformation,Does your character use horse-bird transformation?,fighting style,medium,https://onepiece.fandom.com/wiki/List_of_Canon_Characters
One Piece,Pierre,Male,Skypiea,mount,Uma Uma no Mi,,horse-bird transformation,Skypiea,,,,,gender male,Is your character male?,gender,easy,https://onepiece.fandom.com/wiki/List_of_Canon_Characters
One Piece,Pierre,Male,Skypiea,mount,Uma Uma no Mi,,horse-bird transformation,Skypiea,,,,,role mount,Is your character a mount?,role,easy,https://onepiece.fandom.com/wiki/List_of_Canon_Characters
One Piece,Pierre,Male,Skypiea,mount,Uma Uma no Mi,,horse-bird transformation,Skypiea,,,,,signature pierre,Is your character a bird that ate the Horse-Horse Fruit and serves as a knight’s mount?,signature fact,hard,https://onepiece.fandom.com/wiki/List_of_Canon_Characters
One Piece,Pierre,Male,Skypiea,mount,Uma Uma no Mi,,horse-bird transformation,Skypiea,,,,,species bird,Is your character a bird?,species,easy,https://onepiece.fandom.com/wiki/List_of_Canon_Characters
One Piece,Portgas D. Ace,Male,Whitebeard Pirates,Pirate Commander,Mera Mera no Mi,"Armament, Conqueror's",Fire Fist,"Alabasta, Marineford",,,,,affiliation whitebeard pirates,Is your character affiliated with Whitebeard Pirates?,affiliation,easy,User-provided One Piece table dated 2025-11-02
One Piece,Portgas D. Ace,Male,Whitebeard Pirates,Pirate Commander,Mera Mera no Mi,"Armament, Conqueror's",Fire Fist,"Alabasta, Marineford",,,,,arc alabasta,Is your character shown during the Alabasta arc?,arc appearance,medium,User-provided One Piece table dated 2025-11-02
One Piece,Portgas D. Ace,Male,Whitebeard Pirates,Pirate Commander,Mera Mera no Mi,"Armament, Conqueror's",Fire Fist,"Alabasta, Marineford",,,,,arc marineford,Is your character shown during the Marineford arc?,arc appearance,medium,User-provided One Piece table dated 2025-11-02
One Piece,Portgas D. Ace,Male,Whitebeard Pirates,Pirate Commander,Mera Mera no Mi,"Armament, Conqueror's",Fire Fist,"Alabasta, Marineford",,,,,devil fruit mera mera no mi,Does your character use Mera Mera no Mi?,devil fruit,medium,User-provided One Piece table dated 2025-11-02
One Piece,Portgas D. Ace,Male,Whitebeard Pirates,Pirate Commander,Mera Mera no Mi,"Armament, Conqueror's",Fire Fist,"Alabasta, Marineford",,,,,devil fruit user,Does your character use a Devil Fruit?,devil fruit,easy,User-provided One Piece table dated 2025-11-02
One Piece,Portgas D. Ace,Male,Whitebeard Pirates,Pirate Commander,Mera Mera no Mi,"Armament, Conqueror's",Fire Fist,"Alabasta, Marineford",,,,,has devil fruit,Does your character have a Devil Fruit power?,devil fruit,easy,User-provided One Piece table dated 2025-11-02
One Piece,Portgas D. Ace,Male,Whitebeard Pirates,Pirate Commander,Mera Mera no Mi,"Armament, Conqueror's",Fire Fist,"Alabasta, Marineford",,,,,fighting style fire fist,Does your character fight using Fire Fist attacks?,fighting style,medium,User-provided One Piece table dated 2025-11-02
One Piece,Portgas D. Ace,Male,Whitebeard Pirates,Pirate Commander,Mera Mera no Mi,"Armament, Conqueror's",Fire Fist,"Alabasta, Marineford",,,,,gender male,Is your character male?,gender,easy,User-provided One Piece table dated 2025-11-02
One Piece,Portgas D. Ace,Male,Whitebeard Pirates,Pirate Commander,Mera Mera no Mi,"Armament, Conqueror's",Fire Fist,"Alabasta, Marineford",,,,,armament haki,Does your character use Armament Haki?,haki,easy,User-provided One Piece table dated 2025-11-02
One Piece,Portgas D. Ace,Male,Whitebeard Pirates,Pirate Commander,Mera Mera no Mi,"Armament, Conqueror's",Fire Fist,"Alabasta, Marineford",,,,,conquerors haki,Does your character use Conqueror's Haki?,haki,easy,User-provided One Piece table dated 2025-11-02
One Piece,Portgas D. Ace,Male,Whitebeard Pirates,Pirate Commander,Mera Mera no Mi,"Armament, Conqueror's",Fire Fist,"Alabasta, Marineford",,,,,uses haki,Does your character use Haki?,haki,easy,User-provided One Piece table dated 2025-11-02
One Piece,Portgas D. Ace,Male,Whitebeard Pirates,Pirate Commander,Mera Mera no Mi,"Armament, Conqueror's",Fire Fist,"Alabasta, Marineford",,,,,role pirate commander,Is your character a pirate commander?,role,easy,User-provided One Piece table dated 2025-11-02
One Piece,Portgas D. Ace,Male,Whitebeard Pirates,Pirate Commander,Mera Mera no Mi,"Armament, Conqueror's",Fire Fist,"Alabasta, Marineford",,,,,signature portgas d ace,Is your character a Whitebeard Pirates commander who uses the Mera Mera no Mi?,signature fact,medium,User-provided One Piece table dated 2025-11-02
One Piece,Queen,Male,Beasts Pirates / MADS,all-star commander and scientist,Ryu Ryu no Mi: Model Brachiosaurus,Armament Haki;Observation Haki,cyborg weapons and brachiosaurus form,Wano,,,,,affiliation beasts pirates,Is your character affiliated with Beasts Pirates?,affiliation,easy,https://onepiece.fandom.com/wiki/List_of_Canon_Characters
One Piece,Queen,Male,Beasts Pirates / MADS,all-star commander and scientist,Ryu Ryu no Mi: Model Brachiosaurus,Armament Haki;Observation Haki,cyborg weapons and brachiosaurus form,Wano,,,,,affiliation mads,Is your character affiliated with MADS?,affiliation,easy,https://onepiece.fandom.com/wiki/List_of_Canon_Characters
One Piece,Queen,Male,Beasts Pirates / MADS,all-star commander and scientist,Ryu Ryu no Mi: Model Brachiosaurus,Armament Haki;Observation Haki,cyborg weapons and brachiosaurus form,Wano,,,,,arc wano country,Is your character shown during the Wano Country arc?,arc appearance,medium,https://onepiece.fandom.com/wiki/List_of_Canon_Characters
One Piece,Queen,Male,Beasts Pirates / MADS,all-star commander and scientist,Ryu Ryu no Mi: Model Brachiosaurus,Armament Haki;Observation Haki,cyborg weapons and brachiosaurus form,Wano,,,,,devil fruit ryu ryu no mi: model brachiosaurus,Does your character use Ryu Ryu no Mi: Model Brachiosaurus?,devil fruit,medium,https://onepiece.fandom.com/wiki/List_of_Canon_Characters
One Piece,Queen,Male,Beasts Pirates / MADS,all-star commander and scientist,Ryu Ryu no Mi: Model Brachiosaurus,Armament Haki;Observation Haki,cyborg weapons and brachiosaurus form,Wano,,,,,devil fruit user,Does your character use a Devil Fruit?,devil fruit,easy,https://onepiece.fandom.com/wiki/List_of_Canon_Characters
One Piece,Queen,Male,Beasts Pirates / MADS,all-star commander and scientist,Ryu Ryu no Mi: Model Brachiosaurus,Armament Haki;Observation Haki,cyborg weapons and brachiosaurus form,Wano,,,,,has devil fruit,Does your character have a Devil Fruit power?,devil fruit,easy,https://onepiece.fandom.com/wiki/List_of_Canon_Characters
One Piece,Queen,Male,Beasts Pirates / MADS,all-star commander and scientist,Ryu Ryu no Mi: Model Brachiosaurus,Armament Haki;Observation Haki,cyborg weapons and brachiosaurus form,Wano,,,,,fighting style cyborg weapons and brachiosaurus form,Does your character use cyborg weapons and brachiosaurus form?,fighting style,medium,https://onepiece.fandom.com/wiki/List_of_Canon_Characters
One Piece,Queen,Male,Beasts Pirates / MADS,all-star commander and scientist,Ryu Ryu no Mi: Model Brachiosaurus,Armament Haki;Observation Haki,cyborg weapons and brachiosaurus form,Wano,,,,,gender male,Is your character male?,gender,easy,https://onepiece.fandom.com/wiki/List_of_Canon_Characters
One Piece,Queen,Male,Beasts Pirates / MADS,all-star commander and scientist,Ryu Ryu no Mi: Model Brachiosaurus,Armament Haki;Observation Haki,cyborg weapons and brachiosaurus form,Wano,,,,,armament haki,Does your character use Armament Haki?,haki,easy,https://onepiece.fandom.com/wiki/List_of_Canon_Characters
One Piece,Queen,Male,Beasts Pirates / MADS,all-star commander and scientist,Ryu Ryu no Mi: Model Brachiosaurus,Armament Haki;Observation Haki,cyborg weapons and brachiosaurus form,Wano,,,,,observation haki,Does your character use Observation Haki?,haki,easy,https://onepiece.fandom.com/wiki/List_of_Canon_Characters
One Piece,Queen,Male,Beasts Pirates / MADS,all-star commander and scientist,Ryu Ryu no Mi: Model Brachiosaurus,Armament Haki;Observation Haki,cyborg weapons and brachiosaurus form,Wano,,,,,uses haki,Does your character use Haki?,haki,easy,https://onepiece.fandom.com/wiki/List_of_Canon_Characters
One Piece,Queen,Male,Beasts Pirates / MADS,all-star commander and scientist,Ryu Ryu no Mi: Model Brachiosaurus,Armament Haki;Observation Haki,cyborg weapons and brachiosaurus form,Wano,,,,,role all-star commander and scientist,Is your character a all-star commander and scientist?,role,easy,https://onepiece.fandom.com/wiki/List_of_Canon_Characters
One Piece,Queen,Male,Beasts Pirates / MADS,all-star commander and scientist,Ryu Ryu no Mi: Model Brachiosaurus,Armament Haki;Observation Haki,cyborg weapons and brachiosaurus form,Wano,,,,,signature queen,Is your character the cyborg scientist All-Star who transforms into a brachiosaurus?,signature fact,hard,https://onepiece.fandom.com/wiki/List_of_Canon_Characters
One Piece,Queen,Male,Beasts Pirates / MADS,all-star commander and scientist,Ryu Ryu no Mi: Model Brachiosaurus,Armament Haki;Observation Haki,cyborg weapons and brachiosaurus form,Wano,,,,,species human cyborg,Is your character a human cyborg?,species,easy,https://onepiece.fandom.com/wiki/List_of_Canon_Characters
One Piece,Rebecca,Female,Dressrosa Kingdom,princess and former gladiator,,Observation Haki,sword and shield,Dressrosa,,,,,affiliation dressrosa kingdom,Is your character affiliated with Dressrosa Kingdom?,affiliation,easy,https://onepiece.fandom.com/wiki/List_of_Canon_Characters
One Piece,Rebecca,Female,Dressrosa Kingdom,princess and former gladiator,,Observation Haki,sword and shield,Dressrosa,,,,,arc dressrosa,Is your character shown during the Dressrosa arc?,arc appearance,medium,https://onepiece.fandom.com/wiki/List_of_Canon_Characters
One Piece,Rebecca,Female,Dressrosa Kingdom,princess and former gladiator,,Observation Haki,sword and shield,Dressrosa,,,,,fighting style sword and shield,Does your character use sword and shield?,fighting style,medium,https://onepiece.fandom.com/wiki/List_of_Canon_Characters
One Piece,Rebecca,Female,Dressrosa Kingdom,princess and former gladiator,,Observation Haki,sword and shield,Dressrosa,,,,,gender female,Is your character female?,gender,easy,https://onepiece.fandom.com/wiki/List_of_Canon_Characters
One Piece,Rebecca,Female,Dressrosa Kingdom,princess and former gladiator,,Observation Haki,sword and shield,Dressrosa,,,,,observation haki,Does your character use Observation Haki?,haki,easy,https://onepiece.fandom.com/wiki/List_of_Canon_Characters
One Piece,Rebecca,Female,Dressrosa Kingdom,princess and former gladiator,,Observation Haki,sword and shield,Dressrosa,,,,,uses haki,Does your character use Haki?,haki,easy,https://onepiece.fandom.com/wiki/List_of_Canon_Characters
One Piece,Rebecca,Female,Dressrosa Kingdom,princess and former gladiator,,Observation Haki,sword and shield,Dressrosa,,,,,role princess and former gladiator,Is your character a princess and former gladiator?,role,easy,https://onepiece.fandom.com/wiki/List_of_Canon_Characters
One Piece,Rebecca,Female,Dressrosa Kingdom,princess and former gladiator,,Observation Haki,sword and shield,Dressrosa,,,,,signature rebecca,Is your character the pink-haired Dressrosa princess who fought as a gladiator?,signature clue,medium,https://onepiece.fandom.com/wiki/List_of_Canon_Characters
One Piece,Rob Lucci,Male,World Government,CP0 Agent,Neko Neko no Mi: Leopard,"Armament, Observation",Rokushiki,"Enies Lobby, Egghead",,,,,affiliation world government,Is your character affiliated with World Government?,affiliation,easy,User-provided One Piece table dated 2025-11-02
One Piece,Rob Lucci,Male,World Government,CP0 Agent,Neko Neko no Mi: Leopard,"Armament, Observation",Rokushiki,"Enies Lobby, Egghead",,,,,arc dressrosa,Is your character shown during the Dressrosa arc?,arc appearance,medium,https://onepiece.fandom.com/wiki/Dressrosa_Arc
One Piece,Rob Lucci,Male,World Government,CP0 Agent,Neko Neko no Mi: Leopard,"Armament, Observation",Rokushiki,"Enies Lobby, Egghead",,,,,arc egghead,Is your character shown during the Egghead arc?,arc appearance,medium,https://onepiece.fandom.com/wiki/Rob_Lucci/History
One Piece,Rob Lucci,Male,World Government,CP0 Agent,Neko Neko no Mi: Leopard,"Armament, Observation",Rokushiki,"Enies Lobby, Egghead",,,,,arc enies lobby,Is your character shown during the Enies Lobby arc?,arc appearance,medium,https://one-piece.com/character/Rob_Lucci/index.html
One Piece,Rob Lucci,Male,World Government,CP0 Agent,Neko Neko no Mi: Leopard,"Armament, Observation",Rokushiki,"Enies Lobby, Egghead",,,,,arc wano country,Is your character shown during the Wano Country arc?,arc appearance,medium,https://onepiece.fandom.com/wiki/Rob_Lucci/History
One Piece,Rob Lucci,Male,World Government,CP0 Agent,Neko Neko no Mi: Leopard,"Armament, Observation",Rokushiki,"Enies Lobby, Egghead",,,,,devil fruit neko neko no mi: leopard,Does your character use Neko Neko no Mi: Leopard?,devil fruit,medium,User-provided One Piece table dated 2025-11-02
One Piece,Rob Lucci,Male,World Government,CP0 Agent,Neko Neko no Mi: Leopard,"Armament, Observation",Rokushiki,"Enies Lobby, Egghead",,,,,devil fruit user,Does your character use a Devil Fruit?,devil fruit,easy,User-provided One Piece table dated 2025-11-02
One Piece,Rob Lucci,Male,World Government,CP0 Agent,Neko Neko no Mi: Leopard,"Armament, Observation",Rokushiki,"Enies Lobby, Egghead",,,,,has devil fruit,Does your character have a Devil Fruit power?,devil fruit,easy,User-provided One Piece table dated 2025-11-02
One Piece,Rob Lucci,Male,World Government,CP0 Agent,Neko Neko no Mi: Leopard,"Armament, Observation",Rokushiki,"Enies Lobby, Egghead",,,,,fighting style rokushiki,Does your character use Rokushiki?,fighting style,medium,User-provided One Piece table dated 2025-11-02
One Piece,Rob Lucci,Male,World Government,CP0 Agent,Neko Neko no Mi: Leopard,"Armament, Observation",Rokushiki,"Enies Lobby, Egghead",,,,,gender male,Is your character male?,gender,easy,User-provided One Piece table dated 2025-11-02
One Piece,Rob Lucci,Male,World Government,CP0 Agent,Neko Neko no Mi: Leopard,"Armament, Observation",Rokushiki,"Enies Lobby, Egghead",,,,,armament haki,Does your character use Armament Haki?,haki,easy,User-provided One Piece table dated 2025-11-02
One Piece,Rob Lucci,Male,World Government,CP0 Agent,Neko Neko no Mi: Leopard,"Armament, Observation",Rokushiki,"Enies Lobby, Egghead",,,,,observation haki,Does your character use Observation Haki?,haki,easy,User-provided One Piece table dated 2025-11-02
One Piece,Rob Lucci,Male,World Government,CP0 Agent,Neko Neko no Mi: Leopard,"Armament, Observation",Rokushiki,"Enies Lobby, Egghead",,,,,uses haki,Does your character use Haki?,haki,easy,User-provided One Piece table dated 2025-11-02
One Piece,Rob Lucci,Male,World Government,CP0 Agent,Neko Neko no Mi: Leopard,"Armament, Observation",Rokushiki,"Enies Lobby, Egghead",,,,,role cp0 agent,Is your character a cp0 agent?,role,easy,User-provided One Piece table dated 2025-11-02
One Piece,Rob Lucci,Male,World Government,CP0 Agent,Neko Neko no Mi: Leopard,"Armament, Observation",Rokushiki,"Enies Lobby, Egghead",,,,,signature rob lucci,Is your character a CP0 agent who uses Rokushiki and the Leopard Devil Fruit?,signature fact,medium,User-provided One Piece table dated 2025-11-02
One Piece,Roronoa Zoro,Male,Straw Hat Pirates,Swordsman,None,"Armament, Observation",Three-Sword Style,"East Blue, Wano",,,,,affiliation straw hat pirates,Is your character affiliated with Straw Hat Pirates?,affiliation,easy,User-provided One Piece table dated 2025-11-02
One Piece,Roronoa Zoro,Male,Straw Hat Pirates,Swordsman,None,"Armament, Observation",Three-Sword Style,"East Blue, Wano",,,,,arc wano country,Is your character shown during the Wano Country arc?,arc appearance,medium,User-provided One Piece table dated 2025-11-02
One Piece,Roronoa Zoro,Male,Straw Hat Pirates,Swordsman,None,"Armament, Observation",Three-Sword Style,"East Blue, Wano",,,,,saga east blue,Is your character shown during the East Blue saga?,arc appearance,medium,User-provided One Piece table dated 2025-11-02
One Piece,Roronoa Zoro,Male,Straw Hat Pirates,Swordsman,None,"Armament, Observation",Three-Sword Style,"East Blue, Wano",,,,,fighting style three-sword style,Does your character use the Three-Sword Style?,fighting style,medium,User-provided One Piece table dated 2025-11-02
One Piece,Roronoa Zoro,Male,Straw Hat Pirates,Swordsman,None,"Armament, Observation",Three-Sword Style,"East Blue, Wano",,,,,gender male,Is your character male?,gender,easy,User-provided One Piece table dated 2025-11-02
One Piece,Roronoa Zoro,Male,Straw Hat Pirates,Swordsman,None,"Armament, Observation",Three-Sword Style,"East Blue, Wano",,,,,armament haki,Does your character use Armament Haki?,haki,easy,User-provided One Piece table dated 2025-11-02
One Piece,Roronoa Zoro,Male,Straw Hat Pirates,Swordsman,None,"Armament, Observation",Three-Sword Style,"East Blue, Wano",,,,,observation haki,Does your character use Observation Haki?,haki,easy,User-provided One Piece table dated 2025-11-02
One Piece,Roronoa Zoro,Male,Straw Hat Pirates,Swordsman,None,"Armament, Observation",Three-Sword Style,"East Blue, Wano",,,,,uses haki,Does your character use Haki?,haki,easy,User-provided One Piece table dated 2025-11-02
One Piece,Roronoa Zoro,Male,Straw Hat Pirates,Swordsman,None,"Armament, Observation",Three-Sword Style,"East Blue, Wano",,,,,role swordsman,Is your character a swordsman?,role,easy,User-provided One Piece table dated 2025-11-02
One Piece,Roronoa Zoro,Male,Straw Hat Pirates,Swordsman,None,"Armament, Observation",Three-Sword Style,"East Blue, Wano",,,,,signature roronoa zoro,Is your character the Straw Hat swordsman who uses the Three-Sword Style?,signature fact,medium,User-provided One Piece table dated 2025-11-02
One Piece,Ryuma,Male,Thriller Bark / Wano,zombie samurai,,,swordsmanship with Shusui,Thriller Bark,,,,,affiliation thriller bark,Is your character affiliated with Thriller Bark?,affiliation,easy,https://onepiece.fandom.com/wiki/List_of_Canon_Characters
One Piece,Ryuma,Male,Thriller Bark / Wano,zombie samurai,,,swordsmanship with Shusui,Thriller Bark,,,,,affiliation wano,Is your character affiliated with Wano?,affiliation,easy,https://onepiece.fandom.com/wiki/List_of_Canon_Characters
One Piece,Ryuma,Male,Thriller Bark / Wano,zombie samurai,,,swordsmanship with Shusui,Thriller Bark,,,,,arc thriller bark,Is your character shown during the Thriller Bark arc?,arc appearance,medium,https://onepiece.fandom.com/wiki/List_of_Canon_Characters
One Piece,Ryuma,Male,Thriller Bark / Wano,zombie samurai,,,swordsmanship with Shusui,Thriller Bark,,,,,fighting style swordsmanship with shusui,Does your character use swordsmanship with Shusui?,fighting style,medium,https://onepiece.fandom.com/wiki/List_of_Canon_Characters
One Piece,Ryuma,Male,Thriller Bark / Wano,zombie samurai,,,swordsmanship with Shusui,Thriller Bark,,,,,gender male,Is your character male?,gender,easy,https://onepiece.fandom.com/wiki/List_of_Canon_Characters
One Piece,Ryuma,Male,Thriller Bark / Wano,zombie samurai,,,swordsmanship with Shusui,Thriller Bark,,,,,role zombie samurai,Is your character a zombie samurai?,role,easy,https://onepiece.fandom.com/wiki/List_of_Canon_Characters
One Piece,Ryuma,Male,Thriller Bark / Wano,zombie samurai,,,swordsmanship with Shusui,Thriller Bark,,,,,signature ryuma,Is your character the zombie samurai from Wano who wielded the black blade Shusui?,signature fact,hard,https://onepiece.fandom.com/wiki/List_of_Canon_Characters
One Piece,Ryuma,Male,Thriller Bark / Wano,zombie samurai,,,swordsmanship with Shusui,Thriller Bark,,,,,species human zombie,Is your character a human zombie?,species,easy,https://onepiece.fandom.com/wiki/List_of_Canon_Characters
One Piece,Sabo,Male,Revolutionary Army,Chief of Staff,Mera Mera no Mi,All 3,Dragon Claw fist,"Dressrosa, Reverie",,,,,affiliation revolutionary army,Is your character affiliated with Revolutionary Army?,affiliation,easy,User-provided One Piece table dated 2025-11-02
One Piece,Sabo,Male,Revolutionary Army,Chief of Staff,Mera Mera no Mi,All 3,Dragon Claw fist,"Dressrosa, Reverie",,,,,arc dressrosa,Is your character shown during the Dressrosa arc?,arc appearance,medium,User-provided One Piece table dated 2025-11-02
One Piece,Sabo,Male,Revolutionary Army,Chief of Staff,Mera Mera no Mi,All 3,Dragon Claw fist,"Dressrosa, Reverie",,,,,arc levely,Is your character shown during the Levely (Reverie) arc?,arc appearance,medium,User-provided One Piece table dated 2025-11-02
One Piece,Sabo,Male,Revolutionary Army,Chief of Staff,Mera Mera no Mi,All 3,Dragon Claw fist,"Dressrosa, Reverie",,,,,devil fruit mera mera no mi,Does your character use Mera Mera no Mi?,devil fruit,medium,User-provided One Piece table dated 2025-11-02
One Piece,Sabo,Male,Revolutionary Army,Chief of Staff,Mera Mera no Mi,All 3,Dragon Claw fist,"Dressrosa, Reverie",,,,,devil fruit user,Does your character use a Devil Fruit?,devil fruit,easy,User-provided One Piece table dated 2025-11-02
One Piece,Sabo,Male,Revolutionary Army,Chief of Staff,Mera Mera no Mi,All 3,Dragon Claw fist,"Dressrosa, Reverie",,,,,has devil fruit,Does your character have a Devil Fruit power?,devil fruit,easy,User-provided One Piece table dated 2025-11-02
One Piece,Sabo,Male,Revolutionary Army,Chief of Staff,Mera Mera no Mi,All 3,Dragon Claw fist,"Dressrosa, Reverie",,,,,fighting style dragon claw fist,Does your character use Dragon Claw techniques?,fighting style,medium,User-provided One Piece table dated 2025-11-02
One Piece,Sabo,Male,Revolutionary Army,Chief of Staff,Mera Mera no Mi,All 3,Dragon Claw fist,"Dressrosa, Reverie",,,,,gender male,Is your character male?,gender,easy,User-provided One Piece table dated 2025-11-02
One Piece,Sabo,Male,Revolutionary Army,Chief of Staff,Mera Mera no Mi,All 3,Dragon Claw fist,"Dressrosa, Reverie",,,,,all three haki types,Does your character use all three types of Haki?,haki,easy,User-provided One Piece table dated 2025-11-02
One Piece,Sabo,Male,Revolutionary Army,Chief of Staff,Mera Mera no Mi,All 3,Dragon Claw fist,"Dressrosa, Reverie",,,,,armament haki,Does your character use Armament Haki?,haki,easy,User-provided One Piece table dated 2025-11-02
One Piece,Sabo,Male,Revolutionary Army,Chief of Staff,Mera Mera no Mi,All 3,Dragon Claw fist,"Dressrosa, Reverie",,,,,conquerors haki,Does your character use Conqueror's Haki?,haki,easy,User-provided One Piece table dated 2025-11-02
One Piece,Sabo,Male,Revolutionary Army,Chief of Staff,Mera Mera no Mi,All 3,Dragon Claw fist,"Dressrosa, Reverie",,,,,observation haki,Does your character use Observation Haki?,haki,easy,User-provided One Piece table dated 2025-11-02
One Piece,Sabo,Male,Revolutionary Army,Chief of Staff,Mera Mera no Mi,All 3,Dragon Claw fist,"Dressrosa, Reverie",,,,,uses haki,Does your character use Haki?,haki,easy,User-provided One Piece table dated 2025-11-02
One Piece,Sabo,Male,Revolutionary Army,Chief of Staff,Mera Mera no Mi,All 3,Dragon Claw fist,"Dressrosa, Reverie",,,,,role chief of staff,Is your character a chief of staff?,role,easy,User-provided One Piece table dated 2025-11-02
One Piece,Sabo,Male,Revolutionary Army,Chief of Staff,Mera Mera no Mi,All 3,Dragon Claw fist,"Dressrosa, Reverie",,,,,signature sabo,Is your character the Revolutionary Army chief of staff who uses the Mera Mera no Mi?,signature fact,medium,User-provided One Piece table dated 2025-11-02
One Piece,Saint Charlos,Male,World Government,world noble,,,pistol,Sabaody;Reverie,,,,,affiliation world government,Is your character affiliated with World Government?,affiliation,easy,https://onepiece.fandom.com/wiki/List_of_Canon_Characters
One Piece,Saint Charlos,Male,World Government,world noble,,,pistol,Sabaody;Reverie,,,,,arc levely,Is your character shown during the Levely (Reverie) arc?,arc appearance,medium,https://onepiece.fandom.com/wiki/List_of_Canon_Characters
One Piece,Saint Charlos,Male,World Government,world noble,,,pistol,Sabaody;Reverie,,,,,arc sabaody archipelago,Is your character shown during the Sabaody Archipelago arc?,arc appearance,medium,https://onepiece.fandom.com/wiki/List_of_Canon_Characters
One Piece,Saint Charlos,Male,World Government,world noble,,,pistol,Sabaody;Reverie,,,,,fighting style pistol,Does your character use pistol?,fighting style,medium,https://onepiece.fandom.com/wiki/List_of_Canon_Characters
One Piece,Saint Charlos,Male,World Government,world noble,,,pistol,Sabaody;Reverie,,,,,gender male,Is your character male?,gender,easy,https://onepiece.fandom.com/wiki/List_of_Canon_Characters
One Piece,Saint Charlos,Male,World Government,world noble,,,pistol,Sabaody;Reverie,,,,,role world noble,Is your character a world noble?,role,easy,https://onepiece.fandom.com/wiki/List_of_Canon_Characters
One Piece,Saint Charlos,Male,World Government,world noble,,,pistol,Sabaody;Reverie,,,,,signature saint charlos,Is your character the World Noble who was punched at the human auction house?,signature fact,hard,https://onepiece.fandom.com/wiki/List_of_Canon_Characters
One Piece,Sakazuki (Akainu),Male,Marines,Fleet Admiral,Magu Magu no Mi,"Armament, Observation",Magma powers,Marineford,,,,,affiliation marines,Is your character affiliated with Marines?,affiliation,easy,User-provided One Piece table dated 2025-11-02
One Piece,Sakazuki (Akainu),Male,Marines,Fleet Admiral,Magu Magu no Mi,"Armament, Observation",Magma powers,Marineford,,,,,arc marineford,Is your character shown during the Marineford arc?,arc appearance,medium,User-provided One Piece table dated 2025-11-02
One Piece,Sakazuki (Akainu),Male,Marines,Fleet Admiral,Magu Magu no Mi,"Armament, Observation",Magma powers,Marineford,,,,,devil fruit magu magu no mi,Does your character use Magu Magu no Mi?,devil fruit,medium,User-provided One Piece table dated 2025-11-02
One Piece,Sakazuki (Akainu),Male,Marines,Fleet Admiral,Magu Magu no Mi,"Armament, Observation",Magma powers,Marineford,,,,,devil fruit user,Does your character use a Devil Fruit?,devil fruit,easy,User-provided One Piece table dated 2025-11-02
One Piece,Sakazuki (Akainu),Male,Marines,Fleet Admiral,Magu Magu no Mi,"Armament, Observation",Magma powers,Marineford,,,,,has devil fruit,Does your character have a Devil Fruit power?,devil fruit,easy,User-provided One Piece table dated 2025-11-02
One Piece,Sakazuki (Akainu),Male,Marines,Fleet Admiral,Magu Magu no Mi,"Armament, Observation",Magma powers,Marineford,,,,,fighting style magma powers,Does your character use magma powers?,fighting style,medium,User-provided One Piece table dated 2025-11-02
One Piece,Sakazuki (Akainu),Male,Marines,Fleet Admiral,Magu Magu no Mi,"Armament, Observation",Magma powers,Marineford,,,,,gender male,Is your character male?,gender,easy,User-provided One Piece table dated 2025-11-02
One Piece,Sakazuki (Akainu),Male,Marines,Fleet Admiral,Magu Magu no Mi,"Armament, Observation",Magma powers,Marineford,,,,,armament haki,Does your character use Armament Haki?,haki,easy,User-provided One Piece table dated 2025-11-02
One Piece,Sakazuki (Akainu),Male,Marines,Fleet Admiral,Magu Magu no Mi,"Armament, Observation",Magma powers,Marineford,,,,,observation haki,Does your character use Observation Haki?,haki,easy,User-provided One Piece table dated 2025-11-02
One Piece,Sakazuki (Akainu),Male,Marines,Fleet Admiral,Magu Magu no Mi,"Armament, Observation",Magma powers,Marineford,,,,,uses haki,Does your character use Haki?,haki,easy,User-provided One Piece table dated 2025-11-02
One Piece,Sakazuki (Akainu),Male,Marines,Fleet Admiral,Magu Magu no Mi,"Armament, Observation",Magma powers,Marineford,,,,,role fleet admiral,Is your character a fleet admiral?,role,easy,User-provided One Piece table dated 2025-11-02
One Piece,Sakazuki (Akainu),Male,Marines,Fleet Admiral,Magu Magu no Mi,"Armament, Observation",Magma powers,Marineford,,,,,signature sakazuki akainu,Is your character the Marine fleet admiral who uses the Magu Magu no Mi?,signature fact,medium,User-provided One Piece table dated 2025-11-02
One Piece,Sanji,Male,Straw Hat Pirates,Cook,None,"Armament, Observation",Black Leg martial arts,"Baratie, Wano",,,,,affiliation straw hat pirates,Is your character affiliated with Straw Hat Pirates?,affiliation,easy,User-provided One Piece table dated 2025-11-02
One Piece,Sanji,Male,Straw Hat Pirates,Cook,None,"Armament, Observation",Black Leg martial arts,"Baratie, Wano",,,,,arc baratie,Is your character shown during the Baratie arc?,arc appearance,medium,User-provided One Piece table dated 2025-11-02
One Piece,Sanji,Male,Straw Hat Pirates,Cook,None,"Armament, Observation",Black Leg martial arts,"Baratie, Wano",,,,,arc wano country,Is your character shown during the Wano Country arc?,arc appearance,medium,User-provided One Piece table dated 2025-11-02
One Piece,Sanji,Male,Straw Hat Pirates,Cook,None,"Armament, Observation",Black Leg martial arts,"Baratie, Wano",,,,,fighting style black leg martial arts,Does your character use Black Leg martial arts?,fighting style,medium,User-provided One Piece table dated 2025-11-02
One Piece,Sanji,Male,Straw Hat Pirates,Cook,None,"Armament, Observation",Black Leg martial arts,"Baratie, Wano",,,,,gender male,Is your character male?,gender,easy,User-provided One Piece table dated 2025-11-02
One Piece,Sanji,Male,Straw Hat Pirates,Cook,None,"Armament, Observation",Black Leg martial arts,"Baratie, Wano",,,,,armament haki,Does your character use Armament Haki?,haki,easy,User-provided One Piece table dated 2025-11-02
One Piece,Sanji,Male,Straw Hat Pirates,Cook,None,"Armament, Observation",Black Leg martial arts,"Baratie, Wano",,,,,observation haki,Does your character use Observation Haki?,haki,easy,User-provided One Piece table dated 2025-11-02
One Piece,Sanji,Male,Straw Hat Pirates,Cook,None,"Armament, Observation",Black Leg martial arts,"Baratie, Wano",,,,,uses haki,Does your character use Haki?,haki,easy,User-provided One Piece table dated 2025-11-02
One Piece,Sanji,Male,Straw Hat Pirates,Cook,None,"Armament, Observation",Black Leg martial arts,"Baratie, Wano",,,,,role cook,Is your character a cook?,role,easy,User-provided One Piece table dated 2025-11-02
One Piece,Sanji,Male,Straw Hat Pirates,Cook,None,"Armament, Observation",Black Leg martial arts,"Baratie, Wano",,,,,signature sanji,Is your character the Straw Hat cook who uses Black Leg martial arts?,signature fact,medium,User-provided One Piece table dated 2025-11-02
One Piece,Satori,Male,Enel Priests,priest,,Observation Haki,ball clouds and impact dials,Skypiea,,,,,affiliation enel priests,Is your character affiliated with Enel Priests?,affiliation,easy,https://onepiece.fandom.com/wiki/List_of_Canon_Characters
One Piece,Satori,Male,Enel Priests,priest,,Observation Haki,ball clouds and impact dials,Skypiea,,,,,arc skypiea,Is your character shown during the Skypiea arc?,arc appearance,medium,https://onepiece.fandom.com/wiki/List_of_Canon_Characters
One Piece,Satori,Male,Enel Priests,priest,,Observation Haki,ball clouds and impact dials,Skypiea,,,,,fighting style ball clouds and impact dials,Does your character use ball clouds and impact dials?,fighting style,medium,https://onepiece.fandom.com/wiki/List_of_Canon_Characters
One Piece,Satori,Male,Enel Priests,priest,,Observation Haki,ball clouds and impact dials,Skypiea,,,,,gender male,Is your character male?,gender,easy,https://onepiece.fandom.com/wiki/List_of_Canon_Characters
One Piece,Satori,Male,Enel Priests,priest,,Observation Haki,ball clouds and impact dials,Skypiea,,,,,observation haki,Does your character use Observation Haki?,haki,easy,https://onepiece.fandom.com/wiki/List_of_Canon_Characters
One Piece,Satori,Male,Enel Priests,priest,,Observation Haki,ball clouds and impact dials,Skypiea,,,,,uses haki,Does your character use Haki?,haki,easy,https://onepiece.fandom.com/wiki/List_of_Canon_Characters
One Piece,Satori,Male,Enel Priests,priest,,Observation Haki,ball clouds and impact dials,Skypiea,,,,,role priest,Is your character a priest?,role,easy,https://onepiece.fandom.com/wiki/List_of_Canon_Characters
One Piece,Satori,Male,Enel Priests,priest,,Observation Haki,ball clouds and impact dials,Skypiea,,,,,signature satori,Is your character the Skypiean priest who controls ball clouds during the Ordeal of Balls?,signature fact,hard,https://onepiece.fandom.com/wiki/List_of_Canon_Characters
One Piece,Satori,Male,Enel Priests,priest,,Observation Haki,ball clouds and impact dials,Skypiea,,,,,species skypiean,Is your character a Skypiean?,species,easy,https://onepiece.fandom.com/wiki/List_of_Canon_Characters
One Piece,Scratchmen Apoo,Male,On Air Pirates,Pirate Captain,Oto Oto no Mi,"Armament, Observation",Sound attacks,Wano,,,,,affiliation on air pirates,Is your character affiliated with On Air Pirates?,affiliation,easy,User-provided One Piece table dated 2025-11-02
One Piece,Scratchmen Apoo,Male,On Air Pirates,Pirate Captain,Oto Oto no Mi,"Armament, Observation",Sound attacks,Wano,,,,,arc wano country,Is your character shown during the Wano Country arc?,arc appearance,medium,User-provided One Piece table dated 2025-11-02
One Piece,Scratchmen Apoo,Male,On Air Pirates,Pirate Captain,Oto Oto no Mi,"Armament, Observation",Sound attacks,Wano,,,,,devil fruit oto oto no mi,Does your character use Oto Oto no Mi?,devil fruit,medium,User-provided One Piece table dated 2025-11-02
One Piece,Scratchmen Apoo,Male,On Air Pirates,Pirate Captain,Oto Oto no Mi,"Armament, Observation",Sound attacks,Wano,,,,,devil fruit user,Does your character use a Devil Fruit?,devil fruit,easy,User-provided One Piece table dated 2025-11-02
One Piece,Scratchmen Apoo,Male,On Air Pirates,Pirate Captain,Oto Oto no Mi,"Armament, Observation",Sound attacks,Wano,,,,,has devil fruit,Does your character have a Devil Fruit power?,devil fruit,easy,User-provided One Piece table dated 2025-11-02
One Piece,Scratchmen Apoo,Male,On Air Pirates,Pirate Captain,Oto Oto no Mi,"Armament, Observation",Sound attacks,Wano,,,,,fighting style sound attacks,Does your character attack using sound?,fighting style,medium,User-provided One Piece table dated 2025-11-02
One Piece,Scratchmen Apoo,Male,On Air Pirates,Pirate Captain,Oto Oto no Mi,"Armament, Observation",Sound attacks,Wano,,,,,gender male,Is your character male?,gender,easy,User-provided One Piece table dated 2025-11-02
One Piece,Scratchmen Apoo,Male,On Air Pirates,Pirate Captain,Oto Oto no Mi,"Armament, Observation",Sound attacks,Wano,,,,,armament haki,Does your character use Armament Haki?,haki,easy,User-provided One Piece table dated 2025-11-02
One Piece,Scratchmen Apoo,Male,On Air Pirates,Pirate Captain,Oto Oto no Mi,"Armament, Observation",Sound attacks,Wano,,,,,observation haki,Does your character use Observation Haki?,haki,easy,User-provided One Piece table dated 2025-11-02
One Piece,Scratchmen Apoo,Male,On Air Pirates,Pirate Captain,Oto Oto no Mi,"Armament, Observation",Sound attacks,Wano,,,,,uses haki,Does your character use Haki?,haki,easy,User-provided One Piece table dated 2025-11-02
One Piece,Scratchmen Apoo,Male,On Air Pirates,Pirate Captain,Oto Oto no Mi,"Armament, Observation",Sound attacks,Wano,,,,,role pirate captain,Is your character a pirate captain?,role,easy,User-provided One Piece table dated 2025-11-02
One Piece,Scratchmen Apoo,Male,On Air Pirates,Pirate Captain,Oto Oto no Mi,"Armament, Observation",Sound attacks,Wano,,,,,signature scratchmen apoo,Is your character the On Air Pirates captain who attacks using sound?,signature fact,medium,User-provided One Piece table dated 2025-11-02
One Piece,Sengoku,Male,Marines,former fleet admiral,Hito Hito no Mi: Model Daibutsu,All 3,Buddha transformation,Marineford,,,,,affiliation marines,Is your character affiliated with Marines?,affiliation,easy,https://onepiece.fandom.com/wiki/List_of_Canon_Characters
One Piece,Sengoku,Male,Marines,former fleet admiral,Hito Hito no Mi: Model Daibutsu,All 3,Buddha transformation,Marineford,,,,,arc marineford,Is your character shown during the Marineford arc?,arc appearance,medium,https://onepiece.fandom.com/wiki/List_of_Canon_Characters
One Piece,Sengoku,Male,Marines,former fleet admiral,Hito Hito no Mi: Model Daibutsu,All 3,Buddha transformation,Marineford,,,,,devil fruit hito hito no mi: model daibutsu,Does your character use Hito Hito no Mi: Model Daibutsu?,devil fruit,medium,https://onepiece.fandom.com/wiki/List_of_Canon_Characters
One Piece,Sengoku,Male,Marines,former fleet admiral,Hito Hito no Mi: Model Daibutsu,All 3,Buddha transformation,Marineford,,,,,devil fruit user,Does your character use a Devil Fruit?,devil fruit,easy,https://onepiece.fandom.com/wiki/List_of_Canon_Characters
One Piece,Sengoku,Male,Marines,former fleet admiral,Hito Hito no Mi: Model Daibutsu,All 3,Buddha transformation,Marineford,,,,,has devil fruit,Does your character have a Devil Fruit power?,devil fruit,easy,https://onepiece.fandom.com/wiki/List_of_Canon_Characters
One Piece,Sengoku,Male,Marines,former fleet admiral,Hito Hito no Mi: Model Daibutsu,All 3,Buddha transformation,Marineford,,,,,fighting style buddha transformation,Does your character use Buddha transformation?,fighting style,medium,https://onepiece.fandom.com/wiki/List_of_Canon_Characters
One Piece,Sengoku,Male,Marines,former fleet admiral,Hito Hito no Mi: Model Daibutsu,All 3,Buddha transformation,Marineford,,,,,gender male,Is your character male?,gender,easy,https://onepiece.fandom.com/wiki/List_of_Canon_Characters
One Piece,Sengoku,Male,Marines,former fleet admiral,Hito Hito no Mi: Model Daibutsu,All 3,Buddha transformation,Marineford,,,,,all three haki types,Does your character use all three types of Haki?,haki,easy,https://onepiece.fandom.com/wiki/List_of_Canon_Characters
One Piece,Sengoku,Male,Marines,former fleet admiral,Hito Hito no Mi: Model Daibutsu,All 3,Buddha transformation,Marineford,,,,,uses haki,Does your character use Haki?,haki,easy,https://onepiece.fandom.com/wiki/List_of_Canon_Characters
One Piece,Sengoku,Male,Marines,former fleet admiral,Hito Hito no Mi: Model Daibutsu,All 3,Buddha transformation,Marineford,,,,,role former fleet admiral,Is your character a former fleet admiral?,role,easy,https://onepiece.fandom.com/wiki/List_of_Canon_Characters
One Piece,Sengoku,Male,Marines,former fleet admiral,Hito Hito no Mi: Model Daibutsu,All 3,Buddha transformation,Marineford,,,,,signature sengoku,Is your character the former Marine fleet admiral who transforms into a giant golden Buddha?,signature fact,hard,https://onepiece.fandom.com/wiki/List_of_Canon_Characters
One Piece,Sentomaru,Male,Marines / Science Unit,marine science unit officer,,Armament Haki,large axe and palm strikes,Sabaody;Egghead,,,,,affiliation marines,Is your character affiliated with Marines?,affiliation,easy,https://onepiece.fandom.com/wiki/List_of_Canon_Characters
One Piece,Sentomaru,Male,Marines / Science Unit,marine science unit officer,,Armament Haki,large axe and palm strikes,Sabaody;Egghead,,,,,affiliation science unit,Is your character affiliated with Science Unit?,affiliation,easy,https://onepiece.fandom.com/wiki/List_of_Canon_Characters
One Piece,Sentomaru,Male,Marines / Science Unit,marine science unit officer,,Armament Haki,large axe and palm strikes,Sabaody;Egghead,,,,,arc egghead,Is your character shown during the Egghead arc?,arc appearance,medium,https://onepiece.fandom.com/wiki/List_of_Canon_Characters
One Piece,Sentomaru,Male,Marines / Science Unit,marine science unit officer,,Armament Haki,large axe and palm strikes,Sabaody;Egghead,,,,,arc sabaody archipelago,Is your character shown during the Sabaody Archipelago arc?,arc appearance,medium,https://onepiece.fandom.com/wiki/List_of_Canon_Characters
One Piece,Sentomaru,Male,Marines / Science Unit,marine science unit officer,,Armament Haki,large axe and palm strikes,Sabaody;Egghead,,,,,fighting style large axe and palm strikes,Does your character use large axe and palm strikes?,fighting style,medium,https://onepiece.fandom.com/wiki/List_of_Canon_Characters
One Piece,Sentomaru,Male,Marines / Science Unit,marine science unit officer,,Armament Haki,large axe and palm strikes,Sabaody;Egghead,,,,,gender male,Is your character male?,gender,easy,https://onepiece.fandom.com/wiki/List_of_Canon_Characters
One Piece,Sentomaru,Male,Marines / Science Unit,marine science unit officer,,Armament Haki,large axe and palm strikes,Sabaody;Egghead,,,,,armament haki,Does your character use Armament Haki?,haki,easy,https://onepiece.fandom.com/wiki/List_of_Canon_Characters
One Piece,Sentomaru,Male,Marines / Science Unit,marine science unit officer,,Armament Haki,large axe and palm strikes,Sabaody;Egghead,,,,,uses haki,Does your character use Haki?,haki,easy,https://onepiece.fandom.com/wiki/List_of_Canon_Characters
One Piece,Sentomaru,Male,Marines / Science Unit,marine science unit officer,,Armament Haki,large axe and palm strikes,Sabaody;Egghead,,,,,role marine science unit officer,Is your character a marine science unit officer?,role,easy,https://onepiece.fandom.com/wiki/List_of_Canon_Characters
One Piece,Sentomaru,Male,Marines / Science Unit,marine science unit officer,,Armament Haki,large axe and palm strikes,Sabaody;Egghead,,,,,signature sentomaru,Is your character the axe-carrying Marine science-unit officer who commands Pacifistas?,signature fact,hard,https://onepiece.fandom.com/wiki/List_of_Canon_Characters
One Piece,Shachi,Male,Heart Pirates,pirate crew member,,,underwater combat,Sabaody;Wano,,,,,affiliation heart pirates,Is your character affiliated with Heart Pirates?,affiliation,easy,https://onepiece.fandom.com/wiki/List_of_Canon_Characters
One Piece,Shachi,Male,Heart Pirates,pirate crew member,,,underwater combat,Sabaody;Wano,,,,,arc sabaody archipelago,Is your character shown during the Sabaody Archipelago arc?,arc appearance,medium,https://onepiece.fandom.com/wiki/List_of_Canon_Characters
One Piece,Shachi,Male,Heart Pirates,pirate crew member,,,underwater combat,Sabaody;Wano,,,,,arc wano country,Is your character shown during the Wano Country arc?,arc appearance,medium,https://onepiece.fandom.com/wiki/List_of_Canon_Characters
One Piece,Shachi,Male,Heart Pirates,pirate crew member,,,underwater combat,Sabaody;Wano,,,,,fighting style underwater combat,Does your character use underwater combat?,fighting style,medium,https://onepiece.fandom.com/wiki/List_of_Canon_Characters
One Piece,Shachi,Male,Heart Pirates,pirate crew member,,,underwater combat,Sabaody;Wano,,,,,gender male,Is your character male?,gender,easy,https://onepiece.fandom.com/wiki/List_of_Canon_Characters
One Piece,Shachi,Male,Heart Pirates,pirate crew member,,,underwater combat,Sabaody;Wano,,,,,role pirate crew member,Is your character a pirate crew member?,role,easy,https://onepiece.fandom.com/wiki/List_of_Canon_Characters
One Piece,Shachi,Male,Heart Pirates,pirate crew member,,,underwater combat,Sabaody;Wano,,,,,signature shachi,Is your character the Heart Pirates member usually paired with another crewman wearing a hat marked with a penguin?,signature fact,hard,https://onepiece.fandom.com/wiki/List_of_Canon_Characters
One Piece,Shakuyaku,Female,Shakky’s Rip-off Bar,bar owner and former pirate,,,information gathering,Sabaody;Amazon Lily,,,,,affiliation shakky's rip-off bar,Is your character affiliated with Shakky’s Rip-off Bar?,affiliation,easy,https://onepiece.fandom.com/wiki/List_of_Canon_Characters
One Piece,Shakuyaku,Female,Shakky’s Rip-off Bar,bar owner and former pirate,,,information gathering,Sabaody;Amazon Lily,,,,,arc amazon lily,Is your character shown during the Amazon Lily arc?,arc appearance,medium,https://onepiece.fandom.com/wiki/List_of_Canon_Characters
One Piece,Shakuyaku,Female,Shakky’s Rip-off Bar,bar owner and former pirate,,,information gathering,Sabaody;Amazon Lily,,,,,arc sabaody archipelago,Is your character shown during the Sabaody Archipelago arc?,arc appearance,medium,https://onepiece.fandom.com/wiki/List_of_Canon_Characters
One Piece,Shakuyaku,Female,Shakky’s Rip-off Bar,bar owner and former pirate,,,information gathering,Sabaody;Amazon Lily,,,,,fighting style information gathering,Does your character use information gathering?,fighting style,medium,https://onepiece.fandom.com/wiki/List_of_Canon_Characters
One Piece,Shakuyaku,Female,Shakky’s Rip-off Bar,bar owner and former pirate,,,information gathering,Sabaody;Amazon Lily,,,,,gender female,Is your character female?,gender,easy,https://onepiece.fandom.com/wiki/List_of_Canon_Characters
One Piece,Shakuyaku,Female,Shakky’s Rip-off Bar,bar owner and former pirate,,,information gathering,Sabaody;Amazon Lily,,,,,role bar owner and former pirate,Is your character a bar owner and former pirate?,role,easy,https://onepiece.fandom.com/wiki/List_of_Canon_Characters
One Piece,Shakuyaku,Female,Shakky’s Rip-off Bar,bar owner and former pirate,,,information gathering,Sabaody;Amazon Lily,,,,,signature shakuyaku,Is your character the former pirate who runs a bar with the Pirate King’s former first mate?,signature fact,hard,https://onepiece.fandom.com/wiki/List_of_Canon_Characters
One Piece,Shanks,Male,Red Hair Pirates,Pirate Captain (Yonko),None,All 3,Swordsmanship + Haki,"Fusha, Marineford",,,,,affiliation red hair pirates,Is your character affiliated with Red Hair Pirates?,affiliation,easy,User-provided One Piece table dated 2025-11-02
One Piece,Shanks,Male,Red Hair Pirates,Pirate Captain (Yonko),None,All 3,Swordsmanship + Haki,"Fusha, Marineford",,,,,arc marineford,Is your character shown during the Marineford arc?,arc appearance,medium,User-provided One Piece table dated 2025-11-02
One Piece,Shanks,Male,Red Hair Pirates,Pirate Captain (Yonko),None,All 3,Swordsmanship + Haki,"Fusha, Marineford",,,,,fighting style swordsmanship + haki,Does your character combine swordsmanship with Haki?,fighting style,medium,User-provided One Piece table dated 2025-11-02
One Piece,Shanks,Male,Red Hair Pirates,Pirate Captain (Yonko),None,All 3,Swordsmanship + Haki,"Fusha, Marineford",,,,,gender male,Is your character male?,gender,easy,User-provided One Piece table dated 2025-11-02
One Piece,Shanks,Male,Red Hair Pirates,Pirate Captain (Yonko),None,All 3,Swordsmanship + Haki,"Fusha, Marineford",,,,,all three haki types,Does your character use all three types of Haki?,haki,easy,User-provided One Piece table dated 2025-11-02
One Piece,Shanks,Male,Red Hair Pirates,Pirate Captain (Yonko),None,All 3,Swordsmanship + Haki,"Fusha, Marineford",,,,,armament haki,Does your character use Armament Haki?,haki,easy,User-provided One Piece table dated 2025-11-02
One Piece,Shanks,Male,Red Hair Pirates,Pirate Captain (Yonko),None,All 3,Swordsmanship + Haki,"Fusha, Marineford",,,,,conquerors haki,Does your character use Conqueror's Haki?,haki,easy,User-provided One Piece table dated 2025-11-02
One Piece,Shanks,Male,Red Hair Pirates,Pirate Captain (Yonko),None,All 3,Swordsmanship + Haki,"Fusha, Marineford",,,,,observation haki,Does your character use Observation Haki?,haki,easy,User-provided One Piece table dated 2025-11-02
One Piece,Shanks,Male,Red Hair Pirates,Pirate Captain (Yonko),None,All 3,Swordsmanship + Haki,"Fusha, Marineford",,,,,uses haki,Does your character use Haki?,haki,easy,User-provided One Piece table dated 2025-11-02
One Piece,Shanks,Male,Red Hair Pirates,Pirate Captain (Yonko),None,All 3,Swordsmanship + Haki,"Fusha, Marineford",,,,,role pirate captain,Is your character a pirate captain?,role,easy,User-provided One Piece table dated 2025-11-02
One Piece,Shanks,Male,Red Hair Pirates,Pirate Captain (Yonko),None,All 3,Swordsmanship + Haki,"Fusha, Marineford",,,,,role yonko,Is your character a yonko?,role,easy,User-provided One Piece table dated 2025-11-02
One Piece,Shanks,Male,Red Hair Pirates,Pirate Captain (Yonko),None,All 3,Swordsmanship + Haki,"Fusha, Marineford",,,,,signature shanks,Is your character the captain of the Red Hair Pirates and a user of all three Haki types?,signature fact,medium,User-provided One Piece table dated 2025-11-02
One Piece,Shirahoshi,Female,Ryugu Kingdom,princess and ancient weapon,,,Sea King communication,Fish-Man Island;Reverie,,,,,affiliation ryugu kingdom,Is your character affiliated with Ryugu Kingdom?,affiliation,easy,https://onepiece.fandom.com/wiki/List_of_Canon_Characters
One Piece,Shirahoshi,Female,Ryugu Kingdom,princess and ancient weapon,,,Sea King communication,Fish-Man Island;Reverie,,,,,arc fish-man island,Is your character shown during the Fish-Man Island arc?,arc appearance,medium,https://onepiece.fandom.com/wiki/List_of_Canon_Characters
One Piece,Shirahoshi,Female,Ryugu Kingdom,princess and ancient weapon,,,Sea King communication,Fish-Man Island;Reverie,,,,,arc levely,Is your character shown during the Levely (Reverie) arc?,arc appearance,medium,https://onepiece.fandom.com/wiki/List_of_Canon_Characters
One Piece,Shirahoshi,Female,Ryugu Kingdom,princess and ancient weapon,,,Sea King communication,Fish-Man Island;Reverie,,,,,fighting style sea king communication,Does your character use Sea King communication?,fighting style,medium,https://onepiece.fandom.com/wiki/List_of_Canon_Characters
One Piece,Shirahoshi,Female,Ryugu Kingdom,princess and ancient weapon,,,Sea King communication,Fish-Man Island;Reverie,,,,,gender female,Is your character female?,gender,easy,https://onepiece.fandom.com/wiki/List_of_Canon_Characters
One Piece,Shirahoshi,Female,Ryugu Kingdom,princess and ancient weapon,,,Sea King communication,Fish-Man Island;Reverie,,,,,role princess and ancient weapon,Is your character a princess and ancient weapon?,role,easy,https://onepiece.fandom.com/wiki/List_of_Canon_Characters
One Piece,Shirahoshi,Female,Ryugu Kingdom,princess and ancient weapon,,,Sea King communication,Fish-Man Island;Reverie,,,,,signature shirahoshi,Is your character the giant mermaid princess who is also the ancient weapon Poseidon?,signature fact,hard,https://onepiece.fandom.com/wiki/List_of_Canon_Characters
One Piece,Shirahoshi,Female,Ryugu Kingdom,princess and ancient weapon,,,Sea King communication,Fish-Man Island;Reverie,,,,,species giant mermaid,Is your character a giant mermaid?,species,easy,https://onepiece.fandom.com/wiki/List_of_Canon_Characters
One Piece,Shiryu,Male,Blackbeard Pirates / former Impel Down,pirate commander and former jailer,Suke Suke no Mi,Armament Haki;Observation Haki,swordsmanship and invisibility,Impel Down;Hachinosu,,,,,affiliation blackbeard pirates,Is your character affiliated with Blackbeard Pirates?,affiliation,easy,https://onepiece.fandom.com/wiki/List_of_Canon_Characters
One Piece,Shiryu,Male,Blackbeard Pirates / former Impel Down,pirate commander and former jailer,Suke Suke no Mi,Armament Haki;Observation Haki,swordsmanship and invisibility,Impel Down;Hachinosu,,,,,affiliation former impel down,Is your character affiliated with former Impel Down?,affiliation,easy,https://onepiece.fandom.com/wiki/List_of_Canon_Characters
One Piece,Shiryu,Male,Blackbeard Pirates / former Impel Down,pirate commander and former jailer,Suke Suke no Mi,Armament Haki;Observation Haki,swordsmanship and invisibility,Impel Down;Hachinosu,,,,,arc impel down,Is your character shown during the Impel Down arc?,arc appearance,medium,https://onepiece.fandom.com/wiki/List_of_Canon_Characters
One Piece,Shiryu,Male,Blackbeard Pirates / former Impel Down,pirate commander and former jailer,Suke Suke no Mi,Armament Haki;Observation Haki,swordsmanship and invisibility,Impel Down;Hachinosu,,,,,devil fruit suke suke no mi,Does your character use Suke Suke no Mi?,devil fruit,medium,https://onepiece.fandom.com/wiki/List_of_Canon_Characters
One Piece,Shiryu,Male,Blackbeard Pirates / former Impel Down,pirate commander and former jailer,Suke Suke no Mi,Armament Haki;Observation Haki,swordsmanship and invisibility,Impel Down;Hachinosu,,,,,devil fruit user,Does your character use a Devil Fruit?,devil fruit,easy,https://onepiece.fandom.com/wiki/List_of_Canon_Characters
One Piece,Shiryu,Male,Blackbeard Pirates / former Impel Down,pirate commander and former jailer,Suke Suke no Mi,Armament Haki;Observation Haki,swordsmanship and invisibility,Impel Down;Hachinosu,,,,,has devil fruit,Does your character have a Devil Fruit power?,devil fruit,easy,https://onepiece.fandom.com/wiki/List_of_Canon_Characters
One Piece,Shiryu,Male,Blackbeard Pirates / former Impel Down,pirate commander and former jailer,Suke Suke no Mi,Armament Haki;Observation Haki,swordsmanship and invisibility,Impel Down;Hachinosu,,,,,fighting style swordsmanship and invisibility,Does your character use swordsmanship and invisibility?,fighting style,medium,https://onepiece.fandom.com/wiki/List_of_Canon_Characters
One Piece,Shiryu,Male,Blackbeard Pirates / former Impel Down,pirate commander and former jailer,Suke Suke no Mi,Armament Haki;Observation Haki,swordsmanship and invisibility,Impel Down;Hachinosu,,,,,gender male,Is your character male?,gender,easy,https://onepiece.fandom.com/wiki/List_of_Canon_Characters
One Piece,Shiryu,Male,Blackbeard Pirates / former Impel Down,pirate commander and former jailer,Suke Suke no Mi,Armament Haki;Observation Haki,swordsmanship and invisibility,Impel Down;Hachinosu,,,,,armament haki,Does your character use Armament Haki?,haki,easy,https://onepiece.fandom.com/wiki/List_of_Canon_Characters
One Piece,Shiryu,Male,Blackbeard Pirates / former Impel Down,pirate commander and former jailer,Suke Suke no Mi,Armament Haki;Observation Haki,swordsmanship and invisibility,Impel Down;Hachinosu,,,,,observation haki,Does your character use Observation Haki?,haki,easy,https://onepiece.fandom.com/wiki/List_of_Canon_Characters
One Piece,Shiryu,Male,Blackbeard Pirates / former Impel Down,pirate commander and former jailer,Suke Suke no Mi,Armament Haki;Observation Haki,swordsmanship and invisibility,Impel Down;Hachinosu,,,,,uses haki,Does your character use Haki?,haki,easy,https://onepiece.fandom.com/wiki/List_of_Canon_Characters
One Piece,Shiryu,Male,Blackbeard Pirates / former Impel Down,pirate commander and former jailer,Suke Suke no Mi,Armament Haki;Observation Haki,swordsmanship and invisibility,Impel Down;Hachinosu,,,,,role pirate commander and former jailer,Is your character a pirate commander and former jailer?,role,easy,https://onepiece.fandom.com/wiki/List_of_Canon_Characters
One Piece,Shiryu,Male,Blackbeard Pirates / former Impel Down,pirate commander and former jailer,Suke Suke no Mi,Armament Haki;Observation Haki,swordsmanship and invisibility,Impel Down;Hachinosu,,,,,signature shiryu,Is your character the former Impel Down jailer who joined the Blackbeard Pirates and became invisible?,signature fact,hard,https://onepiece.fandom.com/wiki/List_of_Canon_Characters
One Piece,Shura,Male,Enel Priests,priest,,Observation Haki,heat lance and flying bird,Skypiea,,,,,affiliation enel priests,Is your character affiliated with Enel Priests?,affiliation,easy,https://onepiece.fandom.com/wiki/List_of_Canon_Characters
One Piece,Shura,Male,Enel Priests,priest,,Observation Haki,heat lance and flying bird,Skypiea,,,,,arc skypiea,Is your character shown during the Skypiea arc?,arc appearance,medium,https://onepiece.fandom.com/wiki/List_of_Canon_Characters
One Piece,Shura,Male,Enel Priests,priest,,Observation Haki,heat lance and flying bird,Skypiea,,,,,fighting style heat lance and flying bird,Does your character use heat lance and flying bird?,fighting style,medium,https://onepiece.fandom.com/wiki/List_of_Canon_Characters
One Piece,Shura,Male,Enel Priests,priest,,Observation Haki,heat lance and flying bird,Skypiea,,,,,gender male,Is your character male?,gender,easy,https://onepiece.fandom.com/wiki/List_of_Canon_Characters
One Piece,Shura,Male,Enel Priests,priest,,Observation Haki,heat lance and flying bird,Skypiea,,,,,observation haki,Does your character use Observation Haki?,haki,easy,https://onepiece.fandom.com/wiki/List_of_Canon_Characters
One Piece,Shura,Male,Enel Priests,priest,,Observation Haki,heat lance and flying bird,Skypiea,,,,,uses haki,Does your character use Haki?,haki,easy,https://onepiece.fandom.com/wiki/List_of_Canon_Characters
One Piece,Shura,Male,Enel Priests,priest,,Observation Haki,heat lance and flying bird,Skypiea,,,,,role priest,Is your character a priest?,role,easy,https://onepiece.fandom.com/wiki/List_of_Canon_Characters
One Piece,Shura,Male,Enel Priests,priest,,Observation Haki,heat lance and flying bird,Skypiea,,,,,signature shura,Is your character the Skypiean priest who fights with a heat lance while riding a giant bird?,signature fact,hard,https://onepiece.fandom.com/wiki/List_of_Canon_Characters
One Piece,Shura,Male,Enel Priests,priest,,Observation Haki,heat lance and flying bird,Skypiea,,,,,species skypiean,Is your character a Skypiean?,species,easy,https://onepiece.fandom.com/wiki/List_of_Canon_Characters
One Piece,Silvers Rayleigh,Male,Roger Pirates,First Mate,None,All 3,Sword + Haki,Sabaody,,,,,affiliation roger pirates,Is your character affiliated with Roger Pirates?,affiliation,easy,User-provided One Piece table dated 2025-11-02
One Piece,Silvers Rayleigh,Male,Roger Pirates,First Mate,None,All 3,Sword + Haki,Sabaody,,,,,arc sabaody archipelago,Is your character shown during the Sabaody Archipelago arc?,arc appearance,medium,User-provided One Piece table dated 2025-11-02
One Piece,Silvers Rayleigh,Male,Roger Pirates,First Mate,None,All 3,Sword + Haki,Sabaody,,,,,fighting style sword + haki,Does your character combine a sword with Haki?,fighting style,medium,User-provided One Piece table dated 2025-11-02
One Piece,Silvers Rayleigh,Male,Roger Pirates,First Mate,None,All 3,Sword + Haki,Sabaody,,,,,gender male,Is your character male?,gender,easy,User-provided One Piece table dated 2025-11-02
One Piece,Silvers Rayleigh,Male,Roger Pirates,First Mate,None,All 3,Sword + Haki,Sabaody,,,,,all three haki types,Does your character use all three types of Haki?,haki,easy,User-provided One Piece table dated 2025-11-02
One Piece,Silvers Rayleigh,Male,Roger Pirates,First Mate,None,All 3,Sword + Haki,Sabaody,,,,,armament haki,Does your character use Armament Haki?,haki,easy,User-provided One Piece table dated 2025-11-02
One Piece,Silvers Rayleigh,Male,Roger Pirates,First Mate,None,All 3,Sword + Haki,Sabaody,,,,,conquerors haki,Does your character use Conqueror's Haki?,haki,easy,User-provided One Piece table dated 2025-11-02
One Piece,Silvers Rayleigh,Male,Roger Pirates,First Mate,None,All 3,Sword + Haki,Sabaody,,,,,observation haki,Does your character use Observation Haki?,haki,easy,User-provided One Piece table dated 2025-11-02
One Piece,Silvers Rayleigh,Male,Roger Pirates,First Mate,None,All 3,Sword + Haki,Sabaody,,,,,uses haki,Does your character use Haki?,haki,easy,User-provided One Piece table dated 2025-11-02
One Piece,Silvers Rayleigh,Male,Roger Pirates,First Mate,None,All 3,Sword + Haki,Sabaody,,,,,role first mate,Is your character a first mate?,role,easy,User-provided One Piece table dated 2025-11-02
One Piece,Silvers Rayleigh,Male,Roger Pirates,First Mate,None,All 3,Sword + Haki,Sabaody,,,,,signature silvers rayleigh,Is your character the former first mate of the Roger Pirates who uses all three Haki types?,signature fact,medium,User-provided One Piece table dated 2025-11-02
One Piece,Smoker,Male,Marines,Marine Officer,Moku Moku no Mi,Armament,Smoke combat,"Loguetown, Punk Hazard",,,,,affiliation marines,Is your character affiliated with Marines?,affiliation,easy,User-provided One Piece table dated 2025-11-02
One Piece,Smoker,Male,Marines,Marine Officer,Moku Moku no Mi,Armament,Smoke combat,"Loguetown, Punk Hazard",,,,,arc loguetown,Is your character shown during the Loguetown arc?,arc appearance,medium,User-provided One Piece table dated 2025-11-02
One Piece,Smoker,Male,Marines,Marine Officer,Moku Moku no Mi,Armament,Smoke combat,"Loguetown, Punk Hazard",,,,,arc punk hazard,Is your character shown during the Punk Hazard arc?,arc appearance,medium,User-provided One Piece table dated 2025-11-02
One Piece,Smoker,Male,Marines,Marine Officer,Moku Moku no Mi,Armament,Smoke combat,"Loguetown, Punk Hazard",,,,,devil fruit moku moku no mi,Does your character use Moku Moku no Mi?,devil fruit,medium,User-provided One Piece table dated 2025-11-02
One Piece,Smoker,Male,Marines,Marine Officer,Moku Moku no Mi,Armament,Smoke combat,"Loguetown, Punk Hazard",,,,,devil fruit user,Does your character use a Devil Fruit?,devil fruit,easy,User-provided One Piece table dated 2025-11-02
One Piece,Smoker,Male,Marines,Marine Officer,Moku Moku no Mi,Armament,Smoke combat,"Loguetown, Punk Hazard",,,,,has devil fruit,Does your character have a Devil Fruit power?,devil fruit,easy,User-provided One Piece table dated 2025-11-02
One Piece,Smoker,Male,Marines,Marine Officer,Moku Moku no Mi,Armament,Smoke combat,"Loguetown, Punk Hazard",,,,,fighting style smoke combat,Does your character use smoke in combat?,fighting style,medium,User-provided One Piece table dated 2025-11-02
One Piece,Smoker,Male,Marines,Marine Officer,Moku Moku no Mi,Armament,Smoke combat,"Loguetown, Punk Hazard",,,,,gender male,Is your character male?,gender,easy,User-provided One Piece table dated 2025-11-02
One Piece,Smoker,Male,Marines,Marine Officer,Moku Moku no Mi,Armament,Smoke combat,"Loguetown, Punk Hazard",,,,,armament haki,Does your character use Armament Haki?,haki,easy,User-provided One Piece table dated 2025-11-02
One Piece,Smoker,Male,Marines,Marine Officer,Moku Moku no Mi,Armament,Smoke combat,"Loguetown, Punk Hazard",,,,,uses haki,Does your character use Haki?,haki,easy,User-provided One Piece table dated 2025-11-02
One Piece,Smoker,Male,Marines,Marine Officer,Moku Moku no Mi,Armament,Smoke combat,"Loguetown, Punk Hazard",,,,,role marine officer,Is your character a marine officer?,role,easy,User-provided One Piece table dated 2025-11-02
One Piece,Smoker,Male,Marines,Marine Officer,Moku Moku no Mi,Armament,Smoke combat,"Loguetown, Punk Hazard",,,,,signature smoker,Is your character a Marine officer who uses the Moku Moku no Mi?,signature fact,medium,User-provided One Piece table dated 2025-11-02
One Piece,Tashigi,Female,Marines,Marine Officer,None,Armament,Swordsmanship,Punk Hazard,,,,,affiliation marines,Is your character affiliated with Marines?,affiliation,easy,User-provided One Piece table dated 2025-11-02
One Piece,Tashigi,Female,Marines,Marine Officer,None,Armament,Swordsmanship,Punk Hazard,,,,,arc punk hazard,Is your character shown during the Punk Hazard arc?,arc appearance,medium,User-provided One Piece table dated 2025-11-02
One Piece,Tashigi,Female,Marines,Marine Officer,None,Armament,Swordsmanship,Punk Hazard,,,,,fighting style swordsmanship,Does your character fight with a sword?,fighting style,medium,User-provided One Piece table dated 2025-11-02
One Piece,Tashigi,Female,Marines,Marine Officer,None,Armament,Swordsmanship,Punk Hazard,,,,,gender female,Is your character female?,gender,easy,User-provided One Piece table dated 2025-11-02
One Piece,Tashigi,Female,Marines,Marine Officer,None,Armament,Swordsmanship,Punk Hazard,,,,,armament haki,Does your character use Armament Haki?,haki,easy,User-provided One Piece table dated 2025-11-02
One Piece,Tashigi,Female,Marines,Marine Officer,None,Armament,Swordsmanship,Punk Hazard,,,,,uses haki,Does your character use Haki?,haki,easy,User-provided One Piece table dated 2025-11-02
One Piece,Tashigi,Female,Marines,Marine Officer,None,Armament,Swordsmanship,Punk Hazard,,,,,role marine officer,Is your character a marine officer?,role,easy,User-provided One Piece table dated 2025-11-02
One Piece,Tashigi,Female,Marines,Marine Officer,None,Armament,Swordsmanship,Punk Hazard,,,,,signature tashigi,Is your character a female Marine officer who fights with a sword?,signature clue,medium,User-provided One Piece table dated 2025-11-02
One Piece,Tilestone,Male,Galley-La Company,shipwright foreman,,,large hammer,Water 7,,,,,affiliation galley-la company,Is your character affiliated with Galley-La Company?,affiliation,easy,https://onepiece.fandom.com/wiki/List_of_Canon_Characters
One Piece,Tilestone,Male,Galley-La Company,shipwright foreman,,,large hammer,Water 7,,,,,arc water 7,Is your character shown during the Water 7 arc?,arc appearance,medium,https://onepiece.fandom.com/wiki/List_of_Canon_Characters
One Piece,Tilestone,Male,Galley-La Company,shipwright foreman,,,large hammer,Water 7,,,,,fighting style large hammer,Does your character use large hammer?,fighting style,medium,https://onepiece.fandom.com/wiki/List_of_Canon_Characters
One Piece,Tilestone,Male,Galley-La Company,shipwright foreman,,,large hammer,Water 7,,,,,gender male,Is your character male?,gender,easy,https://onepiece.fandom.com/wiki/List_of_Canon_Characters
One Piece,Tilestone,Male,Galley-La Company,shipwright foreman,,,large hammer,Water 7,,,,,role shipwright foreman,Is your character a shipwright foreman?,role,easy,https://onepiece.fandom.com/wiki/List_of_Canon_Characters
One Piece,Tilestone,Male,Galley-La Company,shipwright foreman,,,large hammer,Water 7,,,,,signature tilestone,Is your character the very large Galley-La foreman who fights with a heavy hammer?,signature fact,hard,https://onepiece.fandom.com/wiki/List_of_Canon_Characters
One Piece,Tom,Male,Tom’s Workers,shipwright,,,shipbuilding,Water 7,,,,,affiliation tom's workers,Is your character affiliated with Tom’s Workers?,affiliation,easy,https://onepiece.fandom.com/wiki/List_of_Canon_Characters
One Piece,Tom,Male,Tom’s Workers,shipwright,,,shipbuilding,Water 7,,,,,arc water 7,Is your character shown during the Water 7 arc?,arc appearance,medium,https://onepiece.fandom.com/wiki/List_of_Canon_Characters
One Piece,Tom,Male,Tom’s Workers,shipwright,,,shipbuilding,Water 7,,,,,fighting style shipbuilding,Does your character use shipbuilding?,fighting style,medium,https://onepiece.fandom.com/wiki/List_of_Canon_Characters
One Piece,Tom,Male,Tom’s Workers,shipwright,,,shipbuilding,Water 7,,,,,gender male,Is your character male?,gender,easy,https://onepiece.fandom.com/wiki/List_of_Canon_Characters
One Piece,Tom,Male,Tom’s Workers,shipwright,,,shipbuilding,Water 7,,,,,role shipwright,Is your character a shipwright?,role,easy,https://onepiece.fandom.com/wiki/List_of_Canon_Characters
One Piece,Tom,Male,Tom’s Workers,shipwright,,,shipbuilding,Water 7,,,,,signature tom,Is your character the fish-man shipwright who built the Pirate King’s ship?,signature fact,hard,https://onepiece.fandom.com/wiki/List_of_Canon_Characters
One Piece,Tom,Male,Tom’s Workers,shipwright,,,shipbuilding,Water 7,,,,,species longhorn cowfish fish-man,Is your character a longhorn cowfish fish-man?,species,easy,https://onepiece.fandom.com/wiki/List_of_Canon_Characters
One Piece,Tony Tony Chopper,Male,Straw Hat Pirates,Doctor,Hito Hito no Mi,None,Rumble Ball forms,"Drum, Enies Lobby",,,,,affiliation straw hat pirates,Is your character affiliated with Straw Hat Pirates?,affiliation,easy,User-provided One Piece table dated 2025-11-02
One Piece,Tony Tony Chopper,Male,Straw Hat Pirates,Doctor,Hito Hito no Mi,None,Rumble Ball forms,"Drum, Enies Lobby",,,,,arc drum island,Is your character shown during the Drum Island arc?,arc appearance,medium,User-provided One Piece table dated 2025-11-02
One Piece,Tony Tony Chopper,Male,Straw Hat Pirates,Doctor,Hito Hito no Mi,None,Rumble Ball forms,"Drum, Enies Lobby",,,,,arc enies lobby,Is your character shown during the Enies Lobby arc?,arc appearance,medium,User-provided One Piece table dated 2025-11-02
One Piece,Tony Tony Chopper,Male,Straw Hat Pirates,Doctor,Hito Hito no Mi,None,Rumble Ball forms,"Drum, Enies Lobby",,,,,devil fruit hito hito no mi,Does your character use Hito Hito no Mi?,devil fruit,medium,User-provided One Piece table dated 2025-11-02
One Piece,Tony Tony Chopper,Male,Straw Hat Pirates,Doctor,Hito Hito no Mi,None,Rumble Ball forms,"Drum, Enies Lobby",,,,,devil fruit user,Does your character use a Devil Fruit?,devil fruit,easy,User-provided One Piece table dated 2025-11-02
One Piece,Tony Tony Chopper,Male,Straw Hat Pirates,Doctor,Hito Hito no Mi,None,Rumble Ball forms,"Drum, Enies Lobby",,,,,has devil fruit,Does your character have a Devil Fruit power?,devil fruit,easy,User-provided One Piece table dated 2025-11-02
One Piece,Tony Tony Chopper,Male,Straw Hat Pirates,Doctor,Hito Hito no Mi,None,Rumble Ball forms,"Drum, Enies Lobby",,,,,fighting style rumble ball forms,Does your character use Rumble Ball forms?,fighting style,medium,User-provided One Piece table dated 2025-11-02
One Piece,Tony Tony Chopper,Male,Straw Hat Pirates,Doctor,Hito Hito no Mi,None,Rumble Ball forms,"Drum, Enies Lobby",,,,,gender male,Is your character male?,gender,easy,User-provided One Piece table dated 2025-11-02
One Piece,Tony Tony Chopper,Male,Straw Hat Pirates,Doctor,Hito Hito no Mi,None,Rumble Ball forms,"Drum, Enies Lobby",,,,,role doctor,Is your character a doctor?,role,easy,User-provided One Piece table dated 2025-11-02
One Piece,Tony Tony Chopper,Male,Straw Hat Pirates,Doctor,Hito Hito no Mi,None,Rumble Ball forms,"Drum, Enies Lobby",,,,,signature tony tony chopper,Is your character the reindeer doctor of the Straw Hat Pirates who uses Rumble Ball forms?,signature fact,medium,User-provided One Piece table dated 2025-11-02
One Piece,Tony Tony Chopper,Male,Straw Hat Pirates,Doctor,Hito Hito no Mi,None,Rumble Ball forms,"Drum, Enies Lobby",,,,,species reindeer,Is your character a reindeer?,species,easy,User-provided One Piece table dated 2025-11-02
One Piece,Toto,Male,Yuba,town elder,,,,Alabasta,,,,,affiliation yuba,Is your character affiliated with Yuba?,affiliation,easy,https://onepiece.fandom.com/wiki/List_of_Canon_Characters
One Piece,Toto,Male,Yuba,town elder,,,,Alabasta,,,,,arc alabasta,Is your character shown during the Alabasta arc?,arc appearance,medium,https://onepiece.fandom.com/wiki/List_of_Canon_Characters
One Piece,Toto,Male,Yuba,town elder,,,,Alabasta,,,,,gender male,Is your character male?,gender,easy,https://onepiece.fandom.com/wiki/List_of_Canon_Characters
One Piece,Toto,Male,Yuba,town elder,,,,Alabasta,,,,,role town elder,Is your character a town elder?,role,easy,https://onepiece.fandom.com/wiki/List_of_Canon_Characters
One Piece,Toto,Male,Yuba,town elder,,,,Alabasta,,,,,signature toto,Is your character the elderly man who continued digging for water in the desert town of Yuba?,signature fact,hard,https://onepiece.fandom.com/wiki/List_of_Canon_Characters
One Piece,Trafalgar D. Water Law,Male,Heart Pirates,Pirate Captain,Ope Ope no Mi,"Armament, Observation",Sword + Room combat,"Dressrosa, Wano",,,,,affiliation heart pirates,Is your character affiliated with Heart Pirates?,affiliation,easy,User-provided One Piece table dated 2025-11-02
One Piece,Trafalgar D. Water Law,Male,Heart Pirates,Pirate Captain,Ope Ope no Mi,"Armament, Observation",Sword + Room combat,"Dressrosa, Wano",,,,,arc dressrosa,Is your character shown during the Dressrosa arc?,arc appearance,medium,User-provided One Piece table dated 2025-11-02
One Piece,Trafalgar D. Water Law,Male,Heart Pirates,Pirate Captain,Ope Ope no Mi,"Armament, Observation",Sword + Room combat,"Dressrosa, Wano",,,,,arc wano country,Is your character shown during the Wano Country arc?,arc appearance,medium,User-provided One Piece table dated 2025-11-02
One Piece,Trafalgar D. Water Law,Male,Heart Pirates,Pirate Captain,Ope Ope no Mi,"Armament, Observation",Sword + Room combat,"Dressrosa, Wano",,,,,devil fruit ope ope no mi,Does your character use Ope Ope no Mi?,devil fruit,medium,User-provided One Piece table dated 2025-11-02
One Piece,Trafalgar D. Water Law,Male,Heart Pirates,Pirate Captain,Ope Ope no Mi,"Armament, Observation",Sword + Room combat,"Dressrosa, Wano",,,,,devil fruit user,Does your character use a Devil Fruit?,devil fruit,easy,User-provided One Piece table dated 2025-11-02
One Piece,Trafalgar D. Water Law,Male,Heart Pirates,Pirate Captain,Ope Ope no Mi,"Armament, Observation",Sword + Room combat,"Dressrosa, Wano",,,,,has devil fruit,Does your character have a Devil Fruit power?,devil fruit,easy,User-provided One Piece table dated 2025-11-02
One Piece,Trafalgar D. Water Law,Male,Heart Pirates,Pirate Captain,Ope Ope no Mi,"Armament, Observation",Sword + Room combat,"Dressrosa, Wano",,,,,fighting style sword + room combat,Does your character combine sword attacks with Room?,fighting style,medium,User-provided One Piece table dated 2025-11-02
One Piece,Trafalgar D. Water Law,Male,Heart Pirates,Pirate Captain,Ope Ope no Mi,"Armament, Observation",Sword + Room combat,"Dressrosa, Wano",,,,,gender male,Is your character male?,gender,easy,User-provided One Piece table dated 2025-11-02
One Piece,Trafalgar D. Water Law,Male,Heart Pirates,Pirate Captain,Ope Ope no Mi,"Armament, Observation",Sword + Room combat,"Dressrosa, Wano",,,,,armament haki,Does your character use Armament Haki?,haki,easy,User-provided One Piece table dated 2025-11-02
One Piece,Trafalgar D. Water Law,Male,Heart Pirates,Pirate Captain,Ope Ope no Mi,"Armament, Observation",Sword + Room combat,"Dressrosa, Wano",,,,,observation haki,Does your character use Observation Haki?,haki,easy,User-provided One Piece table dated 2025-11-02
One Piece,Trafalgar D. Water Law,Male,Heart Pirates,Pirate Captain,Ope Ope no Mi,"Armament, Observation",Sword + Room combat,"Dressrosa, Wano",,,,,uses haki,Does your character use Haki?,haki,easy,User-provided One Piece table dated 2025-11-02
One Piece,Trafalgar D. Water Law,Male,Heart Pirates,Pirate Captain,Ope Ope no Mi,"Armament, Observation",Sword + Room combat,"Dressrosa, Wano",,,,,role pirate captain,Is your character a pirate captain?,role,easy,User-provided One Piece table dated 2025-11-02
One Piece,Trafalgar D. Water Law,Male,Heart Pirates,Pirate Captain,Ope Ope no Mi,"Armament, Observation",Sword + Room combat,"Dressrosa, Wano",,,,,signature trafalgar d water law,Is your character the Heart Pirates captain who uses the Ope Ope no Mi and Room combat?,signature fact,medium,User-provided One Piece table dated 2025-11-02
One Piece,Tsuru,Female,Marines,vice admiral,Woshu Woshu no Mi,Armament Haki;Observation Haki,washing and drying targets,Marineford;Dressrosa,,,,,affiliation marines,Is your character affiliated with Marines?,affiliation,easy,https://onepiece.fandom.com/wiki/List_of_Canon_Characters
One Piece,Tsuru,Female,Marines,vice admiral,Woshu Woshu no Mi,Armament Haki;Observation Haki,washing and drying targets,Marineford;Dressrosa,,,,,arc dressrosa,Is your character shown during the Dressrosa arc?,arc appearance,medium,https://onepiece.fandom.com/wiki/List_of_Canon_Characters
One Piece,Tsuru,Female,Marines,vice admiral,Woshu Woshu no Mi,Armament Haki;Observation Haki,washing and drying targets,Marineford;Dressrosa,,,,,arc marineford,Is your character shown during the Marineford arc?,arc appearance,medium,https://onepiece.fandom.com/wiki/List_of_Canon_Characters
One Piece,Tsuru,Female,Marines,vice admiral,Woshu Woshu no Mi,Armament Haki;Observation Haki,washing and drying targets,Marineford;Dressrosa,,,,,devil fruit user,Does your character use a Devil Fruit?,devil fruit,easy,https://onepiece.fandom.com/wiki/List_of_Canon_Characters
One Piece,Tsuru,Female,Marines,vice admiral,Woshu Woshu no Mi,Armament Haki;Observation Haki,washing and drying targets,Marineford;Dressrosa,,,,,devil fruit woshu woshu no mi,Does your character use Woshu Woshu no Mi?,devil fruit,medium,https://onepiece.fandom.com/wiki/List_of_Canon_Characters
One Piece,Tsuru,Female,Marines,vice admiral,Woshu Woshu no Mi,Armament Haki;Observation Haki,washing and drying targets,Marineford;Dressrosa,,,,,has devil fruit,Does your character have a Devil Fruit power?,devil fruit,easy,https://onepiece.fandom.com/wiki/List_of_Canon_Characters
One Piece,Tsuru,Female,Marines,vice admiral,Woshu Woshu no Mi,Armament Haki;Observation Haki,washing and drying targets,Marineford;Dressrosa,,,,,fighting style washing and drying targets,Does your character use washing and drying targets?,fighting style,medium,https://onepiece.fandom.com/wiki/List_of_Canon_Characters
One Piece,Tsuru,Female,Marines,vice admiral,Woshu Woshu no Mi,Armament Haki;Observation Haki,washing and drying targets,Marineford;Dressrosa,,,,,gender female,Is your character female?,gender,easy,https://onepiece.fandom.com/wiki/List_of_Canon_Characters
One Piece,Tsuru,Female,Marines,vice admiral,Woshu Woshu no Mi,Armament Haki;Observation Haki,washing and drying targets,Marineford;Dressrosa,,,,,armament haki,Does your character use Armament Haki?,haki,easy,https://onepiece.fandom.com/wiki/List_of_Canon_Characters
One Piece,Tsuru,Female,Marines,vice admiral,Woshu Woshu no Mi,Armament Haki;Observation Haki,washing and drying targets,Marineford;Dressrosa,,,,,observation haki,Does your character use Observation Haki?,haki,easy,https://onepiece.fandom.com/wiki/List_of_Canon_Characters
One Piece,Tsuru,Female,Marines,vice admiral,Woshu Woshu no Mi,Armament Haki;Observation Haki,washing and drying targets,Marineford;Dressrosa,,,,,uses haki,Does your character use Haki?,haki,easy,https://onepiece.fandom.com/wiki/List_of_Canon_Characters
One Piece,Tsuru,Female,Marines,vice admiral,Woshu Woshu no Mi,Armament Haki;Observation Haki,washing and drying targets,Marineford;Dressrosa,,,,,role vice admiral,Is your character a vice admiral?,role,easy,https://onepiece.fandom.com/wiki/List_of_Canon_Characters
One Piece,Tsuru,Female,Marines,vice admiral,Woshu Woshu no Mi,Armament Haki;Observation Haki,washing and drying targets,Marineford;Dressrosa,,,,,signature tsuru,Is your character the elderly female vice admiral who can wash and hang criminals like laundry?,signature fact,hard,https://onepiece.fandom.com/wiki/List_of_Canon_Characters
One Piece,Urouge,Male,Fallen Monk Pirates,pirate captain,,,strength enhancement,Sabaody;Whole Cake Island,,,,,affiliation fallen monk pirates,Is your character affiliated with Fallen Monk Pirates?,affiliation,easy,https://onepiece.fandom.com/wiki/List_of_Canon_Characters
One Piece,Urouge,Male,Fallen Monk Pirates,pirate captain,,,strength enhancement,Sabaody;Whole Cake Island,,,,,arc sabaody archipelago,Is your character shown during the Sabaody Archipelago arc?,arc appearance,medium,https://onepiece.fandom.com/wiki/List_of_Canon_Characters
One Piece,Urouge,Male,Fallen Monk Pirates,pirate captain,,,strength enhancement,Sabaody;Whole Cake Island,,,,,arc whole cake island,Is your character shown during the Whole Cake Island arc?,arc appearance,medium,https://onepiece.fandom.com/wiki/List_of_Canon_Characters
One Piece,Urouge,Male,Fallen Monk Pirates,pirate captain,,,strength enhancement,Sabaody;Whole Cake Island,,,,,fighting style strength enhancement,Does your character use strength enhancement?,fighting style,medium,https://onepiece.fandom.com/wiki/List_of_Canon_Characters
One Piece,Urouge,Male,Fallen Monk Pirates,pirate captain,,,strength enhancement,Sabaody;Whole Cake Island,,,,,gender male,Is your character male?,gender,easy,https://onepiece.fandom.com/wiki/List_of_Canon_Characters
One Piece,Urouge,Male,Fallen Monk Pirates,pirate captain,,,strength enhancement,Sabaody;Whole Cake Island,,,,,role pirate captain,Is your character a pirate captain?,role,easy,https://onepiece.fandom.com/wiki/List_of_Canon_Characters
One Piece,Urouge,Male,Fallen Monk Pirates,pirate captain,,,strength enhancement,Sabaody;Whole Cake Island,,,,,signature urouge,Is your character the winged pirate captain known as the Mad Monk?,signature fact,hard,https://onepiece.fandom.com/wiki/List_of_Canon_Characters
One Piece,Urouge,Male,Fallen Monk Pirates,pirate captain,,,strength enhancement,Sabaody;Whole Cake Island,,,,,species birkan,Is your character a birkan?,species,easy,https://onepiece.fandom.com/wiki/List_of_Canon_Characters
One Piece,Usopp,Male,Straw Hat Pirates,Sniper,None,Observation,Slingshot,"Water 7, Dressrosa",,,,,affiliation straw hat pirates,Is your character affiliated with Straw Hat Pirates?,affiliation,easy,User-provided One Piece table dated 2025-11-02
One Piece,Usopp,Male,Straw Hat Pirates,Sniper,None,Observation,Slingshot,"Water 7, Dressrosa",,,,,arc dressrosa,Is your character shown during the Dressrosa arc?,arc appearance,medium,User-provided One Piece table dated 2025-11-02
One Piece,Usopp,Male,Straw Hat Pirates,Sniper,None,Observation,Slingshot,"Water 7, Dressrosa",,,,,arc water 7,Is your character shown during the Water 7 arc?,arc appearance,medium,User-provided One Piece table dated 2025-11-02
One Piece,Usopp,Male,Straw Hat Pirates,Sniper,None,Observation,Slingshot,"Water 7, Dressrosa",,,,,fighting style slingshot,Does your character fight with a slingshot?,fighting style,medium,User-provided One Piece table dated 2025-11-02
One Piece,Usopp,Male,Straw Hat Pirates,Sniper,None,Observation,Slingshot,"Water 7, Dressrosa",,,,,gender male,Is your character male?,gender,easy,User-provided One Piece table dated 2025-11-02
One Piece,Usopp,Male,Straw Hat Pirates,Sniper,None,Observation,Slingshot,"Water 7, Dressrosa",,,,,observation haki,Does your character use Observation Haki?,haki,easy,User-provided One Piece table dated 2025-11-02
One Piece,Usopp,Male,Straw Hat Pirates,Sniper,None,Observation,Slingshot,"Water 7, Dressrosa",,,,,uses haki,Does your character use Haki?,haki,easy,User-provided One Piece table dated 2025-11-02
One Piece,Usopp,Male,Straw Hat Pirates,Sniper,None,Observation,Slingshot,"Water 7, Dressrosa",,,,,role sniper,Is your character a sniper?,role,easy,User-provided One Piece table dated 2025-11-02
One Piece,Usopp,Male,Straw Hat Pirates,Sniper,None,Observation,Slingshot,"Water 7, Dressrosa",,,,,signature usopp,Is your character the Straw Hat sniper who fights with a slingshot?,signature fact,medium,User-provided One Piece table dated 2025-11-02
One Piece,Vander Decken IX,Male,Flying Pirates,pirate captain,Mato Mato no Mi,,throwing marked objects,Fish-Man Island,,,,,affiliation flying pirates,Is your character affiliated with Flying Pirates?,affiliation,easy,https://onepiece.fandom.com/wiki/List_of_Canon_Characters
One Piece,Vander Decken IX,Male,Flying Pirates,pirate captain,Mato Mato no Mi,,throwing marked objects,Fish-Man Island,,,,,arc fish-man island,Is your character shown during the Fish-Man Island arc?,arc appearance,medium,https://onepiece.fandom.com/wiki/List_of_Canon_Characters
One Piece,Vander Decken IX,Male,Flying Pirates,pirate captain,Mato Mato no Mi,,throwing marked objects,Fish-Man Island,,,,,devil fruit mato mato no mi,Does your character use Mato Mato no Mi?,devil fruit,medium,https://onepiece.fandom.com/wiki/List_of_Canon_Characters
One Piece,Vander Decken IX,Male,Flying Pirates,pirate captain,Mato Mato no Mi,,throwing marked objects,Fish-Man Island,,,,,devil fruit user,Does your character use a Devil Fruit?,devil fruit,easy,https://onepiece.fandom.com/wiki/List_of_Canon_Characters
One Piece,Vander Decken IX,Male,Flying Pirates,pirate captain,Mato Mato no Mi,,throwing marked objects,Fish-Man Island,,,,,has devil fruit,Does your character have a Devil Fruit power?,devil fruit,easy,https://onepiece.fandom.com/wiki/List_of_Canon_Characters
One Piece,Vander Decken IX,Male,Flying Pirates,pirate captain,Mato Mato no Mi,,throwing marked objects,Fish-Man Island,,,,,fighting style throwing marked objects,Does your character use throwing marked objects?,fighting style,medium,https://onepiece.fandom.com/wiki/List_of_Canon_Characters
One Piece,Vander Decken IX,Male,Flying Pirates,pirate captain,Mato Mato no Mi,,throwing marked objects,Fish-Man Island,,,,,gender male,Is your character male?,gender,easy,https://onepiece.fandom.com/wiki/List_of_Canon_Characters
One Piece,Vander Decken IX,Male,Flying Pirates,pirate captain,Mato Mato no Mi,,throwing marked objects,Fish-Man Island,,,,,role pirate captain,Is your character a pirate captain?,role,easy,https://onepiece.fandom.com/wiki/List_of_Canon_Characters
One Piece,Vander Decken IX,Male,Flying Pirates,pirate captain,Mato Mato no Mi,,throwing marked objects,Fish-Man Island,,,,,signature vander decken ix,Is your character the fish-man pirate captain who can make thrown objects chase marked targets?,signature fact,hard,https://onepiece.fandom.com/wiki/List_of_Canon_Characters
One Piece,Vander Decken IX,Male,Flying Pirates,pirate captain,Mato Mato no Mi,,throwing marked objects,Fish-Man Island,,,,,species japanese bullhead shark fish-man,Is your character a Japanese bullhead shark fish-man?,species,easy,https://onepiece.fandom.com/wiki/List_of_Canon_Characters
One Piece,Vista,Male,Whitebeard Pirates,pirate commander,,Armament Haki;Observation Haki,two swords,Marineford,,,,,affiliation whitebeard pirates,Is your character affiliated with Whitebeard Pirates?,affiliation,easy,https://onepiece.fandom.com/wiki/List_of_Canon_Characters
One Piece,Vista,Male,Whitebeard Pirates,pirate commander,,Armament Haki;Observation Haki,two swords,Marineford,,,,,arc marineford,Is your character shown during the Marineford arc?,arc appearance,medium,https://onepiece.fandom.com/wiki/List_of_Canon_Characters
One Piece,Vista,Male,Whitebeard Pirates,pirate commander,,Armament Haki;Observation Haki,two swords,Marineford,,,,,fighting style two swords,Does your character use two swords?,fighting style,medium,https://onepiece.fandom.com/wiki/List_of_Canon_Characters
One Piece,Vista,Male,Whitebeard Pirates,pirate commander,,Armament Haki;Observation Haki,two swords,Marineford,,,,,gender male,Is your character male?,gender,easy,https://onepiece.fandom.com/wiki/List_of_Canon_Characters
One Piece,Vista,Male,Whitebeard Pirates,pirate commander,,Armament Haki;Observation Haki,two swords,Marineford,,,,,armament haki,Does your character use Armament Haki?,haki,easy,https://onepiece.fandom.com/wiki/List_of_Canon_Characters
One Piece,Vista,Male,Whitebeard Pirates,pirate commander,,Armament Haki;Observation Haki,two swords,Marineford,,,,,observation haki,Does your character use Observation Haki?,haki,easy,https://onepiece.fandom.com/wiki/List_of_Canon_Characters
One Piece,Vista,Male,Whitebeard Pirates,pirate commander,,Armament Haki;Observation Haki,two swords,Marineford,,,,,uses haki,Does your character use Haki?,haki,easy,https://onepiece.fandom.com/wiki/List_of_Canon_Characters
One Piece,Vista,Male,Whitebeard Pirates,pirate commander,,Armament Haki;Observation Haki,two swords,Marineford,,,,,role pirate commander,Is your character a pirate commander?,role,easy,https://onepiece.fandom.com/wiki/List_of_Canon_Characters
One Piece,Vista,Male,Whitebeard Pirates,pirate commander,,Armament Haki;Observation Haki,two swords,Marineford,,,,,signature vista,Is your character the mustached Whitebeard commander known for fighting with two swords?,signature fact,hard,https://onepiece.fandom.com/wiki/List_of_Canon_Characters
One Piece,Wapol,Male,Black Drum Kingdom,king and pirate,Baku Baku no Mi,,eating and merging objects,Drum Island;Reverie,,,,,affiliation black drum kingdom,Is your character affiliated with Black Drum Kingdom?,affiliation,easy,https://onepiece.fandom.com/wiki/List_of_Canon_Characters
One Piece,Wapol,Male,Black Drum Kingdom,king and pirate,Baku Baku no Mi,,eating and merging objects,Drum Island;Reverie,,,,,arc drum island,Is your character shown during the Drum Island arc?,arc appearance,medium,https://onepiece.fandom.com/wiki/List_of_Canon_Characters
One Piece,Wapol,Male,Black Drum Kingdom,king and pirate,Baku Baku no Mi,,eating and merging objects,Drum Island;Reverie,,,,,arc levely,Is your character shown during the Levely (Reverie) arc?,arc appearance,medium,https://onepiece.fandom.com/wiki/List_of_Canon_Characters
One Piece,Wapol,Male,Black Drum Kingdom,king and pirate,Baku Baku no Mi,,eating and merging objects,Drum Island;Reverie,,,,,devil fruit baku baku no mi,Does your character use Baku Baku no Mi?,devil fruit,medium,https://onepiece.fandom.com/wiki/List_of_Canon_Characters
One Piece,Wapol,Male,Black Drum Kingdom,king and pirate,Baku Baku no Mi,,eating and merging objects,Drum Island;Reverie,,,,,devil fruit user,Does your character use a Devil Fruit?,devil fruit,easy,https://onepiece.fandom.com/wiki/List_of_Canon_Characters
One Piece,Wapol,Male,Black Drum Kingdom,king and pirate,Baku Baku no Mi,,eating and merging objects,Drum Island;Reverie,,,,,has devil fruit,Does your character have a Devil Fruit power?,devil fruit,easy,https://onepiece.fandom.com/wiki/List_of_Canon_Characters
One Piece,Wapol,Male,Black Drum Kingdom,king and pirate,Baku Baku no Mi,,eating and merging objects,Drum Island;Reverie,,,,,fighting style eating and merging objects,Does your character use eating and merging objects?,fighting style,medium,https://onepiece.fandom.com/wiki/List_of_Canon_Characters
One Piece,Wapol,Male,Black Drum Kingdom,king and pirate,Baku Baku no Mi,,eating and merging objects,Drum Island;Reverie,,,,,gender male,Is your character male?,gender,easy,https://onepiece.fandom.com/wiki/List_of_Canon_Characters
One Piece,Wapol,Male,Black Drum Kingdom,king and pirate,Baku Baku no Mi,,eating and merging objects,Drum Island;Reverie,,,,,role king and pirate,Is your character a king and pirate?,role,easy,https://onepiece.fandom.com/wiki/List_of_Canon_Characters
One Piece,Wapol,Male,Black Drum Kingdom,king and pirate,Baku Baku no Mi,,eating and merging objects,Drum Island;Reverie,,,,,signature wapol,Is your character the king who uses the Baku Baku no Mi to eat and combine objects?,signature fact,hard,https://onepiece.fandom.com/wiki/List_of_Canon_Characters
One Piece,Wyper,Male,Shandia,warrior,,,bazooka and Reject Dial,Skypiea,,,,,affiliation shandia,Is your character affiliated with Shandia?,affiliation,easy,https://onepiece.fandom.com/wiki/List_of_Canon_Characters
One Piece,Wyper,Male,Shandia,warrior,,,bazooka and Reject Dial,Skypiea,,,,,arc skypiea,Is your character shown during the Skypiea arc?,arc appearance,medium,https://onepiece.fandom.com/wiki/List_of_Canon_Characters
One Piece,Wyper,Male,Shandia,warrior,,,bazooka and Reject Dial,Skypiea,,,,,fighting style bazooka and reject dial,Does your character use bazooka and Reject Dial?,fighting style,medium,https://onepiece.fandom.com/wiki/List_of_Canon_Characters
One Piece,Wyper,Male,Shandia,warrior,,,bazooka and Reject Dial,Skypiea,,,,,gender male,Is your character male?,gender,easy,https://onepiece.fandom.com/wiki/List_of_Canon_Characters
One Piece,Wyper,Male,Shandia,warrior,,,bazooka and Reject Dial,Skypiea,,,,,role warrior,Is your character a warrior?,role,easy,https://onepiece.fandom.com/wiki/List_of_Canon_Characters
One Piece,Wyper,Male,Shandia,warrior,,,bazooka and Reject Dial,Skypiea,,,,,signature wyper,Is your character the Shandian warrior who uses a bazooka and a Reject Dial?,signature fact,hard,https://onepiece.fandom.com/wiki/List_of_Canon_Characters
One Piece,Wyper,Male,Shandia,warrior,,,bazooka and Reject Dial,Skypiea,,,,,species shandian,Is your character a Shandian?,species,easy,https://onepiece.fandom.com/wiki/List_of_Canon_Characters
One Piece,X Drake,Male,SWORD / Beasts Pirates,Marine / Pirate,Ryu Ryu no Mi: Allosaurus,Armament,Dinosaur combat,Wano,,,,,affiliation sword beasts pirates,Is your character affiliated with SWORD / Beasts Pirates?,affiliation,easy,User-provided One Piece table dated 2025-11-02
One Piece,X Drake,Male,SWORD / Beasts Pirates,Marine / Pirate,Ryu Ryu no Mi: Allosaurus,Armament,Dinosaur combat,Wano,,,,,arc wano country,Is your character shown during the Wano Country arc?,arc appearance,medium,User-provided One Piece table dated 2025-11-02
One Piece,X Drake,Male,SWORD / Beasts Pirates,Marine / Pirate,Ryu Ryu no Mi: Allosaurus,Armament,Dinosaur combat,Wano,,,,,devil fruit ryu ryu no mi: allosaurus,Does your character use Ryu Ryu no Mi: Allosaurus?,devil fruit,medium,User-provided One Piece table dated 2025-11-02
One Piece,X Drake,Male,SWORD / Beasts Pirates,Marine / Pirate,Ryu Ryu no Mi: Allosaurus,Armament,Dinosaur combat,Wano,,,,,devil fruit user,Does your character use a Devil Fruit?,devil fruit,easy,User-provided One Piece table dated 2025-11-02
One Piece,X Drake,Male,SWORD / Beasts Pirates,Marine / Pirate,Ryu Ryu no Mi: Allosaurus,Armament,Dinosaur combat,Wano,,,,,has devil fruit,Does your character have a Devil Fruit power?,devil fruit,easy,User-provided One Piece table dated 2025-11-02
One Piece,X Drake,Male,SWORD / Beasts Pirates,Marine / Pirate,Ryu Ryu no Mi: Allosaurus,Armament,Dinosaur combat,Wano,,,,,fighting style dinosaur combat,Can your character transform into a dinosaur for combat?,fighting style,medium,User-provided One Piece table dated 2025-11-02
One Piece,X Drake,Male,SWORD / Beasts Pirates,Marine / Pirate,Ryu Ryu no Mi: Allosaurus,Armament,Dinosaur combat,Wano,,,,,gender male,Is your character male?,gender,easy,User-provided One Piece table dated 2025-11-02
One Piece,X Drake,Male,SWORD / Beasts Pirates,Marine / Pirate,Ryu Ryu no Mi: Allosaurus,Armament,Dinosaur combat,Wano,,,,,armament haki,Does your character use Armament Haki?,haki,easy,User-provided One Piece table dated 2025-11-02
One Piece,X Drake,Male,SWORD / Beasts Pirates,Marine / Pirate,Ryu Ryu no Mi: Allosaurus,Armament,Dinosaur combat,Wano,,,,,uses haki,Does your character use Haki?,haki,easy,User-provided One Piece table dated 2025-11-02
One Piece,X Drake,Male,SWORD / Beasts Pirates,Marine / Pirate,Ryu Ryu no Mi: Allosaurus,Armament,Dinosaur combat,Wano,,,,,role marine,Is your character a marine?,role,easy,User-provided One Piece table dated 2025-11-02
One Piece,X Drake,Male,SWORD / Beasts Pirates,Marine / Pirate,Ryu Ryu no Mi: Allosaurus,Armament,Dinosaur combat,Wano,,,,,role pirate,Is your character a pirate?,role,easy,User-provided One Piece table dated 2025-11-02
One Piece,X Drake,Male,SWORD / Beasts Pirates,Marine / Pirate,Ryu Ryu no Mi: Allosaurus,Armament,Dinosaur combat,Wano,,,,,signature x drake,Is your character a member of SWORD and the Beasts Pirates who transforms into an Allosaurus?,signature fact,medium,User-provided One Piece table dated 2025-11-02
One Piece,Yamato,Female,Allied with Straw Hats,Warrior,Inu Inu no Mi: Okuchi no Makami,All 3,Club combat,Wano,,,,,affiliation allied with straw hats,Is your character affiliated with Allied with Straw Hats?,affiliation,easy,User-provided One Piece table dated 2025-11-02
One Piece,Yamato,Female,Allied with Straw Hats,Warrior,Inu Inu no Mi: Okuchi no Makami,All 3,Club combat,Wano,,,,,arc wano country,Is your character shown during the Wano Country arc?,arc appearance,medium,User-provided One Piece table dated 2025-11-02
One Piece,Yamato,Female,Allied with Straw Hats,Warrior,Inu Inu no Mi: Okuchi no Makami,All 3,Club combat,Wano,,,,,devil fruit inu inu no mi: okuchi no makami,Does your character use Inu Inu no Mi: Okuchi no Makami?,devil fruit,medium,User-provided One Piece table dated 2025-11-02
One Piece,Yamato,Female,Allied with Straw Hats,Warrior,Inu Inu no Mi: Okuchi no Makami,All 3,Club combat,Wano,,,,,devil fruit user,Does your character use a Devil Fruit?,devil fruit,easy,User-provided One Piece table dated 2025-11-02
One Piece,Yamato,Female,Allied with Straw Hats,Warrior,Inu Inu no Mi: Okuchi no Makami,All 3,Club combat,Wano,,,,,has devil fruit,Does your character have a Devil Fruit power?,devil fruit,easy,User-provided One Piece table dated 2025-11-02
One Piece,Yamato,Female,Allied with Straw Hats,Warrior,Inu Inu no Mi: Okuchi no Makami,All 3,Club combat,Wano,,,,,fighting style club combat,Does your character fight with a club?,fighting style,medium,User-provided One Piece table dated 2025-11-02
One Piece,Yamato,Female,Allied with Straw Hats,Warrior,Inu Inu no Mi: Okuchi no Makami,All 3,Club combat,Wano,,,,,gender female,Is your character female?,gender,easy,User-provided One Piece table dated 2025-11-02
One Piece,Yamato,Female,Allied with Straw Hats,Warrior,Inu Inu no Mi: Okuchi no Makami,All 3,Club combat,Wano,,,,,all three haki types,Does your character use all three types of Haki?,haki,easy,User-provided One Piece table dated 2025-11-02
One Piece,Yamato,Female,Allied with Straw Hats,Warrior,Inu Inu no Mi: Okuchi no Makami,All 3,Club combat,Wano,,,,,armament haki,Does your character use Armament Haki?,haki,easy,User-provided One Piece table dated 2025-11-02
One Piece,Yamato,Female,Allied with Straw Hats,Warrior,Inu Inu no Mi: Okuchi no Makami,All 3,Club combat,Wano,,,,,conquerors haki,Does your character use Conqueror's Haki?,haki,easy,User-provided One Piece table dated 2025-11-02
One Piece,Yamato,Female,Allied with Straw Hats,Warrior,Inu Inu no Mi: Okuchi no Makami,All 3,Club combat,Wano,,,,,observation haki,Does your character use Observation Haki?,haki,easy,User-provided One Piece table dated 2025-11-02
One Piece,Yamato,Female,Allied with Straw Hats,Warrior,Inu Inu no Mi: Okuchi no Makami,All 3,Club combat,Wano,,,,,uses haki,Does your character use Haki?,haki,easy,User-provided One Piece table dated 2025-11-02
One Piece,Yamato,Female,Allied with Straw Hats,Warrior,Inu Inu no Mi: Okuchi no Makami,All 3,Club combat,Wano,,,,,role warrior,Is your character a warrior?,role,easy,User-provided One Piece table dated 2025-11-02
One Piece,Yamato,Female,Allied with Straw Hats,Warrior,Inu Inu no Mi: Okuchi no Makami,All 3,Club combat,Wano,,,,,signature yamato,Is your character a female warrior allied with the Straw Hats who uses the Okuchi no Makami Devil Fruit?,signature fact,medium,User-provided One Piece table dated 2025-11-02
One Piece,Zala,Female,Baroque Works,assassin,Toge Toge no Mi,,spike combat,Alabasta,,,,,affiliation baroque works,Is your character affiliated with Baroque Works?,affiliation,easy,https://onepiece.fandom.com/wiki/List_of_Canon_Characters
One Piece,Zala,Female,Baroque Works,assassin,Toge Toge no Mi,,spike combat,Alabasta,,,,,arc alabasta,Is your character shown during the Alabasta arc?,arc appearance,medium,https://onepiece.fandom.com/wiki/List_of_Canon_Characters
One Piece,Zala,Female,Baroque Works,assassin,Toge Toge no Mi,,spike combat,Alabasta,,,,,devil fruit toge toge no mi,Does your character use Toge Toge no Mi?,devil fruit,medium,https://onepiece.fandom.com/wiki/List_of_Canon_Characters
One Piece,Zala,Female,Baroque Works,assassin,Toge Toge no Mi,,spike combat,Alabasta,,,,,devil fruit user,Does your character use a Devil Fruit?,devil fruit,easy,https://onepiece.fandom.com/wiki/List_of_Canon_Characters
One Piece,Zala,Female,Baroque Works,assassin,Toge Toge no Mi,,spike combat,Alabasta,,,,,has devil fruit,Does your character have a Devil Fruit power?,devil fruit,easy,https://onepiece.fandom.com/wiki/List_of_Canon_Characters
One Piece,Zala,Female,Baroque Works,assassin,Toge Toge no Mi,,spike combat,Alabasta,,,,,fighting style spike combat,Does your character use spike combat?,fighting style,medium,https://onepiece.fandom.com/wiki/List_of_Canon_Characters
One Piece,Zala,Female,Baroque Works,assassin,Toge Toge no Mi,,spike combat,Alabasta,,,,,gender female,Is your character female?,gender,easy,https://onepiece.fandom.com/wiki/List_of_Canon_Characters
One Piece,Zala,Female,Baroque Works,assassin,Toge Toge no Mi,,spike combat,Alabasta,,,,,role assassin,Is your character a assassin?,role,easy,https://onepiece.fandom.com/wiki/List_of_Canon_Characters
One Piece,Zala,Female,Baroque Works,assassin,Toge Toge no Mi,,spike combat,Alabasta,,,,,signature zala,Is your character the female Baroque Works agent who creates spikes from her body?,signature fact,hard,https://onepiece.fandom.com/wiki/List_of_Canon_Characters
One Piece,Zeff,Male,Baratie / Cook Pirates,head chef and former pirate captain,,,leg combat,Baratie,,,,,affiliation baratie,Is your character affiliated with Baratie?,affiliation,easy,https://onepiece.fandom.com/wiki/List_of_Canon_Characters
One Piece,Zeff,Male,Baratie / Cook Pirates,head chef and former pirate captain,,,leg combat,Baratie,,,,,affiliation cook pirates,Is your character affiliated with Cook Pirates?,affiliation,easy,https://onepiece.fandom.com/wiki/List_of_Canon_Characters
One Piece,Zeff,Male,Baratie / Cook Pirates,head chef and former pirate captain,,,leg combat,Baratie,,,,,arc baratie,Is your character shown during the Baratie arc?,arc appearance,medium,https://onepiece.fandom.com/wiki/List_of_Canon_Characters
One Piece,Zeff,Male,Baratie / Cook Pirates,head chef and former pirate captain,,,leg combat,Baratie,,,,,fighting style leg combat,Does your character use leg combat?,fighting style,medium,https://onepiece.fandom.com/wiki/List_of_Canon_Characters
One Piece,Zeff,Male,Baratie / Cook Pirates,head chef and former pirate captain,,,leg combat,Baratie,,,,,gender male,Is your character male?,gender,easy,https://onepiece.fandom.com/wiki/List_of_Canon_Characters
One Piece,Zeff,Male,Baratie / Cook Pirates,head chef and former pirate captain,,,leg combat,Baratie,,,,,role head chef and former pirate captain,Is your character a head chef and former pirate captain?,role,easy,https://onepiece.fandom.com/wiki/List_of_Canon_Characters
One Piece,Zeff,Male,Baratie / Cook Pirates,head chef and former pirate captain,,,leg combat,Baratie,,,,,signature zeff,Is your character the one-legged head chef of the Baratie and former captain of the Cook Pirates?,signature fact,hard,https://onepiece.fandom.com/wiki/List_of_Canon_Characters
Haikyuu!!,Akira Kunimi,Male,Aoba Johsai High,wing spiker,,,,,Aoba Johsai High,wing spiker,1st year,,gender male,Is your character male?,gender,easy,https://haikyuu.fandom.com/wiki/Akira_Kunimi
Haikyuu!!,Aran Ojiro,Male,Inarizaki High,wing spiker,,,,,Inarizaki High,wing spiker,3rd year,ace,gender male,Is your character male?,gender,easy,https://haikyuu.fandom.com/wiki/Aran_Ojiro
Haikyuu!!,Asahi Azumane,Male,Karasuno High,wing spiker,,,,,Karasuno High,wing spiker,3rd year,ace,gender male,Is your character male?,gender,easy,https://haikyuu.fandom.com/wiki/Asahi_Azumane
Haikyuu!!,Atsumu Miya,Male,Inarizaki High,setter,,,,,Inarizaki High,setter,2nd year,,gender male,Is your character male?,gender,easy,https://haikyuu.fandom.com/wiki/Atsumu_Miya
Haikyuu!!,Chikara Ennoshita,Male,Karasuno High,wing spiker,,,,,Karasuno High,wing spiker,2nd year,,gender male,Is your character male?,gender,easy,https://haikyuu.fandom.com/wiki/Chikara_Ennoshita
Haikyuu!!,Daichi Sawamura,Male,Karasuno High,wing spiker,,,,,Karasuno High,wing spiker,3rd year,captain,gender male,Is your character male?,gender,easy,https://haikyuu.fandom.com/wiki/Daichi_Sawamura
Haikyuu!!,Eita Semi,Male,Shiratorizawa Academy,setter,,,,,Shiratorizawa Academy,setter,3rd year,,gender male,Is your character male?,gender,easy,https://haikyuu.fandom.com/wiki/Eita_Semi
Haikyuu!!,Hajime Iwaizumi,Male,Aoba Johsai High,wing spiker,,,,,Aoba Johsai High,wing spiker,3rd year,vice captain; ace,gender male,Is your character male?,gender,easy,https://haikyuu.fandom.com/wiki/Hajime_Iwaizumi
Haikyuu!!,Hayato Yamagata,Male,Shiratorizawa Academy,libero,,,,,Shiratorizawa Academy,libero,3rd year,,gender male,Is your character male?,gender,easy,https://haikyuu.fandom.com/wiki/Hayato_Yamagata
Haikyuu!!,Heisuke Riseki,Male,Inarizaki High,wing spiker,,,,,Inarizaki High,wing spiker,1st year,,gender male,Is your character male?,gender,easy,https://haikyuu.fandom.com/wiki/Heisuke_Riseki
Haikyuu!!,Hisashi Kinoshita,Male,Karasuno High,wing spiker,,,,,Karasuno High,wing spiker,2nd year,,gender male,Is your character male?,gender,easy,https://haikyuu.fandom.com/wiki/Hisashi_Kinoshita
Haikyuu!!,Hitoshi Ginjima,Male,Inarizaki High,wing spiker,,,,,Inarizaki High,wing spiker,2nd year,,gender male,Is your character male?,gender,easy,https://haikyuu.fandom.com/wiki/Hitoshi_Ginjima
Haikyuu!!,Issei Matsukawa,Male,Aoba Johsai High,middle blocker,,,,,Aoba Johsai High,middle blocker,3rd year,,gender male,Is your character male?,gender,easy,https://haikyuu.fandom.com/wiki/Issei_Matsukawa
Haikyuu!!,Kazuhito Narita,Male,Karasuno High,middle blocker,,,,,Karasuno High,middle blocker,2nd year,,gender male,Is your character male?,gender,easy,https://haikyuu.fandom.com/wiki/Kazuhito_Narita
Haikyuu!!,Kei Tsukishima,Male,Karasuno High,middle blocker,,,,,Karasuno High,middle blocker,1st year,,gender male,Is your character male?,gender,easy,https://haikyuu.fandom.com/wiki/Kei_Tsukishima
Haikyuu!!,Kenjiro Shirabu,Male,Shiratorizawa Academy,setter,,,,,Shiratorizawa Academy,setter,2nd year,,gender male,Is your character male?,gender,easy,https://haikyuu.fandom.com/wiki/Kenjiro_Shirabu
Haikyuu!!,Kenma Kozume,Male,Nekoma High,setter,,,,,Nekoma High,setter,2nd year,,gender male,Is your character male?,gender,easy,https://haikyuu.fandom.com/wiki/Kenma_Kozume
Haikyuu!!,Kentaro Kyotani,Male,Aoba Johsai High,wing spiker,,,,,Aoba Johsai High,wing spiker,2nd year,,gender male,Is your character male?,gender,easy,https://haikyuu.fandom.com/wiki/Kentaro_Kyotani
Haikyuu!!,Koshi Sugawara,Male,Karasuno High,setter,,,,,Karasuno High,setter,3rd year,vice captain,gender male,Is your character male?,gender,easy,https://haikyuu.fandom.com/wiki/Koshi_Sugawara
Haikyuu!!,Lev Haiba,Male,Nekoma High,middle blocker,,,,,Nekoma High,middle blocker,1st year,,gender male,Is your character male?,gender,easy,https://haikyuu.fandom.com/wiki/Lev_Haiba
Haikyuu!!,Michinari Akagi,Male,Inarizaki High,libero,,,,,Inarizaki High,libero,3rd year,,gender male,Is your character male?,gender,easy,https://haikyuu.fandom.com/wiki/Michinari_Akagi
Haikyuu!!,Morisuke Yaku,Male,Nekoma High,libero,,,,,Nekoma High,libero,3rd year,,gender male,Is your character male?,gender,easy,https://haikyuu.fandom.com/wiki/Morisuke_Yaku
Haikyuu!!,Nobuyuki Kai,Male,Nekoma High,wing spiker,,,,,Nekoma High,wing spiker,3rd year,vice captain,gender male,Is your character male?,gender,easy,https://haikyuu.fandom.com/wiki/Nobuyuki_Kai
Haikyuu!!,Osamu Miya,Male,Inarizaki High,wing spiker,,,,,Inarizaki High,wing spiker,2nd year,,gender male,Is your character male?,gender,easy,https://haikyuu.fandom.com/wiki/Osamu_Miya
Haikyuu!!,Ren Omimi,Male,Inarizaki High,middle blocker,,,,,Inarizaki High,middle blocker,3rd year,,gender male,Is your character male?,gender,easy,https://haikyuu.fandom.com/wiki/Ren_Omimi
Haikyuu!!,Reon Ohira,Male,Shiratorizawa Academy,wing spiker,,,,,Shiratorizawa Academy,wing spiker,3rd year,vice captain,gender male,Is your character male?,gender,easy,https://haikyuu.fandom.com/wiki/Reon_Ohira
Haikyuu!!,Rintaro Suna,Male,Inarizaki High,middle blocker,,,,,Inarizaki High,middle blocker,2nd year,,gender male,Is your character male?,gender,easy,https://haikyuu.fandom.com/wiki/Rintaro_Suna
Haikyuu!!,Ryunosuke Tanaka,Male,Karasuno High,wing spiker,,,,,Karasuno High,wing spiker,2nd year,,gender male,Is your character male?,gender,easy,https://haikyuu.fandom.com/wiki/Ryunosuke_Tanaka
Haikyuu!!,Satori Tendo,Male,Shiratorizawa Academy,middle blocker,,,,,Shiratorizawa Academy,middle blocker,3rd year,,gender male,Is your character male?,gender,easy,https://haikyuu.fandom.com/wiki/Satori_Tendo
Haikyuu!!,Shigeru Yahaba,Male,Aoba Johsai High,setter,,,,,Aoba Johsai High,setter,2nd year,,gender male,Is your character male?,gender,easy,https://haikyuu.fandom.com/wiki/Shigeru_Yahaba
Haikyuu!!,Shinji Watari,Male,Aoba Johsai High,libero,,,,,Aoba Johsai High,libero,2nd year,,gender male,Is your character male?,gender,easy,https://haikyuu.fandom.com/wiki/Shinji_Watari
Haikyuu!!,Shinsuke Kita,Male,Inarizaki High,wing spiker,,,,,Inarizaki High,wing spiker,3rd year,captain,gender male,Is your character male?,gender,easy,https://haikyuu.fandom.com/wiki/Shinsuke_Kita
Haikyuu!!,Shohei Fukunaga,Male,Nekoma High,wing spiker,,,,,Nekoma High,wing spiker,2nd year,,gender male,Is your character male?,gender,easy,https://haikyuu.fandom.com/wiki/Shohei_Fukunaga
Haikyuu!!,Shoyo Hinata,Male,Karasuno High,middle blocker,,,,,Karasuno High,middle blocker,1st year,,gender male,Is your character male?,gender,easy,https://haikyuu.fandom.com/wiki/Shoyo_Hinata
Haikyuu!!,So Inuoka,Male,Nekoma High,wing spiker,,,,,Nekoma High,wing spiker,1st year,,gender male,Is your character male?,gender,easy,https://haikyuu.fandom.com/wiki/So_Inuoka
Haikyuu!!,Tadashi Yamaguchi,Male,Karasuno High,middle blocker,,,,,Karasuno High,middle blocker,1st year,,gender male,Is your character male?,gender,easy,https://haikyuu.fandom.com/wiki/Tadashi_Yamaguchi
Haikyuu!!,Taichi Kawanishi,Male,Shiratorizawa Academy,middle blocker,,,,,Shiratorizawa Academy,middle blocker,2nd year,,gender male,Is your character male?,gender,easy,https://haikyuu.fandom.com/wiki/Taichi_Kawanishi
Haikyuu!!,Takahiro Hanamaki,Male,Aoba Johsai High,wing spiker,,,,,Aoba Johsai High,wing spiker,3rd year,,gender male,Is your character male?,gender,easy,https://haikyuu.fandom.com/wiki/Takahiro_Hanamaki
Haikyuu!!,Taketora Yamamoto,Male,Nekoma High,wing spiker,,,,,Nekoma High,wing spiker,2nd year,ace,gender male,Is your character male?,gender,easy,https://haikyuu.fandom.com/wiki/Taketora_Yamamoto
Haikyuu!!,Tamahiko Teshiro,Male,Nekoma High,setter,,,,,Nekoma High,setter,1st year,,gender male,Is your character male?,gender,easy,https://haikyuu.fandom.com/wiki/Tamahiko_Teshiro
Haikyuu!!,Tetsuro Kuroo,Male,Nekoma High,middle blocker,,,,,Nekoma High,middle blocker,3rd year,captain,gender male,Is your character male?,gender,easy,https://haikyuu.fandom.com/wiki/Tetsuro_Kuroo
Haikyuu!!,Tobio Kageyama,Male,Karasuno High,setter,,,,,Karasuno High,setter,1st year,,gender male,Is your character male?,gender,easy,https://haikyuu.fandom.com/wiki/Tobio_Kageyama
Haikyuu!!,Toru Oikawa,Male,Aoba Johsai High,setter,,,,,Aoba Johsai High,setter,3rd year,captain,gender male,Is your character male?,gender,easy,https://haikyuu.fandom.com/wiki/Toru_Oikawa
Haikyuu!!,Tsutomu Goshiki,Male,Shiratorizawa Academy,wing spiker,,,,,Shiratorizawa Academy,wing spiker,1st year,,gender male,Is your character male?,gender,easy,https://haikyuu.fandom.com/wiki/Tsutomu_Goshiki
Haikyuu!!,Wakatoshi Ushijima,Male,Shiratorizawa Academy,wing spiker,,,,,Shiratorizawa Academy,wing spiker,3rd year,captain; ace,gender male,Is your character male?,gender,easy,https://haikyuu.fandom.com/wiki/Wakatoshi_Ushijima
Haikyuu!!,Yu Nishinoya,Male,Karasuno High,libero,,,,,Karasuno High,libero,2nd year,,gender male,Is your character male?,gender,easy,https://haikyuu.fandom.com/wiki/Yu_Nishinoya
Haikyuu!!,Yuki Shibayama,Male,Nekoma High,libero,,,,,Nekoma High,libero,1st year,,gender male,Is your character male?,gender,easy,https://haikyuu.fandom.com/wiki/Yuki_Shibayama
Haikyuu!!,Yusho Sagae,Male,Shiratorizawa Academy,wing spiker,,,,,Shiratorizawa Academy,wing spiker,1st year,,gender male,Is your character male?,gender,easy,https://haikyuu.fandom.com/wiki/Yusho_Sagae
Haikyuu!!,Yutaro Kindaichi,Male,Aoba Johsai High,middle blocker,,,,,Aoba Johsai High,middle blocker,1st year,,gender male,Is your character male?,gender,easy,https://haikyuu.fandom.com/wiki/Yutaro_Kindaichi
Haikyuu!!,Yuto Kosaku,Male,Inarizaki High,wing spiker,,,,,Inarizaki High,wing spiker,2nd year,,gender male,Is your character male?,gender,easy,https://haikyuu.fandom.com/wiki/Yuto_Kosaku
